WDOFUT;30/12/2010;4641,67;4641,67;4613,95;4613,95;54770530,69;2370
WDOFUT;29/12/2010;4679,08;4688,77;4647,21;4654,14;170146602,10;7294
WDOFUT;28/12/2010;4672,15;4691,55;4654,14;4688,77;141971366,80;6072
WDOFUT;27/12/2010;4704,02;4704,02;4672,15;4673,53;97222302,81;4149
WDOFUT;23/12/2010;4712,33;4722,03;4690,16;4692,93;91409392,68;3884
WDOFUT;22/12/2010;4704,02;4726,19;4699,86;4720,64;160835067,70;6824
WDOFUT;21/12/2010;4733,11;4733,11;4705,40;4710,94;146438277,10;6213
WDOFUT;20/12/2010;4763,60;4763,60;4741,43;4741,43;116667729,10;4913
WDOFUT;17/12/2010;4722,03;4774,68;4722,03;4766,37;168137329,00;7070
WDOFUT;16/12/2010;4737,27;4760,82;4726,19;4733,11;147394654,20;6223
WDOFUT;15/12/2010;4728,96;4758,05;4713,72;4758,05;154259670,50;6525
WDOFUT;14/12/2010;4709,56;4730,34;4699,86;4722,03;171234934,10;7260
WDOFUT;13/12/2010;4738,66;4760,82;4716,49;4716,49;117368537,50;4951
WDOFUT;10/12/2010;4748,35;4792,69;4741,43;4755,28;221403336,50;9285
WDOFUT;09/12/2010;4706,79;4777,45;4702,63;4763,60;243441763,50;10267
WDOFUT;08/12/2010;4697,09;4728,96;4681,85;4708,17;154857634,80;6584
WDOFUT;07/12/2010;4659,68;4691,55;4651,36;4690,16;168434139,20;7203
WDOFUT;06/12/2010;4716,49;4719,26;4669,38;4669,38;147379482,20;6279
WDOFUT;03/12/2010;4727,57;4746,97;4697,09;4704,02;149990301,20;6354
WDOFUT;02/12/2010;4751,13;4763,60;4733,11;4733,11;130907416,70;5512
WDOFUT;01/12/2010;4758,05;4770,52;4751,13;4759,44;144091728,10;6053
WDOFUT;30/11/2010;4784,39;4805,29;4778,81;4782,99;50904032,40;2126
WDOFUT;29/11/2010;4815,04;4835,94;4784,39;4792,75;254634574,90;10579
WDOFUT;26/11/2010;4840,12;4845,69;4805,29;4817,82;152564657,60;6329
WDOFUT;25/11/2010;4810,86;4812,25;4789,96;4799,71;40614876,41;1693
WDOFUT;24/11/2010;4831,76;4834,54;4795,53;4801,11;180497731,60;7506
WDOFUT;23/11/2010;4830,36;4854,05;4809,47;4844,30;245761591,90;10163
WDOFUT;22/11/2010;4784,39;4830,36;4773,24;4803,89;203158032,20;8449
WDOFUT;19/11/2010;4778,81;4815,04;4773,24;4787,17;150678175,40;6281
WDOFUT;18/11/2010;4796,93;4806,68;4778,81;4780,21;161073273,40;6721
WDOFUT;17/11/2010;4847,08;4866,59;4816,43;4824,79;187482574,50;7755
WDOFUT;16/11/2010;4834,54;4869,37;4815,04;4867,98;240944108,40;9947
WDOFUT;12/11/2010;4809,47;4831,76;4788,57;4815,04;220191098,00;9158
WDOFUT;11/11/2010;4782,99;4820,61;4778,81;4799,71;182006757,10;7576
WDOFUT;10/11/2010;4767,67;4806,68;4755,13;4777,42;264994472,70;11080
WDOFUT;09/11/2010;4738,41;4766,27;4731,44;4762,10;181856579,80;7657
WDOFUT;08/11/2010;4725,87;4764,88;4725,87;4757,92;170935199,20;7195
WDOFUT;05/11/2010;4704,97;4717,51;4692,43;4704,97;212213550,60;9021
WDOFUT;04/11/2010;4725,87;4730,05;4677,11;4678,50;242739061,60;10321
WDOFUT;03/11/2010;4748,16;4778,81;4732,84;4739,80;309866945,00;13034
WDOFUT;01/11/2010;4760,70;4792,75;4746,77;4780,21;225784922,90;9455
WDOFUT;29/10/2010;4784,48;4797,10;4767,65;4770,45;78250755,12;3276
WDOFUT;28/10/2010;4806,91;4818,13;4781,67;4784,48;291902515,60;12157
WDOFUT;27/10/2010;4791,49;4840,57;4777,47;4832,15;290028022,80;12053
WDOFUT;26/10/2010;4759,24;4798,50;4756,43;4790,09;315457364,70;13189
WDOFUT;25/10/2010;4767,65;4808,32;4759,24;4763,44;213678592,60;8938
WDOFUT;22/10/2010;4766,25;4806,91;4745,21;4792,89;226213712,40;9479
WDOFUT;21/10/2010;4700,34;4783,07;4696,14;4764,85;366661443,80;15446
WDOFUT;20/10/2010;4700,34;4721,38;4694,73;4714,36;203551549,70;8646
WDOFUT;19/10/2010;4734,00;4777,47;4724,18;4736,80;424088007,40;17863
WDOFUT;18/10/2010;4698,94;4717,17;4665,29;4705,95;283998144,30;12119
WDOFUT;15/10/2010;4666,69;4691,93;4645,65;4686,32;226865976,00;9707
WDOFUT;14/10/2010;4637,24;4687,72;4627,43;4672,30;262109252,40;11228
WDOFUT;13/10/2010;4680,71;4683,52;4651,26;4655,47;204920236,90;8785
WDOFUT;11/10/2010;4680,71;4705,95;4680,71;4700,34;83001823,69;3539
WDOFUT;08/10/2010;4755,03;4764,85;4689,12;4691,93;248637702,90;10536
WDOFUT;07/10/2010;4721,38;4759,24;4701,74;4738,20;221738683,80;9370
WDOFUT;06/10/2010;4696,14;4763,44;4696,14;4735,40;402608558,50;17022
WDOFUT;05/10/2010;4799,90;4799,90;4690,53;4690,53;348158978,70;14691
WDOFUT;04/10/2010;4753,63;4801,30;4743,81;4788,68;152123468,20;6384
WDOFUT;01/10/2010;4748,02;4771,86;4722,78;4769,05;254849376,20;10742
WDOFUT;30/09/2010;4776,10;4781,72;4757,83;4760,64;80528336,11;3377
WDOFUT;29/09/2010;4791,55;4801,39;4780,31;4784,53;197823312,80;8258
WDOFUT;28/09/2010;4816,84;4816,84;4792,96;4799,98;198969976,20;8279
WDOFUT;27/09/2010;4808,41;4819,66;4802,79;4809,82;186492647,90;7752
WDOFUT;24/09/2010;4836,52;4847,76;4807,01;4816,84;268482660,40;11141
WDOFUT;23/09/2010;4847,76;4854,78;4826,68;4849,16;213737898,30;8830
WDOFUT;22/09/2010;4819,66;4853,38;4795,77;4837,92;238967816,20;9896
WDOFUT;21/09/2010;4874,46;4882,89;4815,44;4818,25;221682333,90;9129
WDOFUT;20/09/2010;4836,52;4888,51;4828,09;4887,10;142089692,40;5854
WDOFUT;17/09/2010;4825,28;4854,78;4823,87;4850,57;151736393,70;6274
WDOFUT;16/09/2010;4853,38;4860,40;4823,87;4823,87;170508732,50;7043
WDOFUT;15/09/2010;4809,82;4873,05;4809,82;4857,59;239205307,10;9873
WDOFUT;14/09/2010;4832,30;4839,33;4802,79;4816,84;194388149,30;8075
WDOFUT;13/09/2010;4842,14;4847,76;4822,47;4825,28;126971235,30;5248
WDOFUT;10/09/2010;4854,78;4860,40;4842,14;4853,38;148500016,30;6122
WDOFUT;09/09/2010;4867,43;4875,86;4854,78;4860,40;180654092,40;7428
WDOFUT;08/09/2010;4892,72;4895,53;4857,59;4873,05;161645702,90;6639
WDOFUT;06/09/2010;4887,10;4903,96;4868,84;4881,48;38340967,59;1572
WDOFUT;03/09/2010;4875,86;4905,37;4849,16;4899,75;199763146,70;8193
WDOFUT;02/09/2010;4932,07;4932,07;4875,86;4877,27;149047265,00;6075
WDOFUT;01/09/2010;4941,90;4944,71;4916,61;4933,47;156958981,80;6368
WDOFUT;31/08/2010;4989,82;4991,23;4964,35;4970,01;51433758,54;2069
WDOFUT;30/08/2010;4954,44;4986,99;4954,44;4985,57;155710920,40;6260
WDOFUT;27/08/2010;4985,57;4986,99;4953,02;4955,85;150274608,60;6051
WDOFUT;26/08/2010;4988,40;4994,06;4979,91;4994,06;125363140,60;5029
WDOFUT;25/08/2010;5012,46;5037,93;4995,48;4995,48;171078137,50;6828
WDOFUT;24/08/2010;5033,69;5066,24;4996,89;5015,29;181272416,30;7224
WDOFUT;23/08/2010;4972,84;5020,95;4965,76;5019,54;132078677,00;5287
WDOFUT;20/08/2010;5001,14;5006,80;4978,50;4984,16;131842148,90;5277
WDOFUT;19/08/2010;4979,91;5006,80;4977,08;4984,16;126797012,70;5078
WDOFUT;18/08/2010;4981,33;4981,33;4961,51;4975,67;122654367,10;4933
WDOFUT;17/08/2010;4974,25;4985,57;4968,59;4984,16;119437554,80;4800
WDOFUT;16/08/2010;5035,10;5035,10;4981,33;4982,74;167340536,00;6686
WDOFUT;13/08/2010;5036,52;5047,84;5020,95;5042,18;111515440,50;4431
WDOFUT;12/08/2010;5050,67;5059,16;5025,20;5030,86;181458982,50;7201
WDOFUT;11/08/2010;5018,12;5049,25;5012,46;5046,42;191326333,40;7605
WDOFUT;10/08/2010;4998,31;5016,71;4986,99;4989,82;152955149,80;6112
WDOFUT;09/08/2010;5001,14;5002,55;4977,08;4978,50;120487999,30;4829
WDOFUT;06/08/2010;4991,23;5016,71;4988,40;5011,05;196321712,90;7846
WDOFUT;05/08/2010;4982,74;5006,80;4982,74;4986,99;121831740,50;4877
WDOFUT;04/08/2010;5008,21;5018,12;4981,33;4992,65;184334135,20;7368
WDOFUT;03/08/2010;4994,06;5020,95;4988,40;5009,63;149423749,80;5966
WDOFUT;02/08/2010;4985,57;4996,89;4971,42;4992,65;167445327,90;6719
WDOFUT;30/07/2010;5014,61;5019,62;4998,27;5005,38;71037791,93;2837
WDOFUT;29/07/2010;5018,20;5040,97;5006,81;5015,35;245251389,10;9763
WDOFUT;28/07/2010;5029,59;5050,94;5006,81;5039,55;203445530,00;8085
WDOFUT;27/07/2010;5011,08;5050,94;5001,11;5035,28;133436763,00;5304
WDOFUT;26/07/2010;5038,13;5053,79;5025,32;5025,32;159304344,30;6323
WDOFUT;23/07/2010;5009,66;5056,63;5002,54;5056,63;240414381,00;9571
WDOFUT;22/07/2010;5050,94;5059,48;5011,08;5013,93;170197469,20;6768
WDOFUT;21/07/2010;5053,79;5092,22;5045,25;5080,84;178366617,00;7040
WDOFUT;20/07/2010;5130,66;5134,93;5053,79;5062,33;207770326,00;8178
WDOFUT;19/07/2010;5072,29;5120,70;5060,91;5119,27;157303713,70;6179
WDOFUT;16/07/2010;5046,67;5102,19;5032,43;5086,53;201945195,80;7955
WDOFUT;15/07/2010;5013,93;5077,99;5001,11;5032,43;216168140,00;8566
WDOFUT;14/07/2010;5019,62;5049,52;5013,93;5033,86;140769587,30;5592
WDOFUT;13/07/2010;5011,08;5025,32;4998,27;5018,20;167596961,20;6692
WDOFUT;12/07/2010;5031,01;5052,36;5023,89;5028,16;157973219,50;6272
WDOFUT;08/07/2010;5039,55;5075,14;5028,16;5032,43;187410639,40;7425
WDOFUT;07/07/2010;5103,61;5107,88;5042,40;5053,79;164786244,10;6510
WDOFUT;06/07/2010;5053,79;5107,88;5039,55;5096,50;186538391,40;7359
WDOFUT;05/07/2010;5073,72;5097,92;5065,18;5090,80;16693790,46;657
WDOFUT;02/07/2010;5124,97;5124,97;5066,60;5076,56;177199868,40;6963
WDOFUT;01/07/2010;5174,79;5190,45;5123,54;5136,36;279242449,10;10839
WDOFUT;30/06/2010;5170,50;5181,98;5157,58;5173,37;47087556,73;1821
WDOFUT;29/06/2010;5157,58;5219,32;5146,09;5209,27;281542615,50;10860
WDOFUT;28/06/2010;5123,11;5131,73;5100,14;5114,50;189939139,20;7426
WDOFUT;25/06/2010;5114,50;5140,35;5103,01;5113,06;177148610,90;6921
WDOFUT;24/06/2010;5164,75;5177,68;5114,50;5123,11;251342793,80;9775
WDOFUT;23/06/2010;5154,70;5199,21;5131,73;5138,91;278640172,80;10792
WDOFUT;22/06/2010;5105,88;5146,09;5069,99;5144,65;190946108,30;7486
WDOFUT;21/06/2010;5042,71;5108,76;5042,71;5091,53;157261613,70;6194
WDOFUT;18/06/2010;5123,11;5130,29;5090,09;5094,40;123007617,70;4816
WDOFUT;17/06/2010;5127,42;5159,01;5114,50;5125,99;147932670,00;5763
WDOFUT;16/06/2010;5169,06;5181,98;5128,86;5151,83;184517790,90;7163
WDOFUT;15/06/2010;5203,52;5206,39;5137,47;5150,40;128443525,40;4967
WDOFUT;14/06/2010;5169,06;5225,06;5167,63;5225,06;194586887,00;7483
WDOFUT;11/06/2010;5203,52;5240,85;5187,73;5220,75;152034988,40;5826
WDOFUT;10/06/2010;5289,67;5298,29;5207,83;5209,27;218538798,70;8334
WDOFUT;09/06/2010;5327,01;5345,67;5298,29;5342,80;247238953,40;9295
WDOFUT;08/06/2010;5393,05;5428,95;5347,11;5348,54;275651026,20;10229
WDOFUT;07/06/2010;5341,36;5440,44;5332,75;5440,44;162990040,10;6046
WDOFUT;04/06/2010;5309,78;5388,75;5283,93;5384,44;238671218,60;8954
WDOFUT;02/06/2010;5321,26;5341,36;5249,47;5249,47;236455471,40;8927
WDOFUT;01/06/2010;5298,29;5338,49;5248,03;5335,62;325910262,00;12339
WDOFUT;31/05/2010;5236,35;5266,76;5227,66;5259,52;30951308,93;1178
WDOFUT;28/05/2010;5250,83;5297,17;5234,90;5265,31;233547784,60;8862
WDOFUT;27/05/2010;5343,51;5353,65;5253,73;5259,52;364591052,00;13756
WDOFUT;26/05/2010;5323,24;5430,40;5305,86;5430,40;417747595,20;15577
WDOFUT;25/05/2010;5517,28;5552,04;5352,20;5352,20;367901523,40;13472
WDOFUT;24/05/2010;5408,68;5430,40;5340,61;5418,81;363127248,60;13508
WDOFUT;21/05/2010;5427,50;5520,18;5352,20;5372,47;352034808,00;12969
WDOFUT;20/05/2010;5410,12;5505,70;5375,37;5462,26;481799962,50;17689
WDOFUT;19/05/2010;5343,51;5395,64;5292,83;5300,07;374694711,40;14040
WDOFUT;18/05/2010;5198,70;5300,07;5169,74;5295,72;332055131,40;12686
WDOFUT;17/05/2010;5233,45;5326,13;5207,39;5230,56;320007751,80;12161
WDOFUT;14/05/2010;5122,44;5216,82;5108,14;5161,05;282474133,50;10947
WDOFUT;13/05/2010;5076,68;5112,43;5069,53;5096,70;172967896,80;6796
WDOFUT;12/05/2010;5113,86;5115,29;5075,25;5093,84;201960782,20;7934
WDOFUT;11/05/2010;5133,88;5145,32;5095,27;5145,32;244067652,60;9542
WDOFUT;10/05/2010;5133,88;5158,19;5083,83;5093,84;321264389,70;12547
WDOFUT;07/05/2010;5305,48;5388,43;5232,55;5285,46;517160953,10;19511
WDOFUT;06/05/2010;5176,78;5448,49;5159,62;5334,09;457381442,30;17287
WDOFUT;05/05/2010;5089,55;5173,92;5079,54;5156,76;304526086,70;11850
WDOFUT;04/05/2010;5008,03;5073,82;5000,88;5070,96;307014487,60;12178
WDOFUT;03/05/2010;4989,44;4996,59;4967,99;4967,99;154940110,70;6219
WDOFUT;30/04/2010;4976,24;5008,07;4976,24;5005,17;33173100,18;1328
WDOFUT;29/04/2010;5037,00;5037,00;4986,37;4993,60;214417258,80;8555
WDOFUT;28/04/2010;5106,43;5118,01;5057,25;5057,25;299509846,70;11775
WDOFUT;27/04/2010;5065,93;5132,47;5065,93;5132,47;263857384,40;10351
WDOFUT;26/04/2010;5060,14;5065,93;5047,12;5055,80;155763793,90;6163
WDOFUT;23/04/2010;5099,20;5120,90;5084,74;5089,08;169567297,30;6643
WDOFUT;22/04/2010;5091,97;5133,92;5089,08;5109,33;206718953,90;8087
WDOFUT;20/04/2010;5068,82;5083,29;5061,59;5073,16;160672929,40;6334
WDOFUT;19/04/2010;5115,11;5128,13;5080,40;5083,29;179677040,00;7048
WDOFUT;16/04/2010;5084,74;5123,79;5058,70;5099,20;294919639,20;11581
WDOFUT;15/04/2010;5087,63;5102,10;5028,32;5074,61;261158120,00;10319
WDOFUT;14/04/2010;5065,93;5080,40;5055,80;5071,72;184757392,90;7294
WDOFUT;13/04/2010;5102,10;5133,92;5078,95;5078,95;201163565,10;7873
WDOFUT;12/04/2010;5132,47;5139,71;5093,42;5093,42;146157172,40;5719
WDOFUT;09/04/2010;5154,17;5159,96;5122,35;5125,24;139844534,10;5435
WDOFUT;08/04/2010;5193,23;5200,46;5149,83;5174,42;156092363,30;6031
WDOFUT;07/04/2010;5113,67;5177,32;5097,76;5175,87;192807636,80;7511
WDOFUT;06/04/2010;5138,26;5148,39;5094,86;5096,31;113570075,40;4435
WDOFUT;05/04/2010;5126,69;5131,03;5100,65;5125,24;108970175,80;4259
WDOFUT;01/04/2010;5172,98;5178,76;5132,47;5139,71;146181207,40;5677
WDOFUT;31/03/2010;5200,57;5202,02;5180,18;5184,55;29919113,42;1153
WDOFUT;30/03/2010;5213,67;5241,33;5209,30;5212,21;163206613,00;6245
WDOFUT;29/03/2010;5276,27;5285,01;5228,23;5228,23;180285906,00;6851
WDOFUT;26/03/2010;5279,19;5334,51;5270,45;5311,22;191772567,50;7226
WDOFUT;25/03/2010;5223,86;5302,48;5220,95;5301,02;156969778,10;5973
WDOFUT;24/03/2010;5204,93;5254,43;5194,74;5252,98;190389263,70;7290
WDOFUT;23/03/2010;5232,60;5234,05;5178,73;5178,73;177515542,10;6831
WDOFUT;22/03/2010;5280,64;5287,92;5218,04;5219,49;166786158,30;6332
WDOFUT;19/03/2010;5241,33;5258,80;5218,04;5257,35;148431118,00;5663
WDOFUT;18/03/2010;5197,65;5232,60;5169,99;5226,77;219141110,80;8419
WDOFUT;17/03/2010;5177,27;5177,27;5136,50;5153,98;150439385,00;5844
WDOFUT;16/03/2010;5142,33;5172,90;5142,33;5159,80;161629365,30;6269
WDOFUT;15/03/2010;5162,71;5167,08;5142,33;5156,89;120670384,80;4681
WDOFUT;12/03/2010;5143,78;5168,54;5135,05;5149,61;147834545,30;5739
WDOFUT;11/03/2010;5174,36;5190,37;5153,98;5156,89;162886032,70;6295
WDOFUT;10/03/2010;5183,09;5209,30;5162,71;5177,27;218373350,40;8426
WDOFUT;09/03/2010;5252,98;5266,08;5191,83;5191,83;158964854,50;6075
WDOFUT;08/03/2010;5186,01;5239,88;5181,64;5229,68;187755276,30;7200
WDOFUT;05/03/2010;5223,86;5238,42;5199,11;5203,48;159541823,10;6117
WDOFUT;04/03/2010;5248,61;5255,89;5218,04;5236,96;204815009,00;7819
WDOFUT;03/03/2010;5235,51;5252,98;5197,65;5248,61;213456319,20;8170
WDOFUT;02/03/2010;5263,17;5263,17;5218,04;5250,07;147631960,50;5644
WDOFUT;01/03/2010;5305,39;5315,58;5258,80;5267,54;115497685,80;4378
WDOFUT;26/02/2010;5321,53;5330,31;5295,20;5295,20;39031764,41;1469
WDOFUT;25/02/2010;5359,56;5385,89;5331,77;5339,08;178285190,10;6645
WDOFUT;24/02/2010;5336,16;5347,86;5317,14;5342,01;195752316,00;7342
WDOFUT;23/02/2010;5321,53;5361,02;5309,83;5347,86;189967484,90;7121
WDOFUT;22/02/2010;5280,57;5311,29;5263,02;5303,98;170967844,60;6463
WDOFUT;19/02/2010;5344,93;5347,86;5274,72;5277,65;191313797,00;7206
WDOFUT;18/02/2010;5400,52;5400,52;5299,59;5306,90;231587300,60;8664
WDOFUT;17/02/2010;5385,89;5391,74;5352,25;5361,02;71297681,38;2654
WDOFUT;12/02/2010;5456,10;5494,14;5426,85;5448,79;75780492,86;2774
WDOFUT;11/02/2010;5418,07;5464,88;5397,59;5410,76;172903445,20;6363
WDOFUT;10/02/2010;5412,22;5469,27;5391,74;5450,25;257600836,30;9494
WDOFUT;09/02/2010;5470,73;5485,36;5400,52;5426,85;259843778,00;9556
WDOFUT;08/02/2010;5502,91;5546,80;5470,73;5502,91;260877973,10;9485
WDOFUT;05/02/2010;5527,79;5539,44;5444,79;5530,71;295467469,60;10756
WDOFUT;04/02/2010;5443,33;5548,18;5437,51;5489,93;467607156,40;17039
WDOFUT;03/02/2010;5335,57;5434,60;5316,64;5420,03;257955751,90;9596
WDOFUT;02/02/2010;5408,38;5417,12;5338,48;5353,05;202244948,40;7521
WDOFUT;01/02/2010;5527,79;5540,90;5404,01;5405,47;230074618,80;8403
WDOFUT;29/01/2010;5530,37;5554,05;5499,30;5551,09;49040637,72;1776
WDOFUT;28/01/2010;5483,02;5557,01;5460,82;5543,69;178696625,60;6484
WDOFUT;27/01/2010;5451,94;5536,29;5435,66;5502,26;218615439,30;7953
WDOFUT;26/01/2010;5404,58;5478,58;5404,58;5437,14;190098992,50;6981
WDOFUT;22/01/2010;5327,63;5431,22;5318,75;5409,02;220543115,70;8181
WDOFUT;21/01/2010;5318,75;5363,15;5284,71;5363,15;158137279,70;5945
WDOFUT;20/01/2010;5286,19;5321,71;5281,75;5306,91;138422466,50;5220
WDOFUT;19/01/2010;5262,51;5284,71;5250,67;5250,67;126672279,40;4811
WDOFUT;18/01/2010;5252,15;5275,83;5237,35;5243,27;71573122,40;2724
WDOFUT;15/01/2010;5253,63;5265,47;5229,95;5256,59;114791402,70;4374
WDOFUT;14/01/2010;5215,16;5261,03;5206,28;5215,16;164418279,30;6276
WDOFUT;13/01/2010;5179,64;5229,95;5161,88;5218,12;139290388,90;5361
WDOFUT;12/01/2010;5170,76;5192,96;5155,96;5188,52;121394546,20;4688
WDOFUT;11/01/2010;5108,60;5164,84;5090,84;5161,88;91563129,83;3564
WDOFUT;08/01/2010;5191,48;5206,28;5123,40;5132,28;125458401,60;4866
WDOFUT;07/01/2010;5169,28;5200,36;5155,96;5200,36;122689788,80;4738
WDOFUT;06/01/2010;5147,08;5169,28;5133,76;5138,20;107590062,80;4175
WDOFUT;05/01/2010;5120,44;5170,76;5107,12;5163,36;84819077,99;3303
WDOFUT;04/01/2010;5150,04;5160,40;5111,56;5129,32;60051756,98;2338
WDOFUT;30/12/2009;5215,30;5216,80;5188,44;5197,40;32547501,51;1252
WDOFUT;29/12/2009;5175,01;5210,83;5161,58;5192,92;81094480,28;3128
WDOFUT;28/12/2009;5231,72;5231,72;5175,01;5201,87;88630191,18;3410
WDOFUT;23/12/2009;5318,27;5322,74;5233,21;5252,61;83167440,38;3146
WDOFUT;22/12/2009;5318,27;5346,62;5313,79;5318,27;99813921,20;3747
WDOFUT;21/12/2009;5325,73;5351,10;5292,90;5337,67;91795783,51;3452
WDOFUT;18/12/2009;5324,24;5383,92;5316,77;5321,25;120443692,80;4502
WDOFUT;17/12/2009;5288,42;5371,99;5288,42;5333,19;171640657,60;6443
WDOFUT;16/12/2009;5236,19;5255,59;5222,76;5246,64;89303248,88;3409
WDOFUT;15/12/2009;5252,61;5288,42;5233,21;5243,66;104242333,30;3966
WDOFUT;14/12/2009;5245,15;5258,59;5213,81;5222,76;92395544,82;3529
WDOFUT;11/12/2009;5251,13;5294,41;5234,71;5275,01;129950992,40;4935
WDOFUT;10/12/2009;5254,11;5316,80;5245,15;5263,07;176897968,10;6693
WDOFUT;09/12/2009;5245,15;5319,79;5236,20;5283,96;159965858,80;6053
WDOFUT;08/12/2009;5185,45;5292,92;5183,96;5291,43;136398867,90;5203
WDOFUT;07/12/2009;5176,49;5224,26;5157,09;5194,40;104349884,70;4022
WDOFUT;04/12/2009;5130,22;5198,88;5100,37;5195,90;128778101,80;5000
WDOFUT;03/12/2009;5140,67;5146,64;5113,80;5134,70;124833586,00;4870
WDOFUT;02/12/2009;5164,55;5179,48;5152,61;5158,58;103513802,00;4008
WDOFUT;01/12/2009;5234,71;5243,66;5166,04;5167,54;130979760,60;5040
WDOFUT;30/11/2009;5217,83;5275,01;5214,82;5275,01;38626181,04;1471
WDOFUT;27/11/2009;5290,05;5300,58;5211,82;5240,40;120283904,00;4581
WDOFUT;26/11/2009;5219,34;5281,03;5210,31;5259,96;70647070,41;2695
WDOFUT;25/11/2009;5199,78;5228,37;5180,22;5189,25;114253228,50;4393
WDOFUT;24/11/2009;5202,79;5234,38;5184,73;5223,85;101702156,50;3905
WDOFUT;23/11/2009;5171,19;5216,33;5166,68;5208,81;91776829,98;3533
WDOFUT;19/11/2009;5205,80;5244,92;5186,24;5216,33;128794066,10;4941
WDOFUT;18/11/2009;5151,63;5210,31;5141,10;5210,31;145079688,30;5622
WDOFUT;17/11/2009;5190,75;5211,82;5160,66;5169,69;128115198,50;4944
WDOFUT;16/11/2009;5183,23;5187,74;5154,64;5165,17;112341512,30;4347
WDOFUT;13/11/2009;5220,84;5262,97;5178,72;5196,77;109808500,70;4205
WDOFUT;12/11/2009;5190,75;5253,94;5180,22;5241,91;147090277,10;5636
WDOFUT;11/11/2009;5145,61;5208,81;5133,58;5190,75;135873265,80;5253
WDOFUT;10/11/2009;5136,59;5190,75;5133,58;5160,66;140870507,80;5452
WDOFUT;09/11/2009;5157,65;5184,73;5130,57;5132,07;110480605,20;4296
WDOFUT;06/11/2009;5177,21;5222,35;5175,71;5199,78;103008066,90;3965
WDOFUT;05/11/2009;5229,87;5235,89;5190,75;5190,75;118367222,70;4542
WDOFUT;04/11/2009;5241,91;5247,93;5199,78;5199,78;122848075,10;4701
WDOFUT;03/11/2009;5357,76;5384,84;5253,94;5278,02;102729579,30;3864
WDOFUT;30/10/2009;5290,88;5356,58;5261,85;5335,19;24439157,68;926
WDOFUT;29/10/2009;5390,19;5432,97;5274,08;5295,47;145299995,10;5450
WDOFUT;28/10/2009;5353,52;5442,14;5295,47;5437,55;173326838,80;6478
WDOFUT;27/10/2009;5286,30;5341,30;5280,19;5338,25;110870304,60;4178
WDOFUT;26/10/2009;5231,30;5332,13;5206,85;5303,11;91697148,99;3480
WDOFUT;23/10/2009;5246,58;5264,91;5228,24;5243,52;47800689,49;1823
WDOFUT;22/10/2009;5310,74;5329,08;5255,74;5261,85;105057903,90;3968
WDOFUT;21/10/2009;5393,25;5411,58;5272,55;5316,86;123932872,50;4651
WDOFUT;20/10/2009;5316,86;5405,47;5298,52;5362,69;148678016,70;5559
WDOFUT;19/10/2009;5240,46;5266,44;5220,60;5263,38;57343827,20;2186
WDOFUT;16/10/2009;5252,69;5283,24;5220,60;5243,52;61657401,62;2351
WDOFUT;15/10/2009;5240,46;5252,69;5197,69;5214,49;52870143,60;2023
WDOFUT;14/10/2009;5258,80;5261,85;5212,96;5212,96;58916302,63;2250
WDOFUT;13/10/2009;5307,69;5332,13;5274,08;5280,19;53561311,96;2017
WDOFUT;09/10/2009;5335,19;5350,47;5322,97;5339,77;41622090,33;1560
WDOFUT;08/10/2009;5347,41;5374,91;5316,86;5316,86;68652795,14;2568
WDOFUT;07/10/2009;5407,00;5432,97;5362,69;5365,75;69256464,55;2565
WDOFUT;06/10/2009;5376,44;5400,89;5353,52;5399,36;63272167,45;2355
WDOFUT;05/10/2009;5436,03;5460,47;5402,41;5403,94;56796932,03;2092
WDOFUT;02/10/2009;5500,20;5544,50;5440,61;5465,06;69828049,49;2544
WDOFUT;01/10/2009;5440,61;5500,20;5420,75;5483,39;65509654,76;2399
WDOFUT;30/09/2009;5439,08;5465,06;5426,86;5431,44;39276592,92;1444
WDOFUT;29/09/2009;5472,69;5487,97;5457,42;5463,53;98734664,85;3609
WDOFUT;28/09/2009;5472,69;5487,97;5451,31;5463,53;50825652,06;1858
WDOFUT;25/09/2009;5495,61;5546,03;5466,58;5466,58;81624021,58;2963
WDOFUT;24/09/2009;5469,64;5546,03;5446,72;5509,36;89003206,54;3237
WDOFUT;23/09/2009;5478,81;5504,78;5445,19;5495,61;84722144,39;3094
WDOFUT;22/09/2009;5546,03;5550,61;5481,86;5483,39;86673621,51;3140
WDOFUT;21/09/2009;5555,20;5590,34;5547,56;5590,34;73826118,93;2656
WDOFUT;18/09/2009;5527,70;5544,50;5503,25;5544,50;68647791,49;2486
WDOFUT;17/09/2009;5518,53;5556,73;5506,31;5536,86;96842391,22;3500
WDOFUT;16/09/2009;5521,59;5527,70;5491,03;5498,67;98454575,01;3574
WDOFUT;15/09/2009;5552,14;5573,53;5515,47;5521,59;96525671,61;3484
WDOFUT;14/09/2009;5619,37;5622,42;5541,45;5550,61;105740669,20;3798
WDOFUT;11/09/2009;5536,86;5610,20;5527,70;5607,14;149097742,80;5358
WDOFUT;10/09/2009;5631,59;5637,70;5549,09;5552,14;129013945,70;4617
WDOFUT;09/09/2009;5591,87;5639,23;5575,06;5625,48;87325822,51;3114
WDOFUT;08/09/2009;5594,92;5616,31;5590,34;5608,67;71467948,16;2552
WDOFUT;04/09/2009;5698,81;5714,09;5634,65;5660,62;91321516,17;3220
WDOFUT;03/09/2009;5744,65;5767,57;5707,98;5712,56;77078873,63;2687
WDOFUT;02/09/2009;5851,60;5897,43;5772,15;5784,37;109753367,60;3767
WDOFUT;01/09/2009;5787,43;5880,63;5732,43;5871,46;120924189,00;4160
WDOFUT;31/08/2009;5807,38;5831,90;5761,41;5776,73;31351749,88;1082
WDOFUT;28/08/2009;5706,25;5784,39;5700,12;5762,94;83158537,54;2896
WDOFUT;27/08/2009;5684,80;5793,59;5680,20;5718,51;116010790,10;4042
WDOFUT;26/08/2009;5713,91;5747,62;5695,52;5706,25;75039714,07;2623
WDOFUT;25/08/2009;5632,70;5703,18;5605,12;5703,18;72135066,75;2551
WDOFUT;24/08/2009;5602,05;5657,21;5595,92;5641,89;28179825,21;1002
WDOFUT;21/08/2009;5626,57;5635,76;5571,41;5614,31;59848881,71;2132
WDOFUT;20/08/2009;5620,44;5690,93;5620,44;5660,28;48929499,39;1730
WDOFUT;19/08/2009;5693,99;5724,64;5609,71;5654,15;84357102,47;2980
WDOFUT;18/08/2009;5730,76;5746,09;5652,62;5657,21;74526067,46;2615
WDOFUT;17/08/2009;5776,73;5782,86;5701,65;5766,01;63211024,86;2198
WDOFUT;14/08/2009;5605,12;5704,72;5583,66;5693,99;66696279,86;2359
WDOFUT;13/08/2009;5602,05;5652,62;5592,86;5605,12;58217843,23;2070
WDOFUT;12/08/2009;5687,86;5692,46;5625,04;5663,34;54655353,16;1935
WDOFUT;11/08/2009;5684,80;5724,64;5655,68;5681,73;61387492,45;2158
WDOFUT;10/08/2009;5592,86;5700,12;5592,86;5658,75;51237993,94;1810
WDOFUT;07/08/2009;5660,28;5660,28;5592,86;5614,31;42711757,52;1522
WDOFUT;06/08/2009;5577,54;5684,80;5574,47;5684,80;62905133,80;2231
WDOFUT;05/08/2009;5592,86;5660,28;5565,28;5574,47;60196305,49;2147
WDOFUT;04/08/2009;5660,28;5672,54;5591,33;5595,92;38658574,55;1372
WDOFUT;03/08/2009;5715,44;5715,44;5628,10;5632,70;39628337,93;1399
WDOFUT;31/07/2009;5756,83;5787,55;5744,54;5750,68;20912908,04;725
WDOFUT;30/07/2009;5787,55;5793,69;5753,76;5779,87;70894044,18;2455
WDOFUT;29/07/2009;5821,34;5867,42;5793,69;5821,34;83941631,62;2879
WDOFUT;28/07/2009;5759,90;5825,95;5759,90;5786,01;78348653,16;2706
WDOFUT;27/07/2009;5805,98;5836,70;5752,22;5761,44;57180066,98;1974
WDOFUT;24/07/2009;5812,12;5850,52;5805,98;5830,56;27106267,80;930
WDOFUT;23/07/2009;5856,67;5856,67;5792,16;5833,63;67303568,04;2313
WDOFUT;22/07/2009;5855,13;5876,63;5830,56;5861,27;15579985,24;532
WDOFUT;21/07/2009;5836,70;5888,92;5824,41;5832,09;66357416,09;2266
WDOFUT;20/07/2009;5882,78;5888,92;5842,84;5842,84;54591222,16;1861
WDOFUT;17/07/2009;5974,94;5978,01;5915,03;5939,61;62718403,19;2112
WDOFUT;16/07/2009;5962,65;5984,15;5913,50;5944,22;80819550,58;2715
WDOFUT;15/07/2009;6005,66;6019,48;5947,29;5953,43;98735559,42;3303
WDOFUT;14/07/2009;6057,88;6100,89;6037,91;6044,06;95454128,82;3143
WDOFUT;13/07/2009;6162,33;6202,26;6087,06;6105,49;114636087,00;3733
WDOFUT;10/07/2009;6211,48;6252,95;6153,11;6153,11;77831583,06;2512
WDOFUT;08/07/2009;6159,25;6251,41;6122,39;6180,76;103995592,60;3364
WDOFUT;07/07/2009;6005,66;6170,01;6002,58;6162,33;101858201,10;3353
WDOFUT;06/07/2009;6076,31;6122,39;6016,41;6036,38;69610492,62;2288
WDOFUT;03/07/2009;6024,09;6036,38;6005,66;6030,23;16833185,96;559
WDOFUT;02/07/2009;5990,30;6060,95;5982,62;6042,52;72590834,03;2407
WDOFUT;01/07/2009;6017,94;6017,94;5947,29;5959,58;70548473,20;2362
WDOFUT;30/06/2009;6017,83;6058,06;5991,53;6033,30;25540235,13;848
WDOFUT;29/06/2009;5971,42;6082,81;5971,42;6062,70;64476477,34;2133
WDOFUT;26/06/2009;5977,61;6039,49;5959,05;5985,35;53457669,25;1782
WDOFUT;25/06/2009;6079,71;6123,03;6011,65;6014,74;59212443,12;1955
WDOFUT;24/06/2009;6118,39;6172,53;6075,07;6098,28;55551395,79;1820
WDOFUT;23/06/2009;6257,62;6262,26;6129,22;6132,31;70653141,56;2281
WDOFUT;22/06/2009;6160,16;6310,22;6160,16;6300,93;62319385,65;2001
WDOFUT;19/06/2009;6092,09;6129,22;6051,87;6119,94;53043158,09;1745
WDOFUT;18/06/2009;6113,75;6140,05;6064,24;6135,41;48484185,01;1589
WDOFUT;17/06/2009;6150,88;6197,29;6076,62;6098,28;84941489,71;2766
WDOFUT;16/06/2009;6005,46;6126,12;5989,99;6119,94;62827536,78;2075
WDOFUT;15/06/2009;6030,21;6082,81;6008,55;6056,51;48433141,71;1601
WDOFUT;12/06/2009;6027,12;6048,77;5952,86;5983,80;45954985,45;1532
WDOFUT;10/06/2009;5980,71;6098,28;5971,42;6051,87;48591817,60;1609
WDOFUT;09/06/2009;6048,77;6062,70;6008,55;6039,49;51138072,85;1696
WDOFUT;08/06/2009;6138,50;6163,25;6089,00;6104,47;38859209,30;1267
WDOFUT;05/06/2009;5999,27;6116,84;5946,67;6089,00;51508030,39;1704
WDOFUT;04/06/2009;6135,41;6135,41;6024,02;6028,66;51995513,59;1713
WDOFUT;03/06/2009;6017,83;6157,06;6008,55;6119,94;69862384,30;2298
WDOFUT;02/06/2009;6051,87;6079,71;5983,80;5989,99;34145056,55;1132
WDOFUT;01/06/2009;6067,34;6085,90;6044,13;6073,53;33222734,60;1096
WDOFUT;29/05/2009;6158,76;6164,98;6124,54;6130,76;16318518,63;531
WDOFUT;28/05/2009;6314,28;6329,84;6217,86;6217,86;55655756,96;1776
WDOFUT;27/05/2009;6273,85;6342,28;6214,75;6342,28;62666042,22;1999
WDOFUT;26/05/2009;6317,39;6373,38;6245,85;6245,85;55895489,76;1769
WDOFUT;25/05/2009;6292,51;6314,28;6292,51;6309,62;9641342,91;306
WDOFUT;22/05/2009;6298,73;6336,06;6272,29;6320,50;50143239,90;1590
WDOFUT;21/05/2009;6376,49;6376,49;6281,62;6328,28;66908113,04;2115
WDOFUT;20/05/2009;6326,73;6351,61;6276,96;6337,61;42965074,02;1361
WDOFUT;19/05/2009;6420,04;6460,48;6337,61;6376,49;55093824,62;1723
WDOFUT;18/05/2009;6519,58;6535,13;6448,03;6472,92;42401446,47;1306
WDOFUT;15/05/2009;6556,90;6597,34;6451,14;6592,67;44966585,18;1381
WDOFUT;14/05/2009;6616,00;6634,66;6494,69;6511,80;53076745,49;1618
WDOFUT;13/05/2009;6485,36;6606,67;6485,36;6600,45;66625906,56;2032
WDOFUT;12/05/2009;6416,93;6490,03;6393,60;6466,70;60859853,93;1887
WDOFUT;11/05/2009;6472,92;6499,36;6413,82;6454,26;32588132,66;1009
WDOFUT;08/05/2009;6535,13;6538,24;6448,03;6448,03;56002700,38;1723
WDOFUT;07/05/2009;6560,01;6612,89;6533,57;6594,23;58650002,53;1782
WDOFUT;06/05/2009;6699,98;6715,54;6594,23;6612,89;37483871,77;1130
WDOFUT;05/05/2009;6631,55;6759,08;6597,34;6687,54;62576320,30;1867
WDOFUT;04/05/2009;6768,41;6796,41;6631,55;6631,55;47683313,33;1422
WDOFUT;30/04/2009;6830,25;6883,76;6830,25;6861,73;14672303,50;428
WDOFUT;29/04/2009;6886,91;6912,09;6811,37;6868,02;42290422,47;1232
WDOFUT;28/04/2009;7041,14;7050,58;6915,24;6943,57;41487474,33;1193
WDOFUT;27/04/2009;6971,89;7020,68;6912,09;7019,11;46437597,69;1331
WDOFUT;24/04/2009;6899,50;6946,71;6863,30;6863,30;45360833,53;1312
WDOFUT;23/04/2009;6940,42;7017,53;6912,09;6965,60;55074334,21;1580
WDOFUT;22/04/2009;7028,55;7056,88;6946,71;6981,34;53087989,70;1519
WDOFUT;20/04/2009;6975,04;7089,93;6975,04;7088,35;21993830,79;624
WDOFUT;17/04/2009;6877,47;6940,42;6847,56;6934,12;47585166,70;1379
WDOFUT;16/04/2009;6908,94;6918,39;6852,29;6852,29;60749196,17;1765
WDOFUT;15/04/2009;7000,22;7019,11;6890,06;6893,20;54723866,70;1574
WDOFUT;14/04/2009;6866,45;6971,89;6861,73;6971,89;67575671,78;1954
WDOFUT;13/04/2009;6871,17;6886,91;6842,84;6886,91;26841791,51;782
WDOFUT;09/04/2009;6940,42;6940,42;6858,58;6861,73;31630813,75;918
WDOFUT;08/04/2009;7003,37;7003,37;6934,12;6962,45;45716171,92;1312
WDOFUT;07/04/2009;7088,35;7100,94;7012,81;7019,11;52641631,11;1493
WDOFUT;06/04/2009;6987,63;7066,32;6975,04;7034,85;41337979,93;1175
WDOFUT;03/04/2009;7082,06;7082,06;6949,86;6993,93;48043714,30;1373
WDOFUT;02/04/2009;7122,98;7135,57;7053,73;7069,47;50169063,89;1415
WDOFUT;01/04/2009;7302,39;7318,13;7203,24;7203,24;50240096,95;1383
WDOFUT;31/03/2009;7387,66;7387,66;7336,76;7360,62;21280973,76;578
WDOFUT;30/03/2009;7381,30;7438,57;7360,62;7422,66;44328369,12;1197
WDOFUT;27/03/2009;7206,31;7333,58;7193,59;7285,85;43595918,20;1203
WDOFUT;26/03/2009;7075,87;7158,59;7072,69;7158,59;43952821,59;1234
WDOFUT;25/03/2009;7158,59;7219,04;7114,05;7126,77;68033169,52;1901
WDOFUT;24/03/2009;7196,77;7225,40;7137,91;7160,18;52572494,48;1464
WDOFUT;23/03/2009;7158,59;7269,94;7136,32;7158,59;54442437,23;1513
WDOFUT;20/03/2009;7161,77;7238,13;7158,59;7238,13;30144062,54;838
WDOFUT;19/03/2009;7110,87;7222,22;7101,32;7190,40;52064672,13;1455
WDOFUT;18/03/2009;7317,67;7368,57;7174,50;7187,22;66027889,67;1812
WDOFUT;17/03/2009;7301,76;7330,40;7263,58;7303,35;37995165,46;1042
WDOFUT;16/03/2009;7285,85;7303,35;7215,86;7295,40;39094096,36;1078
WDOFUT;13/03/2009;7295,40;7397,21;7276,31;7343,12;36851413,83;1003
WDOFUT;12/03/2009;7495,84;7495,84;7333,58;7352,67;51527913,18;1391
WDOFUT;11/03/2009;7429,02;7524,47;7400,39;7495,84;46301244,43;1239
WDOFUT;10/03/2009;7556,29;7565,83;7476,75;7486,29;45770960,02;1217
WDOFUT;09/03/2009;7667,64;7667,64;7575,38;7631,06;41796240,98;1098
WDOFUT;06/03/2009;7640,60;7680,37;7581,74;7604,01;44447257,37;1166
WDOFUT;05/03/2009;7677,19;7702,64;7611,97;7670,83;43652828,99;1140
WDOFUT;04/03/2009;7693,10;7724,91;7578,56;7604,01;49117329,93;1285
WDOFUT;03/03/2009;7801,27;7861,72;7702,64;7766,27;59957843,69;1541
WDOFUT;02/03/2009;7759,91;7858,54;7702,64;7856,95;42669207,05;1097
WDOFUT;27/02/2009;7622,52;7709,54;7599,96;7667,64;18055521,33;471
WDOFUT;26/02/2009;7608,02;7614,46;7554,84;7582,23;33741776,06;890
WDOFUT;25/02/2009;7751,44;7751,44;7646,69;7648,31;14712844,24;382
WDOFUT;20/02/2009;7670,87;7748,22;7648,31;7686,98;27706237,80;719
WDOFUT;19/02/2009;7525,83;7667,64;7487,15;7654,75;50426379,65;1332
WDOFUT;18/02/2009;7512,94;7638,64;7504,88;7619,30;42916737,60;1133
WDOFUT;17/02/2009;7425,92;7562,89;7421,08;7558,06;60085419,66;1605
WDOFUT;16/02/2009;7326,00;7374,35;7316,33;7356,62;10534864,49;287
WDOFUT;13/02/2009;7396,91;7406,58;7284,10;7285,71;27428861,81;746
WDOFUT;12/02/2009;7416,25;7471,04;7380,79;7454,92;28341396,88;764
WDOFUT;11/02/2009;7430,75;7461,37;7303,44;7358,23;42766100,14;1158
WDOFUT;10/02/2009;7348,56;7509,71;7255,09;7477,48;40406462,41;1099
WDOFUT;09/02/2009;7280,88;7332,45;7238,98;7322,78;35832788,39;986
WDOFUT;06/02/2009;7348,56;7432,36;7284,10;7300,22;31914892,95;867
WDOFUT;05/02/2009;7491,99;7525,83;7400,13;7406,58;23809969,04;639
WDOFUT;04/02/2009;7474,26;7532,28;7387,24;7490,38;38148826,27;1022
WDOFUT;03/02/2009;7487,15;7567,73;7480,71;7493,60;19553225,93;520
WDOFUT;02/02/2009;7606,41;7686,98;7524,22;7529,05;41710759,63;1096
WDOFUT;30/01/2009;7489,84;7554,97;7457,28;7541,95;20386795,94;542
WDOFUT;29/01/2009;7457,28;7481,70;7336,79;7458,91;26362908,19;710
WDOFUT;28/01/2009;7590,79;7590,79;7375,87;7424,71;40138217,19;1074
WDOFUT;27/01/2009;7538,69;7646,15;7509,38;7633,13;32623382,06;862
WDOFUT;26/01/2009;7554,97;7603,82;7515,89;7571,25;28678995,24;760
WDOFUT;23/01/2009;7662,43;7717,79;7572,88;7603,82;24728665,40;646
WDOFUT;22/01/2009;7620,10;7685,23;7564,74;7594,05;30852441,52;809
WDOFUT;21/01/2009;7717,79;7750,36;7642,90;7649,41;23237722,83;604
WDOFUT;20/01/2009;7734,08;7771,53;7668,95;7769,90;24714491,69;640
WDOFUT;19/01/2009;7603,82;7668,95;7568,00;7665,69;14294705,11;375
WDOFUT;16/01/2009;7662,43;7685,23;7554,97;7620,10;25911018,35;681
WDOFUT;15/01/2009;7766,64;7843,17;7685,23;7717,79;38813117,63;998
WDOFUT;14/01/2009;7554,97;7786,18;7493,10;7773,15;27654319,75;720
WDOFUT;13/01/2009;7636,38;7639,64;7515,89;7603,82;26843381,54;708
WDOFUT;12/01/2009;7457,28;7626,61;7457,28;7600,56;33491414,02;888
WDOFUT;09/01/2009;7532,18;7554,97;7392,15;7392,15;32751800,28;876
WDOFUT;08/01/2009;7457,28;7561,48;7375,87;7502,87;30209324,62;810
WDOFUT;07/01/2009;7203,27;7473,56;7196,76;7424,71;27636303,42;755
WDOFUT;06/01/2009;7294,45;7310,74;7125,12;7131,63;21827548,43;605
WDOFUT;05/01/2009;7698,25;7698,25;7359,58;7359,58;20928026,56;557
WDOFUT;02/01/2009;7646,15;7685,23;7620,10;7652,66;3022427,99;79
