data_hora;acao;resultado
2026-06-09 17:35:30;ATUALIZAR_BIBLIOTECA;OK
2026-06-09 21:09:05;ATUALIZAR_BIBLIOTECA;111;0;0;OK
2026-06-09 22:55:58;ATUALIZAR_BIBLIOTECA;111;0;0;OK
2026-06-09 23:19:26;ATUALIZAR_BIBLIOTECA;111;0;0;OK
2026-06-10 00:12:40;ATUALIZAR_BIBLIOTECA;111;0;0;OK
2026-06-11 01:54:54;ATUALIZAR_BIBLIOTECA;111;0;0;OK
2026-06-11 02:39:21;ATUALIZAR_BIBLIOTECA;111;0;0;OK
2026-06-11 03:10:28;ATUALIZAR_BIBLIOTECA;111;0;0;OK
2026-06-11 03:43:47;ATUALIZAR_BIBLIOTECA;111;0;0;OK
2026-06-11 03:55:25;ATUALIZAR_BIBLIOTECA;111;0;0;OK
2026-06-11 04:02:05;ATUALIZAR_BIBLIOTECA;111;0;0;OK
2026-06-11 13:53:20;ATUALIZAR_BIBLIOTECA;111;0;0;OK
2026-06-11 14:49:25;ATUALIZAR_BIBLIOTECA;111;0;0;OK
2026-06-11 16:06:08;ATUALIZAR_BIBLIOTECA;111;0;0;OK
2026-06-11 20:40:21;ATUALIZAR_BIBLIOTECA;111;0;0;OK
2026-06-11 21:27:25;ATUALIZAR_BIBLIOTECA;111;0;0;OK
2026-06-13 21:08:53;ATUALIZAR_BIBLIOTECA;161;13;0;OK
2026-06-16 23:43:54;ATUALIZAR_BIBLIOTECA;162;14;0;OK
