arquivo;consultas;ultimo_acesso
WDO_1min_2025_2026.csv;0;N/D
WDO_1min_2026_2026.csv;0;N/D
WIN_1min_2026_2026.csv;0;N/D
WIN_2min_2026_2026.csv;0;N/D
WIN_3min_2026_2026.csv;0;N/D
WDO_5min_2023_2024.csv;0;N/D
WDO_5min_2024_2025.csv;0;N/D
WDO_5min_2025_2026.csv;0;N/D
WDO_5min_2026_2026.csv;0;N/D
WIN_5min_2023_2024.csv;0;N/D
WIN_5min_2024_2025.csv;0;N/D
WIN_5min_2025_2026.csv;0;N/D
WIN_5min_2026_2026.csv;0;N/D
WDO_10min2022_2023.csv;0;N/D
WDO_10min_2023_2024.csv;0;N/D
WDO_10min_2024_2025.csv;0;N/D
WDO_10min_2025_2026.csv;0;N/D
WDO_10min_2026_2026.csv;0;N/D
WIN_10min_2022_2023.csv;0;N/D
WIN_10min_2023_2024.csv;0;N/D
WIN_10min_2024_2025.csv;0;N/D
WIN_10min_2025_2026.csv;0;N/D
WIN_10min_2026_2026.csv;0;N/D
WDO_15min_2020_2022.csv;0;N/D
WDO_15min_2022_2024.csv;0;N/D
WDO_15min_2024_2026.csv;0;N/D
WDO_15min_2026_2026.csv;0;N/D
WIN_15min_2020_2022.csv;0;N/D
WIN_15min_2022_2024.csv;0;N/D
WIN_15min_2024_2026.csv;0;N/D
WIN_15min_2026_2026.csv;0;N/D
WDO_30min_2014_2016.csv;0;N/D
WDO_30min_2016_2018.csv;0;N/D
WDO_30min_2018_2020.csv;0;N/D
WDO_30min_2020_2022.csv;0;N/D
WDO_30min_2022_2024.csv;0;N/D
WDO_30min_2024_2026.csv;0;N/D
WDO_30min_2026_2026.csv;0;N/D
WIN_30min_2012_2014.csv;0;N/D
WIN_30min_2014_2016.csv;0;N/D
WIN_30min_2016_2018.csv;0;N/D
WIN_30min_2018_2020.csv;0;N/D
WIN_30min_2020_2022.csv;0;N/D
WIN_30min_2022_2024.csv;0;N/D
WIN_30min_2026_2026.csv;0;N/D
WDO_60MIN_2012_2014.csv;0;N/D
WDO_60min_2014_2016.csv;0;N/D
WDO_60min_2016_2018.csv;0;N/D
WDO_60min_2018_2020.csv;0;N/D
WDO_60min_2020_2022.csv;0;N/D
WDO_60min_2022_2024.csv;0;N/D
WDO_60min_2024_2026.csv;0;N/D
WDO_60min_2026_2026.csv;0;N/D
WIN_60min_2012_2014.csv;0;N/D
WIN_60min_2014_2016.csv;0;N/D
WIN_60min_2016_2018.csv;0;N/D
WIN_60min_2018_2020.csv;0;N/D
WIN_60min_2020_2022.csv;0;N/D
WIN_60min_2022_2024.csv;0;N/D
WIN_60min_2024_2026.csv;0;N/D
WIN_60min_2026_2026.csv;0;N/D
WDO_DIARIO_2005_2006.csv;0;N/D
WDO_DIARIO_2007_2008.csv;0;N/D
WDO_DIARIO_2008_2009.csv;0;N/D
WDO_DIARIO_2009_2010.csv;0;N/D
WDO_DIARIO_2010_2011.csv;0;N/D
WDO_DIARIO_2013_2014.csv;0;N/D
WDO_DIARIO_2015_2017.csv;0;N/D
WDO_DIARIO_2019_2020.csv;0;N/D
WDO_DIARIO_2020_2022.csv;0;N/D
WDO_DIARIO_2022_2024.csv;0;N/D
WDO_DIARIO_2024_2026.csv;0;N/D
WDO_DIARIO_2026_2026.csv;0;N/D
WDO_Diário_2011_2013.csv;0;N/D
WIN_DIARIO_2017_2019.csv;0;N/D
WIN_DIARIO_2005_2006.csv;0;N/D
WIN_DIARIO_2007_2008.csv;0;N/D
WIN_DIARIO_2008_2009.csv;0;N/D
WIN_DIARIO_2009_2010.csv;0;N/D
WIN_DIARIO_2010_2011.csv;0;N/D
WIN_DIARIO_2011_2013.csv;0;N/D
WIN_DIARIO_2013_2015.csv;0;N/D
WIN_DIARIO_2015_2017.csv;0;N/D
WIN_DIARIO_2019_2020.csv;0;N/D
WIN_DIARIO_2020_2022.csv;0;N/D
WIN_DIARIO_2022_2024.csv;0;N/D
WIN_DIARIO_2024_2026.csv;0;N/D
WIN_DIARIO_2026_2026.csv;0;N/D
WDO_SEMANAL_2009_2011.csv;0;N/D
WDO_SEMANAL_2011_2013.csv;0;N/D
WDO_SEMANAL_2013_2015.csv;0;N/D
WDO_SEMANAL_2015_2017.csv;0;N/D
WDO_SEMANAL_2017_2019.csv;0;N/D
WDO_SEMANAL_2019_2020.csv;0;N/D
WDO_SEMANAL_2020_2022.csv;0;N/D
WDO_SEMANAL_2024_2026.csv;0;N/D
WDO_SEMANAL_2026_2026.csv;0;N/D
WIN_Semanal_2005_2007.csv;0;N/D
WIN_SEMANAL_2007_2009.csv;0;N/D
WIN_SEMANAL_2009_2011.csv;0;N/D
WIN_SEMANAL_2011_2013.csv;0;N/D
WIN_SEMANAL_2013_2015.csv;0;N/D
WIN_SEMANAL_2015_2017.csv;0;N/D
WIN_SEMANAL_2017_2019.csv;0;N/D
WIN_SEMANAL_2018_2020.csv;0;N/D
WIN_SEMANAL_2020_2022.csv;0;N/D
WIN_SEMANAL_2022_2024.csv;0;N/D
WIN_SEMANAL_2024_2026.csv;0;N/D
WIN_SEMANAL_2026_2026.csv;0;N/D
WDOFUT_F_0_Semanal.csv;0;N/D
WINFUT_F_0_Semanal.csv;0;N/D
WIN_4min_2026_2026.csv;0;N/D
WIN_5min_2026_2026 (2).csv;0;N/D
WIN_6min_2026_2026.csv;0;N/D
WIN_7min_2026_2026.csv;0;N/D
WIN_8min_2026_2026.csv;0;N/D
WIN_9min_2026_2026.csv;0;N/D
auditoria_pastas_temporais_20260612_215249.csv;0;N/D
auditoria_pastas_temporais_20260612_215919.csv;0;N/D
duplicidades_fractais_20260612_200451.csv;0;N/D
duplicidades_fractais_20260612_200734.csv;0;N/D
duplicidades_fractais_20260612_203011.csv;0;N/D
duplicidades_fractais_20260612_204049.csv;0;N/D
duplicidades_fractais_20260612_204345.csv;0;N/D
duplicidades_fractais_20260612_210109.csv;0;N/D
duplicidades_fractais_20260612_210609.csv;0;N/D
WIN_120min_2026_2026_AUDITOR_SESSOES.csv;0;N/D
WIN_180min_2026_2026_AUDITOR_SESSOES.csv;0;N/D
WIN_240min_2026_2026_AUDITOR_SESSOES.csv;0;N/D
WIN_7min_2026_2026_AUDITOR_SESSOES.csv;0;N/D
WIN_120min_2026_2026.csv;0;N/D
WIN_180min_2026_2026.csv;0;N/D
WIN_240min_2026_2026.csv;0;N/D
WIN_10min_2026_2026_CANDLES_PARCIAIS.csv;0;N/D
WIN_120min_2026_2026_CANDLES_PARCIAIS.csv;0;N/D
WIN_12min_2026_2026_CANDLES_PARCIAIS.csv;0;N/D
WIN_15min_2026_2026_CANDLES_PARCIAIS.csv;0;N/D
WIN_180min_2026_2026_CANDLES_PARCIAIS.csv;0;N/D
WIN_20min_2026_2026_CANDLES_PARCIAIS.csv;0;N/D
WIN_240min_2026_2026_CANDLES_PARCIAIS.csv;0;N/D
WIN_30min_2026_2026_CANDLES_PARCIAIS.csv;0;N/D
WIN_45min_2026_2026_CANDLES_PARCIAIS.csv;0;N/D
WIN_4min_2026_2026_CANDLES_PARCIAIS.csv;0;N/D
WIN_5min_2026_2026_CANDLES_PARCIAIS.csv;0;N/D
WIN_60min_2026_2026_CANDLES_PARCIAIS.csv;0;N/D
WIN_6min_2026_2026_CANDLES_PARCIAIS.csv;0;N/D
WIN_7min_2026_2026_CANDLES_PARCIAIS.csv;0;N/D
WIN_8min_2026_2026_CANDLES_PARCIAIS.csv;0;N/D
WIN_90min_2026_2026_CANDLES_PARCIAIS.csv;0;N/D
WIN_9min_2026_2026_CANDLES_PARCIAIS.csv;0;N/D
WIN_10min_2026_2026 (2).csv;0;N/D
WIN_12min_2026_2026.csv;0;N/D
WIN_20min_2026_2026.csv;0;N/D
WIN_30min_2026_2026 (2).csv;0;N/D
WIN_45min_2026_2026.csv;0;N/D
WIN_60min_2026_2026 (2).csv;0;N/D
WIN_90min_2026_2026.csv;0;N/D
WIN_120min_2026_2026.csv;0;N/D
WIN_180min_2026_2026.csv;0;N/D
WIN_240min_2026_2026.csv;0;N/D
auditoria_pastas_temporais_20260613_211018.csv;0;N/D
