WINFUT;27/12/2010;68900,00;70390,00;68630,00;69900,00;1308027502,00;94310
WINFUT;20/12/2010;69200,00;69510,00;68310,00;69340,00;2295256490,00;166304
WINFUT;13/12/2010;68640,00;69510,00;67900,00;69080,00;3815487620,00;277216
WINFUT;06/12/2010;69800,00;70740,00;67560,00;68300,00;4677787779,00;339436
WINFUT;29/11/2010;68800,00;70235,00;67280,00;70045,00;4752499358,00;344482
WINFUT;22/11/2010;70930,00;71080,00;68035,00;68450,00;3510797035,00;253073
WINFUT;16/11/2010;70350,00;71445,00;69130,00;71300,00;3680230325,00;261167
WINFUT;08/11/2010;73250,00;73835,00;70555,00;70950,00;5549786804,00;384367
WINFUT;01/11/2010;71830,00;73900,00;71655,00;73480,00;4385577709,00;300526
WINFUT;25/10/2010;70800,00;72340,00;70040,00;71560,00;5988694033,00;420368
WINFUT;18/10/2010;72840,00;73035,00;69715,00;70450,00;6593138287,00;462223
WINFUT;11/10/2010;70900,00;73530,00;70800,00;73125,00;4288028381,00;294991
WINFUT;04/10/2010;70310,00;71735,00;69350,00;70830,00;6721364846,00;475766
WINFUT;27/09/2010;68935,00;70685,00;68355,00;70600,00;6373690730,00;458263
WINFUT;20/09/2010;67615,00;70275,00;67455,00;68800,00;6337570785,00;460202
WINFUT;13/09/2010;68190,00;68735,00;67420,00;67480,00;4962286960,00;364001
WINFUT;06/09/2010;67290,00;67730,00;66515,00;67450,00;2375410006,00;177201
WINFUT;30/08/2010;66295,00;68340,00;64290,00;67010,00;4488880937,00;337143
WINFUT;23/08/2010;68005,00;68140,00;64270,00;66210,00;5295103044,00;402403
WINFUT;16/08/2010;65900,00;68750,00;65810,00;67750,00;4299205165,00;318096
WINFUT;09/08/2010;68675,00;68770,00;65300,00;66175,00;4388071601,00;329125
WINFUT;02/08/2010;68650,00;69100,00;67760,00;68350,00;4404702809,00;321781
WINFUT;26/07/2010;66790,00;68000,00;66500,00;67800,00;4236194588,00;315514
WINFUT;19/07/2010;62980,00;66855,00;62900,00;66850,00;4572959072,00;351402
WINFUT;12/07/2010;64700,00;64700,00;62670,00;62770,00;4050001736,00;318040
WINFUT;05/07/2010;62100,00;64245,00;61365,00;64150,00;2984344935,00;236381
WINFUT;28/06/2010;65900,00;66000,00;60690,00;62000,00;4007112449,00;319367
WINFUT;21/06/2010;66400,00;66835,00;64590,00;65845,00;4230132629,00;322251
WINFUT;14/06/2010;64110,00;66105,00;63455,00;65250,00;3357384821,00;258782
WINFUT;07/06/2010;61900,00;63920,00;61050,00;63690,00;4367751997,00;350423
WINFUT;31/05/2010;62000,00;63500,00;61470,00;61715,00;3012153478,00;241662
WINFUT;24/05/2010;59800,00;62500,00;58000,00;62080,00;5285296666,00;437251
WINFUT;17/05/2010;63880,00;64055,00;57710,00;60600,00;6589904059,00;544012
WINFUT;10/05/2010;66330,00;67500,00;63325,00;63620,00;4498531812,00;344562
WINFUT;03/05/2010;68580,00;68650,00;61050,00;63140,00;6117950197,00;469608
WINFUT;26/04/2010;70200,00;70530,00;66540,00;68290,00;5114981247,00;374949
WINFUT;19/04/2010;69800,00;70525,00;68765,00;70185,00;3507297895,00;251254
WINFUT;12/04/2010;71570,00;72250,00;69820,00;70180,00;3818695564,00;268873
WINFUT;05/04/2010;71720,00;72200,00;70430,00;71420,00;3083791524,00;216056
WINFUT;29/03/2010;69350,00;71605,00;69210,00;71180,00;2801657002,00;199007
WINFUT;22/03/2010;68550,00;69980,00;68165,00;68975,00;4218250442,00;304618
WINFUT;15/03/2010;69600,00;70900,00;69040,00;69135,00;4754092245,00;340350
WINFUT;08/03/2010;69700,00;71055,00;68575,00;69720,00;4582704548,00;327184
WINFUT;01/03/2010;67155,00;69505,00;67100,00;69405,00;4516288119,00;330156
WINFUT;22/02/2010;68685,00;68875,00;64900,00;66990,00;4746754991,00;355570
WINFUT;17/02/2010;67895,00;68750,00;67195,00;68150,00;1919537841,00;140879
WINFUT;08/02/2010;62700,00;66200,00;62320,00;65885,00;4201195946,00;324793
WINFUT;01/02/2010;65405,00;67600,00;61290,00;62900,00;4444984720,00;340599
WINFUT;26/01/2010;65400,00;66745,00;64540,00;65160,00;3435531149,00;262154
WINFUT;18/01/2010;69760,00;70480,00;65615,00;66010,00;4058457537,00;298117
WINFUT;11/01/2010;71650,00;71720,00;69155,00;69440,00;3931324010,00;279008
WINFUT;04/01/2010;69500,00;71730,00;69450,00;71010,00;3126605931,00;220233
WINFUT;28/12/2009;68900,00;69265,00;68515,00;69150,00;816204693,00;59234
WINFUT;21/12/2009;68000,00;68660,00;66895,00;68350,00;1823624724,00;134049
WINFUT;14/12/2009;69750,00;70700,00;67065,00;67700,00;3384617387,00;245691
WINFUT;07/12/2009;67535,00;69620,00;67425,00;69330,00;4098365254,00;299494
WINFUT;30/11/2009;67150,00;69640,00;66830,00;67770,00;4124402347,00;300837
WINFUT;23/11/2009;67800,00;68445,00;65850,00;67455,00;2998821075,00;223215
WINFUT;16/11/2009;66505,00;68475,00;65825,00;67000,00;2774370542,00;206858
WINFUT;09/11/2009;66000,00;67860,00;64580,00;65650,00;3483113161,00;262280
WINFUT;03/11/2009;61085,00;65755,00;60800,00;65000,00;2637894509,00;205909
WINFUT;26/10/2009;66000,00;66590,00;60480,00;62000,00;3801360799,00;298290
WINFUT;19/10/2009;67170,00;68370,00;64770,00;65700,00;4244231575,00;317320
WINFUT;13/10/2009;64500,00;67650,00;63970,00;66900,00;2410505904,00;181946
WINFUT;05/10/2009;61500,00;64310,00;61280,00;64220,00;3835828034,00;304965
WINFUT;28/09/2009;60840,00;62080,00;59765,00;61330,00;3769979178,00;308453
WINFUT;21/09/2009;60310,00;62375,00;59710,00;60650,00;3402380501,00;279274
WINFUT;14/09/2009;58240,00;61410,00;58000,00;60720,00;2967040166,00;247155
WINFUT;08/09/2009;57800,00;59220,00;57450,00;58700,00;2140377061,00;183372
WINFUT;31/08/2009;57500,00;57620,00;55500,00;57020,00;3023832430,00;267681
WINFUT;24/08/2009;58550,00;59250,00;57285,00;58140,00;3192908975,00;274287
WINFUT;17/08/2009;56000,00;58445,00;55360,00;58250,00;2503371966,00;220974
WINFUT;10/08/2009;56250,00;58250,00;55510,00;57300,00;2391327498,00;210288
WINFUT;03/08/2009;55600,00;56895,00;55360,00;56445,00;2877843098,00;256272
WINFUT;27/07/2009;54950,00;55280,00;53360,00;54650,00;2442002579,00;224313
WINFUT;20/07/2009;52935,00;54915,00;52700,00;54810,00;2154363372,00;200267
WINFUT;13/07/2009;49450,00;52690,00;48450,00;52350,00;2523434420,00;248440
WINFUT;06/07/2009;50700,00;51210,00;48780,00;49300,00;1766969196,00;176941
WINFUT;29/06/2009;52500,00;53140,00;51015,00;51260,00;1733910517,00;166481
WINFUT;22/06/2009;51000,00;52575,00;49660,00;52150,00;2572640901,00;252939
WINFUT;15/06/2009;52800,00;52950,00;50900,00;51750,00;2079618960,00;200580
WINFUT;08/06/2009;52950,00;54580,00;52555,00;53700,00;1795039919,00;167973
WINFUT;01/06/2009;54800,00;55280,00;51750,00;53650,00;2607822870,00;242863
WINFUT;25/05/2009;50570,00;54080,00;50330,00;53360,00;2409059383,00;229561
WINFUT;18/05/2009;49980,00;53000,00;49780,00;50830,00;2859802460,00;278130
WINFUT;11/05/2009;51300,00;52180,00;48720,00;49400,00;2714158019,00;270866
WINFUT;04/05/2009;48695,00;52930,00;48695,00;52120,00;2716300203,00;265450
WINFUT;27/04/2009;46900,00;48710,00;45605,00;47570,00;1957257507,00;207793
WINFUT;20/04/2009;45800,00;47740,00;44930,00;47705,00;1862240005,00;201935
WINFUT;13/04/2009;45350,00;47000,00;45215,00;46715,00;2090226758,00;226557
WINFUT;06/04/2009;44000,00;45885,00;43455,00;45750,00;1657315982,00;186911
WINFUT;30/03/2009;41200,00;44830,00;40270,00;44550,00;2234825010,00;263926
WINFUT;23/03/2009;41420,00;42980,00;41200,00;42230,00;2347418772,00;278109
WINFUT;16/03/2009;39830,00;41430,00;38355,00;40400,00;2292110218,00;286366
WINFUT;09/03/2009;37000,00;40450,00;36730,00;39340,00;2334182194,00;300779
WINFUT;02/03/2009;37700,00;39070,00;36140,00;37450,00;2516618073,00;333901
WINFUT;25/02/2009;38200,00;39800,00;37465,00;38560,00;980900319,00;126048
WINFUT;16/02/2009;41500,00;41650,00;38710,00;39650,00;1646848525,00;204705
WINFUT;09/02/2009;42600,00;43555,00;40030,00;41780,00;2509281987,00;301590
WINFUT;02/02/2009;38750,00;43020,00;38430,00;42975,00;1893323153,00;233929
WINFUT;26/01/2009;38600,00;40750,00;38140,00;39450,00;1563600585,00;197642
WINFUT;19/01/2009;40000,00;40290,00;37080,00;38400,00;1777241902,00;231207
WINFUT;12/01/2009;41640,00;41730,00;37300,00;39910,00;1949141109,00;247062
WINFUT;05/01/2009;41100,00;43245,00;40200,00;42030,00;1491862524,00;177985
