arquivo;ativo;fractal;data_inicio;data_fim;linhas;colunas;status;confiabilidade;nota_qualidade;classificacao;tags;origem;caminho
WDO_1min_2025_2026.csv;WDO;1_MIN;25/09/2025;30/12/2025;37436;9;OK;100;100;EXCELENTE;WDO,1_MIN,PROFIT,MICRO_FRACTAL;PROFIT;C:\Users\User\projeto_fluxo\TRIN_HISTORICO\001_1_MIN\wdo\WDO_1min_2025_2026.csv
WDO_1min_2026_2026.csv;WDO;1_MIN;02/01/2026;05/06/2026;59604;9;OK;100;100;EXCELENTE;WDO,1_MIN,PROFIT,MICRO_FRACTAL;PROFIT;C:\Users\User\projeto_fluxo\TRIN_HISTORICO\001_1_MIN\wdo\WDO_1min_2026_2026.csv
WIN_1min_2026_2026.csv;WIN;1_MIN;21/01/2026;05/06/2026;51486;9;OK;100;100;EXCELENTE;WIN,1_MIN,PROFIT,MICRO_FRACTAL;PROFIT;C:\Users\User\projeto_fluxo\TRIN_HISTORICO\001_1_MIN\win\WIN_1min_2026_2026.csv
WIN_2min_2026_2026.csv;WIN;2_MIN;21/01/2026;05/06/2026;25801;15;OK;98;100;EXCELENTE;WIN,2_MIN,ZE_DO_EUCRAZIO,MICRO_FRACTAL;ZE_DO_EUCRAZIO;C:\Users\User\projeto_fluxo\TRIN_HISTORICO\002_2_MIN\win\WIN_2min_2026_2026.csv
WIN_3min_2026_2026.csv;WIN;3_MIN;21/01/2026;05/06/2026;17232;15;OK;98;100;EXCELENTE;WIN,3_MIN,ZE_DO_EUCRAZIO,MICRO_FRACTAL;ZE_DO_EUCRAZIO;C:\Users\User\projeto_fluxo\TRIN_HISTORICO\003_3_MIN\win\WIN_3min_2026_2026.csv
WIN_4min_2026_2026.csv;WIN;4_MIN;21/01/2026;05/06/2026;12930;21;OK;98;100;EXCELENTE;WIN,4_MIN,ZE_DO_EUCRAZIO;ZE_DO_EUCRAZIO;C:\Users\User\projeto_fluxo\TRIN_HISTORICO\004_4_MIN\win\WIN_4min_2026_2026.csv
WDO_5min_2023_2024.csv;WDO;5_MIN;29/08/2023;28/12/2023;9151;9;OK;100;100;EXCELENTE;WDO,5_MIN,PROFIT;PROFIT;C:\Users\User\projeto_fluxo\TRIN_HISTORICO\005_5_MIN\wdo\WDO_5min_2023_2024.csv
WDO_5min_2024_2025.csv;WDO;5_MIN;02/01/2024;30/12/2024;28554;9;OK;100;100;EXCELENTE;WDO,5_MIN,PROFIT;PROFIT;C:\Users\User\projeto_fluxo\TRIN_HISTORICO\005_5_MIN\wdo\WDO_5min_2024_2025.csv
WDO_5min_2025_2026.csv;WDO;5_MIN;02/01/2025;30/12/2025;28451;9;OK;100;100;EXCELENTE;WDO,5_MIN,PROFIT;PROFIT;C:\Users\User\projeto_fluxo\TRIN_HISTORICO\005_5_MIN\wdo\WDO_5min_2025_2026.csv
WDO_5min_2026_2026.csv;WDO;5_MIN;02/01/2026;05/06/2026;11922;9;OK;100;100;EXCELENTE;WDO,5_MIN,PROFIT;PROFIT;C:\Users\User\projeto_fluxo\TRIN_HISTORICO\005_5_MIN\wdo\WDO_5min_2026_2026.csv
WIN_5min_2023_2024.csv;WIN;5_MIN;22/08/2023;28/12/2023;9612;9;OK;100;100;EXCELENTE;WIN,5_MIN,PROFIT;PROFIT;C:\Users\User\projeto_fluxo\TRIN_HISTORICO\005_5_MIN\win\WIN_5min_2023_2024.csv
WIN_5min_2024_2025.csv;WIN;5_MIN;02/01/2024;30/12/2024;28314;9;OK;100;100;EXCELENTE;WIN,5_MIN,PROFIT;PROFIT;C:\Users\User\projeto_fluxo\TRIN_HISTORICO\005_5_MIN\win\WIN_5min_2024_2025.csv
WIN_5min_2025_2026.csv;WIN;5_MIN;02/01/2025;30/12/2025;28176;9;OK;100;100;EXCELENTE;WIN,5_MIN,PROFIT;PROFIT;C:\Users\User\projeto_fluxo\TRIN_HISTORICO\005_5_MIN\win\WIN_5min_2025_2026.csv
WIN_5min_2026_2026 (2).csv;WIN;5_MIN;02/01/2026;05/06/2026;11817;9;OK;100;100;EXCELENTE;WIN,5_MIN,PROFIT;PROFIT;C:\Users\User\projeto_fluxo\TRIN_HISTORICO\005_5_MIN\win\WIN_5min_2026_2026 (2).csv
WIN_5min_2026_2026.csv;WIN;5_MIN;21/01/2026;05/06/2026;10316;21;OK;100;100;EXCELENTE;WIN,5_MIN,PROFIT;PROFIT;C:\Users\User\projeto_fluxo\TRIN_HISTORICO\005_5_MIN\win\WIN_5min_2026_2026.csv
WIN_6min_2026_2026.csv;WIN;6_MIN;21/01/2026;05/06/2026;8640;21;OK;98;100;EXCELENTE;WIN,6_MIN,ZE_DO_EUCRAZIO;ZE_DO_EUCRAZIO;C:\Users\User\projeto_fluxo\TRIN_HISTORICO\006_6_MIN\win\WIN_6min_2026_2026.csv
WIN_7min_2026_2026.csv;WIN;7_MIN;21/01/2026;05/06/2026;7395;21;OK;98;100;EXCELENTE;WIN,7_MIN,ZE_DO_EUCRAZIO;ZE_DO_EUCRAZIO;C:\Users\User\projeto_fluxo\TRIN_HISTORICO\007_7_MIN\win\WIN_7min_2026_2026.csv
WIN_8min_2026_2026.csv;WIN;8_MIN;21/01/2026;05/06/2026;6482;21;OK;98;100;EXCELENTE;WIN,8_MIN,ZE_DO_EUCRAZIO;ZE_DO_EUCRAZIO;C:\Users\User\projeto_fluxo\TRIN_HISTORICO\008_8_MIN\win\WIN_8min_2026_2026.csv
WIN_9min_2026_2026.csv;WIN;9_MIN;21/01/2026;05/06/2026;5753;21;OK;98;100;EXCELENTE;WIN,9_MIN,ZE_DO_EUCRAZIO;ZE_DO_EUCRAZIO;C:\Users\User\projeto_fluxo\TRIN_HISTORICO\009_9_MIN\win\WIN_9min_2026_2026.csv
auditoria_pastas_temporais_20260612_215249.csv;DESCONHECIDO;DESCONHECIDO;N/D;N/D;25;7;ALERTA;70;20;CRITICA;ZE_DO_EUCRAZIO,ALERTA;ZE_DO_EUCRAZIO;C:\Users\User\projeto_fluxo\TRIN_HISTORICO\00_AUDITORIA\ze_do_eucrazio\auditoria_pastas_temporais_20260612_215249.csv
auditoria_pastas_temporais_20260612_215919.csv;DESCONHECIDO;DESCONHECIDO;N/D;N/D;24;7;ALERTA;70;20;CRITICA;ZE_DO_EUCRAZIO,ALERTA;ZE_DO_EUCRAZIO;C:\Users\User\projeto_fluxo\TRIN_HISTORICO\00_AUDITORIA\ze_do_eucrazio\auditoria_pastas_temporais_20260612_215919.csv
duplicidades_fractais_20260612_200451.csv;DESCONHECIDO;DESCONHECIDO;N/D;N/D;40;5;ALERTA;70;20;CRITICA;ZE_DO_EUCRAZIO,ALERTA;ZE_DO_EUCRAZIO;C:\Users\User\projeto_fluxo\TRIN_HISTORICO\00_AUDITORIA\ze_do_eucrazio\duplicidades_fractais_20260612_200451.csv
duplicidades_fractais_20260612_200734.csv;DESCONHECIDO;DESCONHECIDO;N/D;N/D;21;5;ALERTA;70;20;CRITICA;ZE_DO_EUCRAZIO,ALERTA;ZE_DO_EUCRAZIO;C:\Users\User\projeto_fluxo\TRIN_HISTORICO\00_AUDITORIA\ze_do_eucrazio\duplicidades_fractais_20260612_200734.csv
duplicidades_fractais_20260612_203011.csv;DESCONHECIDO;DESCONHECIDO;N/D;N/D;21;5;ALERTA;70;20;CRITICA;ZE_DO_EUCRAZIO,ALERTA;ZE_DO_EUCRAZIO;C:\Users\User\projeto_fluxo\TRIN_HISTORICO\00_AUDITORIA\ze_do_eucrazio\duplicidades_fractais_20260612_203011.csv
duplicidades_fractais_20260612_204049.csv;DESCONHECIDO;DESCONHECIDO;N/D;N/D;21;5;ALERTA;70;20;CRITICA;ZE_DO_EUCRAZIO,ALERTA;ZE_DO_EUCRAZIO;C:\Users\User\projeto_fluxo\TRIN_HISTORICO\00_AUDITORIA\ze_do_eucrazio\duplicidades_fractais_20260612_204049.csv
duplicidades_fractais_20260612_204345.csv;DESCONHECIDO;DESCONHECIDO;N/D;N/D;21;5;ALERTA;70;20;CRITICA;ZE_DO_EUCRAZIO,ALERTA;ZE_DO_EUCRAZIO;C:\Users\User\projeto_fluxo\TRIN_HISTORICO\00_AUDITORIA\ze_do_eucrazio\duplicidades_fractais_20260612_204345.csv
duplicidades_fractais_20260612_210109.csv;DESCONHECIDO;DESCONHECIDO;N/D;N/D;21;5;ALERTA;70;20;CRITICA;ZE_DO_EUCRAZIO,ALERTA;ZE_DO_EUCRAZIO;C:\Users\User\projeto_fluxo\TRIN_HISTORICO\00_AUDITORIA\ze_do_eucrazio\duplicidades_fractais_20260612_210109.csv
duplicidades_fractais_20260612_210609.csv;DESCONHECIDO;DESCONHECIDO;N/D;N/D;21;5;ALERTA;70;20;CRITICA;ZE_DO_EUCRAZIO,ALERTA;ZE_DO_EUCRAZIO;C:\Users\User\projeto_fluxo\TRIN_HISTORICO\00_AUDITORIA\ze_do_eucrazio\duplicidades_fractais_20260612_210609.csv
WIN_120min_2026_2026_AUDITOR_SESSOES.csv;WIN;120_MIN;N/D;N/D;93;7;ALERTA;70;60;FRACA;WIN,120_MIN,ZE_DO_EUCRAZIO,ALERTA;ZE_DO_EUCRAZIO;C:\Users\User\projeto_fluxo\TRIN_HISTORICO\00_AUDITORIA\ze_do_eucrazio\WIN_120min_2026_2026_AUDITOR_SESSOES.csv
WIN_180min_2026_2026_AUDITOR_SESSOES.csv;WIN;180_MIN;N/D;N/D;93;7;ALERTA;70;60;FRACA;WIN,180_MIN,ZE_DO_EUCRAZIO,ALERTA;ZE_DO_EUCRAZIO;C:\Users\User\projeto_fluxo\TRIN_HISTORICO\00_AUDITORIA\ze_do_eucrazio\WIN_180min_2026_2026_AUDITOR_SESSOES.csv
WIN_240min_2026_2026_AUDITOR_SESSOES.csv;WIN;240_MIN;N/D;N/D;93;7;ALERTA;70;60;FRACA;WIN,240_MIN,ZE_DO_EUCRAZIO,ALERTA;ZE_DO_EUCRAZIO;C:\Users\User\projeto_fluxo\TRIN_HISTORICO\00_AUDITORIA\ze_do_eucrazio\WIN_240min_2026_2026_AUDITOR_SESSOES.csv
WIN_7min_2026_2026_AUDITOR_SESSOES.csv;WIN;7_MIN;N/D;N/D;93;7;ALERTA;70;60;FRACA;WIN,7_MIN,ZE_DO_EUCRAZIO,ALERTA;ZE_DO_EUCRAZIO;C:\Users\User\projeto_fluxo\TRIN_HISTORICO\00_AUDITORIA\ze_do_eucrazio\WIN_7min_2026_2026_AUDITOR_SESSOES.csv
WDO_15min_2020_2022.csv;WDO;15_MIN;24/09/2020;30/12/2021;11481;9;OK;100;100;EXCELENTE;WDO,15_MIN,PROFIT;PROFIT;C:\Users\User\projeto_fluxo\TRIN_HISTORICO\00_DUPLICIDADES_FRACTAIS\008_15_MIN\wdo\WDO_15min_2020_2022.csv
WDO_15min_2022_2024.csv;WDO;15_MIN;03/01/2022;28/12/2023;18238;9;OK;100;100;EXCELENTE;WDO,15_MIN,PROFIT;PROFIT;C:\Users\User\projeto_fluxo\TRIN_HISTORICO\00_DUPLICIDADES_FRACTAIS\008_15_MIN\wdo\WDO_15min_2022_2024.csv
WDO_15min_2024_2026.csv;WDO;15_MIN;02/01/2024;30/12/2025;19003;9;OK;100;100;EXCELENTE;WDO,15_MIN,PROFIT;PROFIT;C:\Users\User\projeto_fluxo\TRIN_HISTORICO\00_DUPLICIDADES_FRACTAIS\008_15_MIN\wdo\WDO_15min_2024_2026.csv
WDO_15min_2026_2026.csv;WDO;15_MIN;02/01/2026;05/06/2026;3974;9;OK;100;100;EXCELENTE;WDO,15_MIN,PROFIT;PROFIT;C:\Users\User\projeto_fluxo\TRIN_HISTORICO\00_DUPLICIDADES_FRACTAIS\008_15_MIN\wdo\WDO_15min_2026_2026.csv
WIN_15min_2020_2022.csv;WIN;15_MIN;15/05/2020;30/12/2021;14808;9;OK;100;100;EXCELENTE;WIN,15_MIN,PROFIT;PROFIT;C:\Users\User\projeto_fluxo\TRIN_HISTORICO\00_DUPLICIDADES_FRACTAIS\008_15_MIN\win\WIN_15min_2020_2022.csv
WIN_15min_2022_2024.csv;WIN;15_MIN;03/01/2022;28/12/2023;18238;9;OK;100;100;EXCELENTE;WIN,15_MIN,PROFIT;PROFIT;C:\Users\User\projeto_fluxo\TRIN_HISTORICO\00_DUPLICIDADES_FRACTAIS\008_15_MIN\win\WIN_15min_2022_2024.csv
WIN_15min_2024_2026.csv;WIN;15_MIN;02/01/2024;30/12/2025;19001;9;OK;100;100;EXCELENTE;WIN,15_MIN,PROFIT;PROFIT;C:\Users\User\projeto_fluxo\TRIN_HISTORICO\00_DUPLICIDADES_FRACTAIS\008_15_MIN\win\WIN_15min_2024_2026.csv
WIN_15min_2026_2026.csv;WIN;15_MIN;02/01/2026;05/06/2026;3974;9;OK;100;100;EXCELENTE;WIN,15_MIN,PROFIT;PROFIT;C:\Users\User\projeto_fluxo\TRIN_HISTORICO\00_DUPLICIDADES_FRACTAIS\008_15_MIN\win\WIN_15min_2026_2026.csv
WIN_15min_2026_2026.csv;WIN;15_MIN;02/01/2026;05/06/2026;3974;9;OK;100;100;EXCELENTE;WIN,15_MIN,PROFIT;PROFIT;C:\Users\User\projeto_fluxo\TRIN_HISTORICO\00_DUPLICIDADES_FRACTAIS\008_15_MIN\win\WIN_15min_2026_2026.csv
WIN_120min_2026_2026.csv;WIN;120_MIN;21/01/2026;05/06/2026;458;21;OK;98;100;EXCELENTE;WIN,120_MIN,ZE_DO_EUCRAZIO;ZE_DO_EUCRAZIO;C:\Users\User\projeto_fluxo\TRIN_HISTORICO\00_DUPLICIDADES_FRACTAIS\0120_120_MIN\win\WIN_120min_2026_2026.csv
WIN_120min_2026_2026.csv;WIN;120_MIN;21/01/2026;05/06/2026;458;21;OK;98;100;EXCELENTE;WIN,120_MIN,ZE_DO_EUCRAZIO;ZE_DO_EUCRAZIO;C:\Users\User\projeto_fluxo\TRIN_HISTORICO\00_DUPLICIDADES_FRACTAIS\0120_120_MIN\win\WIN_120min_2026_2026.csv
WIN_180min_2026_2026.csv;WIN;180_MIN;21/01/2026;05/06/2026;366;21;OK;98;100;EXCELENTE;WIN,180_MIN,ZE_DO_EUCRAZIO;ZE_DO_EUCRAZIO;C:\Users\User\projeto_fluxo\TRIN_HISTORICO\00_DUPLICIDADES_FRACTAIS\0180_180_MIN\win\WIN_180min_2026_2026.csv
WIN_180min_2026_2026.csv;WIN;180_MIN;21/01/2026;05/06/2026;366;21;OK;98;100;EXCELENTE;WIN,180_MIN,ZE_DO_EUCRAZIO;ZE_DO_EUCRAZIO;C:\Users\User\projeto_fluxo\TRIN_HISTORICO\00_DUPLICIDADES_FRACTAIS\0180_180_MIN\win\WIN_180min_2026_2026.csv
WIN_240min_2026_2026.csv;WIN;240_MIN;21/01/2026;05/06/2026;275;21;OK;98;100;EXCELENTE;WIN,240_MIN,ZE_DO_EUCRAZIO;ZE_DO_EUCRAZIO;C:\Users\User\projeto_fluxo\TRIN_HISTORICO\00_DUPLICIDADES_FRACTAIS\0240_240_MIN\win\WIN_240min_2026_2026.csv
WIN_240min_2026_2026.csv;WIN;240_MIN;21/01/2026;05/06/2026;275;21;OK;98;100;EXCELENTE;WIN,240_MIN,ZE_DO_EUCRAZIO;ZE_DO_EUCRAZIO;C:\Users\User\projeto_fluxo\TRIN_HISTORICO\00_DUPLICIDADES_FRACTAIS\0240_240_MIN\win\WIN_240min_2026_2026.csv
WIN_10min_2026_2026_CANDLES_PARCIAIS.csv;WIN;10_MIN;21/01/2026;05/06/2026;93;21;OK;98;100;EXCELENTE;WIN,10_MIN,ZE_DO_EUCRAZIO;ZE_DO_EUCRAZIO;C:\Users\User\projeto_fluxo\TRIN_HISTORICO\00_RELATORIOS\ze_do_eucrazio\WIN_10min_2026_2026_CANDLES_PARCIAIS.csv
WIN_120min_2026_2026_CANDLES_PARCIAIS.csv;WIN;120_MIN;21/01/2026;05/06/2026;93;21;OK;98;100;EXCELENTE;WIN,120_MIN,ZE_DO_EUCRAZIO;ZE_DO_EUCRAZIO;C:\Users\User\projeto_fluxo\TRIN_HISTORICO\00_RELATORIOS\ze_do_eucrazio\WIN_120min_2026_2026_CANDLES_PARCIAIS.csv
WIN_12min_2026_2026_CANDLES_PARCIAIS.csv;WIN;12_MIN;21/01/2026;05/06/2026;92;21;OK;98;100;EXCELENTE;WIN,12_MIN,ZE_DO_EUCRAZIO;ZE_DO_EUCRAZIO;C:\Users\User\projeto_fluxo\TRIN_HISTORICO\00_RELATORIOS\ze_do_eucrazio\WIN_12min_2026_2026_CANDLES_PARCIAIS.csv
WIN_15min_2026_2026_CANDLES_PARCIAIS.csv;WIN;15_MIN;21/01/2026;05/06/2026;93;21;OK;98;100;EXCELENTE;WIN,15_MIN,ZE_DO_EUCRAZIO;ZE_DO_EUCRAZIO;C:\Users\User\projeto_fluxo\TRIN_HISTORICO\00_RELATORIOS\ze_do_eucrazio\WIN_15min_2026_2026_CANDLES_PARCIAIS.csv
WIN_180min_2026_2026_CANDLES_PARCIAIS.csv;WIN;180_MIN;21/01/2026;05/06/2026;93;21;OK;98;100;EXCELENTE;WIN,180_MIN,ZE_DO_EUCRAZIO;ZE_DO_EUCRAZIO;C:\Users\User\projeto_fluxo\TRIN_HISTORICO\00_RELATORIOS\ze_do_eucrazio\WIN_180min_2026_2026_CANDLES_PARCIAIS.csv
WIN_20min_2026_2026_CANDLES_PARCIAIS.csv;WIN;20_MIN;21/01/2026;05/06/2026;93;21;OK;98;100;EXCELENTE;WIN,20_MIN,ZE_DO_EUCRAZIO;ZE_DO_EUCRAZIO;C:\Users\User\projeto_fluxo\TRIN_HISTORICO\00_RELATORIOS\ze_do_eucrazio\WIN_20min_2026_2026_CANDLES_PARCIAIS.csv
WIN_240min_2026_2026_CANDLES_PARCIAIS.csv;WIN;240_MIN;21/01/2026;05/06/2026;93;21;OK;98;100;EXCELENTE;WIN,240_MIN,ZE_DO_EUCRAZIO;ZE_DO_EUCRAZIO;C:\Users\User\projeto_fluxo\TRIN_HISTORICO\00_RELATORIOS\ze_do_eucrazio\WIN_240min_2026_2026_CANDLES_PARCIAIS.csv
WIN_30min_2026_2026_CANDLES_PARCIAIS.csv;WIN;30_MIN;21/01/2026;05/06/2026;93;21;OK;98;100;EXCELENTE;WIN,30_MIN,ZE_DO_EUCRAZIO;ZE_DO_EUCRAZIO;C:\Users\User\projeto_fluxo\TRIN_HISTORICO\00_RELATORIOS\ze_do_eucrazio\WIN_30min_2026_2026_CANDLES_PARCIAIS.csv
WIN_45min_2026_2026_CANDLES_PARCIAIS.csv;WIN;45_MIN;21/01/2026;05/06/2026;93;21;OK;98;100;EXCELENTE;WIN,45_MIN,ZE_DO_EUCRAZIO;ZE_DO_EUCRAZIO;C:\Users\User\projeto_fluxo\TRIN_HISTORICO\00_RELATORIOS\ze_do_eucrazio\WIN_45min_2026_2026_CANDLES_PARCIAIS.csv
WIN_4min_2026_2026_CANDLES_PARCIAIS.csv;WIN;4_MIN;21/01/2026;05/06/2026;92;21;OK;98;100;EXCELENTE;WIN,4_MIN,ZE_DO_EUCRAZIO;ZE_DO_EUCRAZIO;C:\Users\User\projeto_fluxo\TRIN_HISTORICO\00_RELATORIOS\ze_do_eucrazio\WIN_4min_2026_2026_CANDLES_PARCIAIS.csv
WIN_5min_2026_2026_CANDLES_PARCIAIS.csv;WIN;5_MIN;21/01/2026;03/06/2026;35;21;OK;98;100;EXCELENTE;WIN,5_MIN,ZE_DO_EUCRAZIO;ZE_DO_EUCRAZIO;C:\Users\User\projeto_fluxo\TRIN_HISTORICO\00_RELATORIOS\ze_do_eucrazio\WIN_5min_2026_2026_CANDLES_PARCIAIS.csv
WIN_60min_2026_2026_CANDLES_PARCIAIS.csv;WIN;60_MIN;21/01/2026;05/06/2026;93;21;OK;98;100;EXCELENTE;WIN,60_MIN,ZE_DO_EUCRAZIO;ZE_DO_EUCRAZIO;C:\Users\User\projeto_fluxo\TRIN_HISTORICO\00_RELATORIOS\ze_do_eucrazio\WIN_60min_2026_2026_CANDLES_PARCIAIS.csv
WIN_6min_2026_2026_CANDLES_PARCIAIS.csv;WIN;6_MIN;21/01/2026;05/06/2026;92;21;OK;98;100;EXCELENTE;WIN,6_MIN,ZE_DO_EUCRAZIO;ZE_DO_EUCRAZIO;C:\Users\User\projeto_fluxo\TRIN_HISTORICO\00_RELATORIOS\ze_do_eucrazio\WIN_6min_2026_2026_CANDLES_PARCIAIS.csv
WIN_7min_2026_2026_CANDLES_PARCIAIS.csv;WIN;7_MIN;22/01/2026;05/06/2026;92;21;OK;98;100;EXCELENTE;WIN,7_MIN,ZE_DO_EUCRAZIO;ZE_DO_EUCRAZIO;C:\Users\User\projeto_fluxo\TRIN_HISTORICO\00_RELATORIOS\ze_do_eucrazio\WIN_7min_2026_2026_CANDLES_PARCIAIS.csv
WIN_8min_2026_2026_CANDLES_PARCIAIS.csv;WIN;8_MIN;21/01/2026;05/06/2026;93;21;OK;98;100;EXCELENTE;WIN,8_MIN,ZE_DO_EUCRAZIO;ZE_DO_EUCRAZIO;C:\Users\User\projeto_fluxo\TRIN_HISTORICO\00_RELATORIOS\ze_do_eucrazio\WIN_8min_2026_2026_CANDLES_PARCIAIS.csv
WIN_90min_2026_2026_CANDLES_PARCIAIS.csv;WIN;90_MIN;21/01/2026;05/06/2026;93;21;OK;98;100;EXCELENTE;WIN,90_MIN,ZE_DO_EUCRAZIO;ZE_DO_EUCRAZIO;C:\Users\User\projeto_fluxo\TRIN_HISTORICO\00_RELATORIOS\ze_do_eucrazio\WIN_90min_2026_2026_CANDLES_PARCIAIS.csv
WIN_9min_2026_2026_CANDLES_PARCIAIS.csv;WIN;9_MIN;21/01/2026;05/06/2026;93;21;OK;98;100;EXCELENTE;WIN,9_MIN,ZE_DO_EUCRAZIO;ZE_DO_EUCRAZIO;C:\Users\User\projeto_fluxo\TRIN_HISTORICO\00_RELATORIOS\ze_do_eucrazio\WIN_9min_2026_2026_CANDLES_PARCIAIS.csv
WDO_10min2022_2023.csv;WDO;10_MIN;11/11/2022;29/12/2022;1913;9;OK;100;100;EXCELENTE;WDO,10_MIN,PROFIT;PROFIT;C:\Users\User\projeto_fluxo\TRIN_HISTORICO\010_10_MIN\wdo\WDO_10min2022_2023.csv
WDO_10min_2023_2024.csv;WDO;10_MIN;02/01/2023;28/12/2023;13622;9;OK;100;100;EXCELENTE;WDO,10_MIN,PROFIT;PROFIT;C:\Users\User\projeto_fluxo\TRIN_HISTORICO\010_10_MIN\wdo\WDO_10min_2023_2024.csv
WDO_10min_2024_2025.csv;WDO;10_MIN;02/01/2024;30/12/2024;14278;9;OK;100;100;EXCELENTE;WDO,10_MIN,PROFIT;PROFIT;C:\Users\User\projeto_fluxo\TRIN_HISTORICO\010_10_MIN\wdo\WDO_10min_2024_2025.csv
WDO_10min_2025_2026.csv;WDO;10_MIN;02/01/2025;30/12/2025;14226;9;OK;100;100;EXCELENTE;WDO,10_MIN,PROFIT;PROFIT;C:\Users\User\projeto_fluxo\TRIN_HISTORICO\010_10_MIN\wdo\WDO_10min_2025_2026.csv
WDO_10min_2026_2026.csv;WDO;10_MIN;02/01/2026;05/06/2026;5961;9;OK;100;100;EXCELENTE;WDO,10_MIN,PROFIT;PROFIT;C:\Users\User\projeto_fluxo\TRIN_HISTORICO\010_10_MIN\wdo\WDO_10min_2026_2026.csv
WIN_10min_2022_2023.csv;WIN;10_MIN;11/11/2022;29/12/2022;1919;9;OK;100;100;EXCELENTE;WIN,10_MIN,PROFIT;PROFIT;C:\Users\User\projeto_fluxo\TRIN_HISTORICO\010_10_MIN\win\WIN_10min_2022_2023.csv
WIN_10min_2023_2024.csv;WIN;10_MIN;02/01/2023;28/12/2023;13622;9;OK;100;100;EXCELENTE;WIN,10_MIN,PROFIT;PROFIT;C:\Users\User\projeto_fluxo\TRIN_HISTORICO\010_10_MIN\win\WIN_10min_2023_2024.csv
WIN_10min_2024_2025.csv;WIN;10_MIN;02/01/2024;30/12/2024;14283;9;OK;100;100;EXCELENTE;WIN,10_MIN,PROFIT;PROFIT;C:\Users\User\projeto_fluxo\TRIN_HISTORICO\010_10_MIN\win\WIN_10min_2024_2025.csv
WIN_10min_2025_2026.csv;WIN;10_MIN;02/01/2025;30/12/2025;14215;9;OK;100;100;EXCELENTE;WIN,10_MIN,PROFIT;PROFIT;C:\Users\User\projeto_fluxo\TRIN_HISTORICO\010_10_MIN\win\WIN_10min_2025_2026.csv
WIN_10min_2026_2026 (2).csv;WIN;10_MIN;21/01/2026;05/06/2026;5204;21;OK;100;100;EXCELENTE;WIN,10_MIN,PROFIT;PROFIT;C:\Users\User\projeto_fluxo\TRIN_HISTORICO\010_10_MIN\win\WIN_10min_2026_2026 (2).csv
WIN_10min_2026_2026.csv;WIN;10_MIN;02/01/2026;05/06/2026;5961;9;OK;100;100;EXCELENTE;WIN,10_MIN,PROFIT;PROFIT;C:\Users\User\projeto_fluxo\TRIN_HISTORICO\010_10_MIN\win\WIN_10min_2026_2026.csv
WIN_12min_2026_2026.csv;WIN;12_MIN;21/01/2026;05/06/2026;4350;21;OK;98;100;EXCELENTE;WIN,12_MIN,ZE_DO_EUCRAZIO;ZE_DO_EUCRAZIO;C:\Users\User\projeto_fluxo\TRIN_HISTORICO\012_12_MIN\win\WIN_12min_2026_2026.csv
WIN_15min_2026_2026.csv;WIN;15_MIN;21/01/2026;05/06/2026;3470;21;OK;100;100;EXCELENTE;WIN,15_MIN,PROFIT;PROFIT;C:\Users\User\projeto_fluxo\TRIN_HISTORICO\015_15_MIN\win\WIN_15min_2026_2026.csv
WIN_15min_2026_2026.csv;WIN;15_MIN;21/01/2026;05/06/2026;3470;21;OK;100;100;EXCELENTE;WIN,15_MIN,PROFIT;PROFIT;C:\Users\User\projeto_fluxo\TRIN_HISTORICO\015_15_MIN\win\WIN_15min_2026_2026.csv
WIN_20min_2026_2026.csv;WIN;20_MIN;21/01/2026;05/06/2026;2648;21;OK;98;100;EXCELENTE;WIN,20_MIN,ZE_DO_EUCRAZIO;ZE_DO_EUCRAZIO;C:\Users\User\projeto_fluxo\TRIN_HISTORICO\020_20_MIN\win\WIN_20min_2026_2026.csv
WDO_30min_2014_2016.csv;WDO;30_MIN;05/03/2015;30/12/2015;3666;9;OK;100;100;EXCELENTE;WDO,30_MIN,PROFIT;PROFIT;C:\Users\User\projeto_fluxo\TRIN_HISTORICO\030_30_MIN\wdo\WDO_30min_2014_2016.csv
WDO_30min_2016_2018.csv;WDO;30_MIN;04/01/2016;28/12/2017;7624;9;OK;100;100;EXCELENTE;WDO,30_MIN,PROFIT;PROFIT;C:\Users\User\projeto_fluxo\TRIN_HISTORICO\030_30_MIN\wdo\WDO_30min_2016_2018.csv
WDO_30min_2018_2020.csv;WDO;30_MIN;02/01/2018;30/12/2019;9022;9;OK;100;100;EXCELENTE;WDO,30_MIN,PROFIT;PROFIT;C:\Users\User\projeto_fluxo\TRIN_HISTORICO\030_30_MIN\wdo\WDO_30min_2018_2020.csv
WDO_30min_2020_2022.csv;WDO;30_MIN;02/01/2020;30/12/2021;9080;9;OK;100;100;EXCELENTE;WDO,30_MIN,PROFIT;PROFIT;C:\Users\User\projeto_fluxo\TRIN_HISTORICO\030_30_MIN\wdo\WDO_30min_2020_2022.csv
WDO_30min_2022_2024.csv;WDO;30_MIN;03/01/2022;28/12/2023;9119;9;OK;100;100;EXCELENTE;WDO,30_MIN,PROFIT;PROFIT;C:\Users\User\projeto_fluxo\TRIN_HISTORICO\030_30_MIN\wdo\WDO_30min_2022_2024.csv
WDO_30min_2024_2026.csv;WDO;30_MIN;02/01/2024;30/12/2025;9502;9;OK;100;100;EXCELENTE;WDO,30_MIN,PROFIT;PROFIT;C:\Users\User\projeto_fluxo\TRIN_HISTORICO\030_30_MIN\wdo\WDO_30min_2024_2026.csv
WDO_30min_2026_2026.csv;WDO;30_MIN;02/01/2026;05/06/2026;1987;9;OK;100;100;EXCELENTE;WDO,30_MIN,PROFIT;PROFIT;C:\Users\User\projeto_fluxo\TRIN_HISTORICO\030_30_MIN\wdo\WDO_30min_2026_2026.csv
WIN_30min_2012_2014.csv;WIN;30_MIN;14/06/2012;30/12/2013;6768;9;OK;100;100;EXCELENTE;WIN,30_MIN,PROFIT;PROFIT;C:\Users\User\projeto_fluxo\TRIN_HISTORICO\030_30_MIN\win\WIN_30min_2012_2014.csv
WIN_30min_2014_2016.csv;WIN;30_MIN;02/01/2014;30/12/2015;8860;9;OK;100;100;EXCELENTE;WIN,30_MIN,PROFIT;PROFIT;C:\Users\User\projeto_fluxo\TRIN_HISTORICO\030_30_MIN\win\WIN_30min_2014_2016.csv
WIN_30min_2016_2018.csv;WIN;30_MIN;04/01/2016;28/12/2017;8646;9;OK;100;100;EXCELENTE;WIN,30_MIN,PROFIT;PROFIT;C:\Users\User\projeto_fluxo\TRIN_HISTORICO\030_30_MIN\win\WIN_30min_2016_2018.csv
WIN_30min_2018_2020.csv;WIN;30_MIN;02/01/2018;30/12/2019;9022;9;OK;100;100;EXCELENTE;WIN,30_MIN,PROFIT;PROFIT;C:\Users\User\projeto_fluxo\TRIN_HISTORICO\030_30_MIN\win\WIN_30min_2018_2020.csv
WIN_30min_2020_2022.csv;WIN;30_MIN;02/01/2020;30/12/2021;9081;9;OK;100;100;EXCELENTE;WIN,30_MIN,PROFIT;PROFIT;C:\Users\User\projeto_fluxo\TRIN_HISTORICO\030_30_MIN\win\WIN_30min_2020_2022.csv
WIN_30min_2022_2024.csv;WIN;30_MIN;03/01/2022;28/12/2023;9119;9;OK;100;100;EXCELENTE;WIN,30_MIN,PROFIT;PROFIT;C:\Users\User\projeto_fluxo\TRIN_HISTORICO\030_30_MIN\win\WIN_30min_2022_2024.csv
WIN_30min_2026_2026 (2).csv;WIN;30_MIN;02/01/2026;05/06/2026;1987;9;OK;100;100;EXCELENTE;WIN,30_MIN,PROFIT;PROFIT;C:\Users\User\projeto_fluxo\TRIN_HISTORICO\030_30_MIN\win\WIN_30min_2026_2026 (2).csv
WIN_30min_2026_2026.csv;WIN;30_MIN;21/01/2026;05/06/2026;1736;21;OK;100;100;EXCELENTE;WIN,30_MIN,PROFIT;PROFIT;C:\Users\User\projeto_fluxo\TRIN_HISTORICO\030_30_MIN\win\WIN_30min_2026_2026.csv
WIN_45min_2026_2026.csv;WIN;45_MIN;21/01/2026;05/06/2026;1188;21;OK;98;100;EXCELENTE;WIN,45_MIN,ZE_DO_EUCRAZIO;ZE_DO_EUCRAZIO;C:\Users\User\projeto_fluxo\TRIN_HISTORICO\045_45_MIN\win\WIN_45min_2026_2026.csv
WDO_60MIN_2012_2014.csv;WDO;60_MIN;02/01/2014;30/12/2015;4425;9;OK;100;100;EXCELENTE;WDO,60_MIN,PROFIT;PROFIT;C:\Users\User\projeto_fluxo\TRIN_HISTORICO\060_60_MIN\wdo\WDO_60MIN_2012_2014.csv
WDO_60min_2014_2016.csv;WDO;60_MIN;02/01/2014;30/12/2015;4425;9;OK;100;100;EXCELENTE;WDO,60_MIN,PROFIT;PROFIT;C:\Users\User\projeto_fluxo\TRIN_HISTORICO\060_60_MIN\wdo\WDO_60min_2014_2016.csv
WDO_60min_2016_2018.csv;WDO;60_MIN;04/01/2016;28/12/2017;3888;9;OK;100;100;EXCELENTE;WDO,60_MIN,PROFIT;PROFIT;C:\Users\User\projeto_fluxo\TRIN_HISTORICO\060_60_MIN\wdo\WDO_60min_2016_2018.csv
WDO_60min_2018_2020.csv;WDO;60_MIN;02/01/2018;30/12/2019;4593;9;OK;100;100;EXCELENTE;WDO,60_MIN,PROFIT;PROFIT;C:\Users\User\projeto_fluxo\TRIN_HISTORICO\060_60_MIN\wdo\WDO_60min_2018_2020.csv
WDO_60min_2020_2022.csv;WDO;60_MIN;02/01/2020;30/12/2021;4625;9;OK;100;100;EXCELENTE;WDO,60_MIN,PROFIT;PROFIT;C:\Users\User\projeto_fluxo\TRIN_HISTORICO\060_60_MIN\wdo\WDO_60min_2020_2022.csv
WDO_60min_2022_2024.csv;WDO;60_MIN;03/01/2022;28/12/2023;4645;9;OK;100;100;EXCELENTE;WDO,60_MIN,PROFIT;PROFIT;C:\Users\User\projeto_fluxo\TRIN_HISTORICO\060_60_MIN\wdo\WDO_60min_2022_2024.csv
WDO_60min_2024_2026.csv;WDO;60_MIN;02/01/2024;30/12/2025;5001;9;OK;100;100;EXCELENTE;WDO,60_MIN,PROFIT;PROFIT;C:\Users\User\projeto_fluxo\TRIN_HISTORICO\060_60_MIN\wdo\WDO_60min_2024_2026.csv
WDO_60min_2026_2026.csv;WDO;60_MIN;02/01/2026;05/06/2026;1046;9;OK;100;100;EXCELENTE;WDO,60_MIN,PROFIT;PROFIT;C:\Users\User\projeto_fluxo\TRIN_HISTORICO\060_60_MIN\wdo\WDO_60min_2026_2026.csv
WIN_60min_2012_2014.csv;WIN;60_MIN;18/04/2012;30/12/2013;3784;9;OK;100;100;EXCELENTE;WIN,60_MIN,PROFIT;PROFIT;C:\Users\User\projeto_fluxo\TRIN_HISTORICO\060_60_MIN\win\WIN_60min_2012_2014.csv
WIN_60min_2014_2016.csv;WIN;60_MIN;02/01/2014;30/12/2015;4435;9;OK;100;100;EXCELENTE;WIN,60_MIN,PROFIT;PROFIT;C:\Users\User\projeto_fluxo\TRIN_HISTORICO\060_60_MIN\win\WIN_60min_2014_2016.csv
WIN_60min_2016_2018.csv;WIN;60_MIN;04/01/2016;28/12/2017;4415;9;OK;100;100;EXCELENTE;WIN,60_MIN,PROFIT;PROFIT;C:\Users\User\projeto_fluxo\TRIN_HISTORICO\060_60_MIN\win\WIN_60min_2016_2018.csv
WIN_60min_2018_2020.csv;WIN;60_MIN;02/01/2018;30/12/2019;4593;9;OK;100;100;EXCELENTE;WIN,60_MIN,PROFIT;PROFIT;C:\Users\User\projeto_fluxo\TRIN_HISTORICO\060_60_MIN\win\WIN_60min_2018_2020.csv
WIN_60min_2020_2022.csv;WIN;60_MIN;02/01/2020;30/12/2021;4625;9;OK;100;100;EXCELENTE;WIN,60_MIN,PROFIT;PROFIT;C:\Users\User\projeto_fluxo\TRIN_HISTORICO\060_60_MIN\win\WIN_60min_2020_2022.csv
WIN_60min_2022_2024.csv;WIN;60_MIN;03/01/2022;28/12/2023;4645;9;OK;100;100;EXCELENTE;WIN,60_MIN,PROFIT;PROFIT;C:\Users\User\projeto_fluxo\TRIN_HISTORICO\060_60_MIN\win\WIN_60min_2022_2024.csv
WIN_60min_2024_2026.csv;WIN;60_MIN;02/01/2024;30/12/2025;5002;9;OK;100;100;EXCELENTE;WIN,60_MIN,PROFIT;PROFIT;C:\Users\User\projeto_fluxo\TRIN_HISTORICO\060_60_MIN\win\WIN_60min_2024_2026.csv
WIN_60min_2026_2026 (2).csv;WIN;60_MIN;02/01/2026;05/06/2026;1046;9;OK;100;100;EXCELENTE;WIN,60_MIN,PROFIT;PROFIT;C:\Users\User\projeto_fluxo\TRIN_HISTORICO\060_60_MIN\win\WIN_60min_2026_2026 (2).csv
WIN_60min_2026_2026.csv;WIN;60_MIN;21/01/2026;05/06/2026;914;21;OK;100;100;EXCELENTE;WIN,60_MIN,PROFIT;PROFIT;C:\Users\User\projeto_fluxo\TRIN_HISTORICO\060_60_MIN\win\WIN_60min_2026_2026.csv
WIN_90min_2026_2026.csv;WIN;90_MIN;21/01/2026;05/06/2026;640;21;OK;98;100;EXCELENTE;WIN,90_MIN,ZE_DO_EUCRAZIO;ZE_DO_EUCRAZIO;C:\Users\User\projeto_fluxo\TRIN_HISTORICO\090_90_MIN\win\WIN_90min_2026_2026.csv
WDO_DIARIO_2005_2006.csv;WDO;DIARIO;17/05/2005;28/12/2006;402;8;OK;98;100;EXCELENTE;WDO,DIARIO,ZE_DO_EUCRAZIO,MACRO_FRACTAL;ZE_DO_EUCRAZIO;C:\Users\User\projeto_fluxo\TRIN_HISTORICO\120_120_MIN\D01_DIARIO\wdo\WDO_DIARIO_2005_2006.csv
WDO_DIARIO_2007_2008.csv;WDO;DIARIO;02/01/2007;28/12/2007;245;8;OK;98;100;EXCELENTE;WDO,DIARIO,ZE_DO_EUCRAZIO,MACRO_FRACTAL;ZE_DO_EUCRAZIO;C:\Users\User\projeto_fluxo\TRIN_HISTORICO\120_120_MIN\D01_DIARIO\wdo\WDO_DIARIO_2007_2008.csv
WDO_DIARIO_2008_2009.csv;WDO;DIARIO;02/01/2008;30/12/2008;249;8;OK;98;100;EXCELENTE;WDO,DIARIO,ZE_DO_EUCRAZIO,MACRO_FRACTAL;ZE_DO_EUCRAZIO;C:\Users\User\projeto_fluxo\TRIN_HISTORICO\120_120_MIN\D01_DIARIO\wdo\WDO_DIARIO_2008_2009.csv
WDO_DIARIO_2009_2010.csv;WDO;DIARIO;02/01/2009;30/12/2010;493;8;OK;98;100;EXCELENTE;WDO,DIARIO,ZE_DO_EUCRAZIO,MACRO_FRACTAL;ZE_DO_EUCRAZIO;C:\Users\User\projeto_fluxo\TRIN_HISTORICO\120_120_MIN\D01_DIARIO\wdo\WDO_DIARIO_2009_2010.csv
WDO_DIARIO_2010_2011.csv;WDO;DIARIO;04/01/2010;30/12/2010;247;8;OK;98;100;EXCELENTE;WDO,DIARIO,ZE_DO_EUCRAZIO,MACRO_FRACTAL;ZE_DO_EUCRAZIO;C:\Users\User\projeto_fluxo\TRIN_HISTORICO\120_120_MIN\D01_DIARIO\wdo\WDO_DIARIO_2010_2011.csv
WDO_DIARIO_2013_2014.csv;WDO;DIARIO;02/01/2013;30/12/2014;496;8;OK;98;100;EXCELENTE;WDO,DIARIO,ZE_DO_EUCRAZIO,MACRO_FRACTAL;ZE_DO_EUCRAZIO;C:\Users\User\projeto_fluxo\TRIN_HISTORICO\120_120_MIN\D01_DIARIO\wdo\WDO_DIARIO_2013_2014.csv
WDO_DIARIO_2015_2017.csv;WDO;DIARIO;02/01/2015;29/12/2016;495;8;OK;98;100;EXCELENTE;WDO,DIARIO,ZE_DO_EUCRAZIO,MACRO_FRACTAL;ZE_DO_EUCRAZIO;C:\Users\User\projeto_fluxo\TRIN_HISTORICO\120_120_MIN\D01_DIARIO\wdo\WDO_DIARIO_2015_2017.csv
WDO_DIARIO_2019_2020.csv;WDO;DIARIO;02/01/2019;30/12/2019;248;8;OK;98;100;EXCELENTE;WDO,DIARIO,ZE_DO_EUCRAZIO,MACRO_FRACTAL;ZE_DO_EUCRAZIO;C:\Users\User\projeto_fluxo\TRIN_HISTORICO\120_120_MIN\D01_DIARIO\wdo\WDO_DIARIO_2019_2020.csv
WDO_DIARIO_2020_2022.csv;WDO;DIARIO;02/01/2020;30/12/2021;496;8;OK;98;100;EXCELENTE;WDO,DIARIO,ZE_DO_EUCRAZIO,MACRO_FRACTAL;ZE_DO_EUCRAZIO;C:\Users\User\projeto_fluxo\TRIN_HISTORICO\120_120_MIN\D01_DIARIO\wdo\WDO_DIARIO_2020_2022.csv
WDO_DIARIO_2022_2024.csv;WDO;DIARIO;03/01/2022;28/12/2023;498;8;OK;98;100;EXCELENTE;WDO,DIARIO,ZE_DO_EUCRAZIO,MACRO_FRACTAL;ZE_DO_EUCRAZIO;C:\Users\User\projeto_fluxo\TRIN_HISTORICO\120_120_MIN\D01_DIARIO\wdo\WDO_DIARIO_2022_2024.csv
WDO_DIARIO_2024_2026.csv;WDO;DIARIO;02/01/2024;30/12/2025;501;8;OK;98;100;EXCELENTE;WDO,DIARIO,ZE_DO_EUCRAZIO,MACRO_FRACTAL;ZE_DO_EUCRAZIO;C:\Users\User\projeto_fluxo\TRIN_HISTORICO\120_120_MIN\D01_DIARIO\wdo\WDO_DIARIO_2024_2026.csv
WDO_DIARIO_2026_2026.csv;WDO;DIARIO;02/01/2026;05/06/2026;105;8;OK;98;100;EXCELENTE;WDO,DIARIO,ZE_DO_EUCRAZIO,MACRO_FRACTAL;ZE_DO_EUCRAZIO;C:\Users\User\projeto_fluxo\TRIN_HISTORICO\120_120_MIN\D01_DIARIO\wdo\WDO_DIARIO_2026_2026.csv
WDO_Diário_2011_2013.csv;WDO;DIARIO;03/01/2011;28/12/2012;495;8;OK;98;100;EXCELENTE;WDO,DIARIO,ZE_DO_EUCRAZIO,MACRO_FRACTAL;ZE_DO_EUCRAZIO;C:\Users\User\projeto_fluxo\TRIN_HISTORICO\120_120_MIN\D01_DIARIO\wdo\WDO_Diário_2011_2013.csv
WIN_DIARIO_2017_2019.csv;WIN;DIARIO;02/01/2017;28/12/2018;491;8;OK;98;100;EXCELENTE;WIN,DIARIO,ZE_DO_EUCRAZIO,MACRO_FRACTAL;ZE_DO_EUCRAZIO;C:\Users\User\projeto_fluxo\TRIN_HISTORICO\120_120_MIN\D01_DIARIO\wdo\WIN_DIARIO_2017_2019.csv
WIN_DIARIO_2005_2006.csv;WIN;DIARIO;17/05/2005;28/12/2006;404;8;OK;98;100;EXCELENTE;WIN,DIARIO,ZE_DO_EUCRAZIO,MACRO_FRACTAL;ZE_DO_EUCRAZIO;C:\Users\User\projeto_fluxo\TRIN_HISTORICO\120_120_MIN\D01_DIARIO\win\WIN_DIARIO_2005_2006.csv
WIN_DIARIO_2007_2008.csv;WIN;DIARIO;02/01/2007;28/12/2007;245;8;OK;98;100;EXCELENTE;WIN,DIARIO,ZE_DO_EUCRAZIO,MACRO_FRACTAL;ZE_DO_EUCRAZIO;C:\Users\User\projeto_fluxo\TRIN_HISTORICO\120_120_MIN\D01_DIARIO\win\WIN_DIARIO_2007_2008.csv
WIN_DIARIO_2008_2009.csv;WIN;DIARIO;02/01/2008;30/12/2008;249;8;OK;98;100;EXCELENTE;WIN,DIARIO,ZE_DO_EUCRAZIO,MACRO_FRACTAL;ZE_DO_EUCRAZIO;C:\Users\User\projeto_fluxo\TRIN_HISTORICO\120_120_MIN\D01_DIARIO\win\WIN_DIARIO_2008_2009.csv
WIN_DIARIO_2009_2010.csv;WIN;DIARIO;02/01/2009;30/12/2010;493;8;OK;98;100;EXCELENTE;WIN,DIARIO,ZE_DO_EUCRAZIO,MACRO_FRACTAL;ZE_DO_EUCRAZIO;C:\Users\User\projeto_fluxo\TRIN_HISTORICO\120_120_MIN\D01_DIARIO\win\WIN_DIARIO_2009_2010.csv
WIN_DIARIO_2010_2011.csv;WIN;DIARIO;04/01/2010;30/12/2010;247;8;OK;98;100;EXCELENTE;WIN,DIARIO,ZE_DO_EUCRAZIO,MACRO_FRACTAL;ZE_DO_EUCRAZIO;C:\Users\User\projeto_fluxo\TRIN_HISTORICO\120_120_MIN\D01_DIARIO\win\WIN_DIARIO_2010_2011.csv
WIN_DIARIO_2011_2013.csv;WIN;DIARIO;03/01/2011;28/12/2012;495;8;OK;98;100;EXCELENTE;WIN,DIARIO,ZE_DO_EUCRAZIO,MACRO_FRACTAL;ZE_DO_EUCRAZIO;C:\Users\User\projeto_fluxo\TRIN_HISTORICO\120_120_MIN\D01_DIARIO\win\WIN_DIARIO_2011_2013.csv
WIN_DIARIO_2013_2015.csv;WIN;DIARIO;02/01/2013;30/12/2014;496;8;OK;98;100;EXCELENTE;WIN,DIARIO,ZE_DO_EUCRAZIO,MACRO_FRACTAL;ZE_DO_EUCRAZIO;C:\Users\User\projeto_fluxo\TRIN_HISTORICO\120_120_MIN\D01_DIARIO\win\WIN_DIARIO_2013_2015.csv
WIN_DIARIO_2015_2017.csv;WIN;DIARIO;02/01/2015;29/12/2016;495;8;OK;98;100;EXCELENTE;WIN,DIARIO,ZE_DO_EUCRAZIO,MACRO_FRACTAL;ZE_DO_EUCRAZIO;C:\Users\User\projeto_fluxo\TRIN_HISTORICO\120_120_MIN\D01_DIARIO\win\WIN_DIARIO_2015_2017.csv
WIN_DIARIO_2019_2020.csv;WIN;DIARIO;02/01/2019;30/12/2019;248;8;OK;98;100;EXCELENTE;WIN,DIARIO,ZE_DO_EUCRAZIO,MACRO_FRACTAL;ZE_DO_EUCRAZIO;C:\Users\User\projeto_fluxo\TRIN_HISTORICO\120_120_MIN\D01_DIARIO\win\WIN_DIARIO_2019_2020.csv
WIN_DIARIO_2020_2022.csv;WIN;DIARIO;02/01/2020;30/12/2021;496;8;OK;98;100;EXCELENTE;WIN,DIARIO,ZE_DO_EUCRAZIO,MACRO_FRACTAL;ZE_DO_EUCRAZIO;C:\Users\User\projeto_fluxo\TRIN_HISTORICO\120_120_MIN\D01_DIARIO\win\WIN_DIARIO_2020_2022.csv
WIN_DIARIO_2022_2024.csv;WIN;DIARIO;03/01/2022;28/12/2023;498;8;OK;98;100;EXCELENTE;WIN,DIARIO,ZE_DO_EUCRAZIO,MACRO_FRACTAL;ZE_DO_EUCRAZIO;C:\Users\User\projeto_fluxo\TRIN_HISTORICO\120_120_MIN\D01_DIARIO\win\WIN_DIARIO_2022_2024.csv
WIN_DIARIO_2024_2026.csv;WIN;DIARIO;02/01/2024;30/12/2025;501;8;OK;98;100;EXCELENTE;WIN,DIARIO,ZE_DO_EUCRAZIO,MACRO_FRACTAL;ZE_DO_EUCRAZIO;C:\Users\User\projeto_fluxo\TRIN_HISTORICO\120_120_MIN\D01_DIARIO\win\WIN_DIARIO_2024_2026.csv
WIN_DIARIO_2026_2026.csv;WIN;DIARIO;02/01/2026;05/06/2026;105;8;OK;98;100;EXCELENTE;WIN,DIARIO,ZE_DO_EUCRAZIO,MACRO_FRACTAL;ZE_DO_EUCRAZIO;C:\Users\User\projeto_fluxo\TRIN_HISTORICO\120_120_MIN\D01_DIARIO\win\WIN_DIARIO_2026_2026.csv
WIN_120min_2026_2026.csv;WIN;120_MIN;21/01/2026;05/06/2026;458;21;OK;98;100;EXCELENTE;WIN,120_MIN,ZE_DO_EUCRAZIO;ZE_DO_EUCRAZIO;C:\Users\User\projeto_fluxo\TRIN_HISTORICO\120_120_MIN\win\WIN_120min_2026_2026.csv
WIN_120min_2026_2026.csv;WIN;120_MIN;21/01/2026;05/06/2026;458;21;OK;98;100;EXCELENTE;WIN,120_MIN,ZE_DO_EUCRAZIO;ZE_DO_EUCRAZIO;C:\Users\User\projeto_fluxo\TRIN_HISTORICO\120_120_MIN\win\WIN_120min_2026_2026.csv
WIN_180min_2026_2026.csv;WIN;180_MIN;21/01/2026;05/06/2026;366;21;OK;98;100;EXCELENTE;WIN,180_MIN,ZE_DO_EUCRAZIO;ZE_DO_EUCRAZIO;C:\Users\User\projeto_fluxo\TRIN_HISTORICO\180_180_MIN\win\WIN_180min_2026_2026.csv
WIN_180min_2026_2026.csv;WIN;180_MIN;21/01/2026;05/06/2026;366;21;OK;98;100;EXCELENTE;WIN,180_MIN,ZE_DO_EUCRAZIO;ZE_DO_EUCRAZIO;C:\Users\User\projeto_fluxo\TRIN_HISTORICO\180_180_MIN\win\WIN_180min_2026_2026.csv
WIN_240min_2026_2026.csv;WIN;240_MIN;21/01/2026;05/06/2026;275;21;OK;98;100;EXCELENTE;WIN,240_MIN,ZE_DO_EUCRAZIO;ZE_DO_EUCRAZIO;C:\Users\User\projeto_fluxo\TRIN_HISTORICO\240_240_MIN\win\WIN_240min_2026_2026.csv
WIN_240min_2026_2026.csv;WIN;240_MIN;21/01/2026;05/06/2026;275;21;OK;98;100;EXCELENTE;WIN,240_MIN,ZE_DO_EUCRAZIO;ZE_DO_EUCRAZIO;C:\Users\User\projeto_fluxo\TRIN_HISTORICO\240_240_MIN\win\WIN_240min_2026_2026.csv
WDOFUT_F_0_Semanal.csv;WDO;SEMANAL;17/05/2005;26/12/2006;85;8;OK;100;100;EXCELENTE;WDO,SEMANAL,PROFIT,MACRO_FRACTAL;PROFIT;C:\Users\User\projeto_fluxo\TRIN_HISTORICO\M01_MENSAL\WDOFUT_F_0_Semanal.csv
WINFUT_F_0_Semanal.csv;WIN;SEMANAL;17/05/2005;26/12/2006;85;8;OK;100;100;EXCELENTE;WIN,SEMANAL,PROFIT,MACRO_FRACTAL;PROFIT;C:\Users\User\projeto_fluxo\TRIN_HISTORICO\M01_MENSAL\WINFUT_F_0_Semanal.csv
WDO_SEMANAL_2009_2011.csv;WDO;SEMANAL;05/01/2009;27/12/2010;104;8;OK;100;100;EXCELENTE;WDO,SEMANAL,PROFIT,MACRO_FRACTAL;PROFIT;C:\Users\User\projeto_fluxo\TRIN_HISTORICO\S01_SEMANAL\wdo\WDO_SEMANAL_2009_2011.csv
WDO_SEMANAL_2011_2013.csv;WDO;SEMANAL;03/01/2011;26/12/2012;104;8;OK;100;100;EXCELENTE;WDO,SEMANAL,PROFIT,MACRO_FRACTAL;PROFIT;C:\Users\User\projeto_fluxo\TRIN_HISTORICO\S01_SEMANAL\wdo\WDO_SEMANAL_2011_2013.csv
WDO_SEMANAL_2013_2015.csv;WDO;SEMANAL;02/01/2013;29/12/2014;105;8;OK;100;100;EXCELENTE;WDO,SEMANAL,PROFIT,MACRO_FRACTAL;PROFIT;C:\Users\User\projeto_fluxo\TRIN_HISTORICO\S01_SEMANAL\wdo\WDO_SEMANAL_2013_2015.csv
WDO_SEMANAL_2015_2017.csv;WDO;SEMANAL;05/01/2015;26/12/2016;104;8;OK;100;100;EXCELENTE;WDO,SEMANAL,PROFIT,MACRO_FRACTAL;PROFIT;C:\Users\User\projeto_fluxo\TRIN_HISTORICO\S01_SEMANAL\wdo\WDO_SEMANAL_2015_2017.csv
WDO_SEMANAL_2017_2019.csv;WDO;SEMANAL;02/01/2017;26/12/2018;104;8;OK;100;100;EXCELENTE;WDO,SEMANAL,PROFIT,MACRO_FRACTAL;PROFIT;C:\Users\User\projeto_fluxo\TRIN_HISTORICO\S01_SEMANAL\wdo\WDO_SEMANAL_2017_2019.csv
WDO_SEMANAL_2019_2020.csv;WDO;SEMANAL;02/01/2019;30/12/2019;53;8;OK;100;100;EXCELENTE;WDO,SEMANAL,PROFIT,MACRO_FRACTAL;PROFIT;C:\Users\User\projeto_fluxo\TRIN_HISTORICO\S01_SEMANAL\wdo\WDO_SEMANAL_2019_2020.csv
WDO_SEMANAL_2020_2022.csv;WDO;SEMANAL;06/01/2020;27/12/2021;104;8;OK;100;100;EXCELENTE;WDO,SEMANAL,PROFIT,MACRO_FRACTAL;PROFIT;C:\Users\User\projeto_fluxo\TRIN_HISTORICO\S01_SEMANAL\wdo\WDO_SEMANAL_2020_2022.csv
WDO_SEMANAL_2024_2026.csv;WDO;SEMANAL;02/01/2024;29/12/2025;105;8;OK;100;100;EXCELENTE;WDO,SEMANAL,PROFIT,MACRO_FRACTAL;PROFIT;C:\Users\User\projeto_fluxo\TRIN_HISTORICO\S01_SEMANAL\wdo\WDO_SEMANAL_2024_2026.csv
WDO_SEMANAL_2026_2026.csv;WDO;SEMANAL;05/01/2026;01/06/2026;22;8;OK;100;100;EXCELENTE;WDO,SEMANAL,PROFIT,MACRO_FRACTAL;PROFIT;C:\Users\User\projeto_fluxo\TRIN_HISTORICO\S01_SEMANAL\wdo\WDO_SEMANAL_2026_2026.csv
WIN_Semanal_2005_2007.csv;WIN;SEMANAL;17/05/2005;26/12/2006;85;8;OK;100;100;EXCELENTE;WIN,SEMANAL,PROFIT,MACRO_FRACTAL;PROFIT;C:\Users\User\projeto_fluxo\TRIN_HISTORICO\S01_SEMANAL\win\WIN_Semanal_2005_2007.csv
WIN_SEMANAL_2007_2009.csv;WIN;SEMANAL;02/01/2007;29/12/2008;105;8;OK;100;100;EXCELENTE;WIN,SEMANAL,PROFIT,MACRO_FRACTAL;PROFIT;C:\Users\User\projeto_fluxo\TRIN_HISTORICO\S01_SEMANAL\win\WIN_SEMANAL_2007_2009.csv
WIN_SEMANAL_2009_2011.csv;WIN;SEMANAL;05/01/2009;27/12/2010;104;8;OK;100;100;EXCELENTE;WIN,SEMANAL,PROFIT,MACRO_FRACTAL;PROFIT;C:\Users\User\projeto_fluxo\TRIN_HISTORICO\S01_SEMANAL\win\WIN_SEMANAL_2009_2011.csv
WIN_SEMANAL_2011_2013.csv;WIN;SEMANAL;03/01/2011;26/12/2012;104;8;OK;100;100;EXCELENTE;WIN,SEMANAL,PROFIT,MACRO_FRACTAL;PROFIT;C:\Users\User\projeto_fluxo\TRIN_HISTORICO\S01_SEMANAL\win\WIN_SEMANAL_2011_2013.csv
WIN_SEMANAL_2013_2015.csv;WIN;SEMANAL;02/01/2013;29/12/2014;105;8;OK;100;100;EXCELENTE;WIN,SEMANAL,PROFIT,MACRO_FRACTAL;PROFIT;C:\Users\User\projeto_fluxo\TRIN_HISTORICO\S01_SEMANAL\win\WIN_SEMANAL_2013_2015.csv
WIN_SEMANAL_2015_2017.csv;WIN;SEMANAL;05/01/2015;26/12/2016;104;8;OK;100;100;EXCELENTE;WIN,SEMANAL,PROFIT,MACRO_FRACTAL;PROFIT;C:\Users\User\projeto_fluxo\TRIN_HISTORICO\S01_SEMANAL\win\WIN_SEMANAL_2015_2017.csv
WIN_SEMANAL_2017_2019.csv;WIN;SEMANAL;02/01/2017;26/12/2018;104;8;OK;100;100;EXCELENTE;WIN,SEMANAL,PROFIT,MACRO_FRACTAL;PROFIT;C:\Users\User\projeto_fluxo\TRIN_HISTORICO\S01_SEMANAL\win\WIN_SEMANAL_2017_2019.csv
WIN_SEMANAL_2018_2020.csv;WIN;SEMANAL;02/01/2019;30/12/2019;53;8;OK;100;100;EXCELENTE;WIN,SEMANAL,PROFIT,MACRO_FRACTAL;PROFIT;C:\Users\User\projeto_fluxo\TRIN_HISTORICO\S01_SEMANAL\win\WIN_SEMANAL_2018_2020.csv
WIN_SEMANAL_2020_2022.csv;WIN;SEMANAL;06/01/2020;27/12/2021;104;8;OK;100;100;EXCELENTE;WIN,SEMANAL,PROFIT,MACRO_FRACTAL;PROFIT;C:\Users\User\projeto_fluxo\TRIN_HISTORICO\S01_SEMANAL\win\WIN_SEMANAL_2020_2022.csv
WIN_SEMANAL_2022_2024.csv;WIN;SEMANAL;03/01/2022;26/12/2023;104;8;OK;100;100;EXCELENTE;WIN,SEMANAL,PROFIT,MACRO_FRACTAL;PROFIT;C:\Users\User\projeto_fluxo\TRIN_HISTORICO\S01_SEMANAL\win\WIN_SEMANAL_2022_2024.csv
WIN_SEMANAL_2024_2026.csv;WIN;SEMANAL;02/01/2024;29/12/2025;105;8;OK;100;100;EXCELENTE;WIN,SEMANAL,PROFIT,MACRO_FRACTAL;PROFIT;C:\Users\User\projeto_fluxo\TRIN_HISTORICO\S01_SEMANAL\win\WIN_SEMANAL_2024_2026.csv
WIN_SEMANAL_2026_2026.csv;WIN;SEMANAL;05/01/2026;01/06/2026;22;8;OK;100;100;EXCELENTE;WIN,SEMANAL,PROFIT,MACRO_FRACTAL;PROFIT;C:\Users\User\projeto_fluxo\TRIN_HISTORICO\S01_SEMANAL\win\WIN_SEMANAL_2026_2026.csv
