ativo;fractal_origem;fractal_destino;relacao;razao_temporal;forca_relacao;peso_relacao
WDO;10_MIN;15_MIN;AGREGA_PARA;1.5;FORTE;0.9
WDO;10_MIN;1_MIN;DETALHA_DE;10.0;MEDIA;0.7
WDO;10_MIN;30_MIN;AGREGA_PARA;3.0;FORTE;0.9
WDO;10_MIN;5_MIN;DETALHA_DE;2.0;FORTE;0.9
WDO;10_MIN;60_MIN;AGREGA_PARA;6.0;MEDIA;0.7
WDO;10_MIN;DIARIO;AGREGA_PARA;144.0;FRACA;0.45
WDO;10_MIN;SEMANAL;AGREGA_PARA;1008.0;FRACA;0.45
WDO;15_MIN;10_MIN;DETALHA_DE;1.5;FORTE;0.9
WDO;15_MIN;1_MIN;DETALHA_DE;15.0;FRACA;0.45
WDO;15_MIN;30_MIN;AGREGA_PARA;2.0;FORTE;0.9
WDO;15_MIN;5_MIN;DETALHA_DE;3.0;FORTE;0.9
WDO;15_MIN;60_MIN;AGREGA_PARA;4.0;MEDIA;0.7
WDO;15_MIN;DIARIO;AGREGA_PARA;96.0;FRACA;0.45
WDO;15_MIN;SEMANAL;AGREGA_PARA;672.0;FRACA;0.45
WDO;1_MIN;10_MIN;AGREGA_PARA;10.0;MEDIA;0.7
WDO;1_MIN;15_MIN;AGREGA_PARA;15.0;FRACA;0.45
WDO;1_MIN;30_MIN;AGREGA_PARA;30.0;FRACA;0.45
WDO;1_MIN;5_MIN;AGREGA_PARA;5.0;MEDIA;0.7
WDO;1_MIN;60_MIN;AGREGA_PARA;60.0;FRACA;0.45
WDO;1_MIN;DIARIO;AGREGA_PARA;1440.0;FRACA;0.45
WDO;1_MIN;SEMANAL;AGREGA_PARA;10080.0;FRACA;0.45
WDO;30_MIN;10_MIN;DETALHA_DE;3.0;FORTE;0.9
WDO;30_MIN;15_MIN;DETALHA_DE;2.0;FORTE;0.9
WDO;30_MIN;1_MIN;DETALHA_DE;30.0;FRACA;0.45
WDO;30_MIN;5_MIN;DETALHA_DE;6.0;MEDIA;0.7
WDO;30_MIN;60_MIN;AGREGA_PARA;2.0;FORTE;0.9
WDO;30_MIN;DIARIO;AGREGA_PARA;48.0;FRACA;0.45
WDO;30_MIN;SEMANAL;AGREGA_PARA;336.0;FRACA;0.45
WDO;5_MIN;10_MIN;AGREGA_PARA;2.0;FORTE;0.9
WDO;5_MIN;15_MIN;AGREGA_PARA;3.0;FORTE;0.9
WDO;5_MIN;1_MIN;DETALHA_DE;5.0;MEDIA;0.7
WDO;5_MIN;30_MIN;AGREGA_PARA;6.0;MEDIA;0.7
WDO;5_MIN;60_MIN;AGREGA_PARA;12.0;MEDIA;0.7
WDO;5_MIN;DIARIO;AGREGA_PARA;288.0;FRACA;0.45
WDO;5_MIN;SEMANAL;AGREGA_PARA;2016.0;FRACA;0.45
WDO;60_MIN;10_MIN;DETALHA_DE;6.0;MEDIA;0.7
WDO;60_MIN;15_MIN;DETALHA_DE;4.0;MEDIA;0.7
WDO;60_MIN;1_MIN;DETALHA_DE;60.0;FRACA;0.45
WDO;60_MIN;30_MIN;DETALHA_DE;2.0;FORTE;0.9
WDO;60_MIN;5_MIN;DETALHA_DE;12.0;MEDIA;0.7
WDO;60_MIN;DIARIO;AGREGA_PARA;24.0;FRACA;0.45
WDO;60_MIN;SEMANAL;AGREGA_PARA;168.0;FRACA;0.45
WDO;DIARIO;10_MIN;DETALHA_DE;144.0;FRACA;0.45
WDO;DIARIO;15_MIN;DETALHA_DE;96.0;FRACA;0.45
WDO;DIARIO;1_MIN;DETALHA_DE;1440.0;FRACA;0.45
WDO;DIARIO;30_MIN;DETALHA_DE;48.0;FRACA;0.45
WDO;DIARIO;5_MIN;DETALHA_DE;288.0;FRACA;0.45
WDO;DIARIO;60_MIN;DETALHA_DE;24.0;FRACA;0.45
WDO;DIARIO;SEMANAL;AGREGA_PARA;7.0;MEDIA;0.7
WDO;SEMANAL;10_MIN;DETALHA_DE;1008.0;FRACA;0.45
WDO;SEMANAL;15_MIN;DETALHA_DE;672.0;FRACA;0.45
WDO;SEMANAL;1_MIN;DETALHA_DE;10080.0;FRACA;0.45
WDO;SEMANAL;30_MIN;DETALHA_DE;336.0;FRACA;0.45
WDO;SEMANAL;5_MIN;DETALHA_DE;2016.0;FRACA;0.45
WDO;SEMANAL;60_MIN;DETALHA_DE;168.0;FRACA;0.45
WDO;SEMANAL;DIARIO;DETALHA_DE;7.0;MEDIA;0.7
WIN;10_MIN;120_MIN;AGREGA_PARA;12.0;MEDIA;0.7
WIN;10_MIN;12_MIN;AGREGA_PARA;1.2;FORTE;0.9
WIN;10_MIN;15_MIN;AGREGA_PARA;1.5;FORTE;0.9
WIN;10_MIN;180_MIN;AGREGA_PARA;18.0;FRACA;0.45
WIN;10_MIN;1_MIN;DETALHA_DE;10.0;MEDIA;0.7
WIN;10_MIN;20_MIN;AGREGA_PARA;2.0;FORTE;0.9
WIN;10_MIN;240_MIN;AGREGA_PARA;24.0;FRACA;0.45
WIN;10_MIN;2_MIN;DETALHA_DE;5.0;MEDIA;0.7
WIN;10_MIN;30_MIN;AGREGA_PARA;3.0;FORTE;0.9
WIN;10_MIN;3_MIN;DETALHA_DE;3.33;MEDIA;0.7
WIN;10_MIN;45_MIN;AGREGA_PARA;4.5;MEDIA;0.7
WIN;10_MIN;4_MIN;DETALHA_DE;2.5;FORTE;0.9
WIN;10_MIN;5_MIN;DETALHA_DE;2.0;FORTE;0.9
WIN;10_MIN;60_MIN;AGREGA_PARA;6.0;MEDIA;0.7
WIN;10_MIN;6_MIN;DETALHA_DE;1.67;FORTE;0.9
WIN;10_MIN;7_MIN;DETALHA_DE;1.43;FORTE;0.9
WIN;10_MIN;8_MIN;DETALHA_DE;1.25;FORTE;0.9
WIN;10_MIN;90_MIN;AGREGA_PARA;9.0;MEDIA;0.7
WIN;10_MIN;9_MIN;DETALHA_DE;1.11;FORTE;0.9
WIN;10_MIN;DIARIO;AGREGA_PARA;144.0;FRACA;0.45
WIN;10_MIN;SEMANAL;AGREGA_PARA;1008.0;FRACA;0.45
WIN;120_MIN;10_MIN;DETALHA_DE;12.0;MEDIA;0.7
WIN;120_MIN;12_MIN;DETALHA_DE;10.0;MEDIA;0.7
WIN;120_MIN;15_MIN;DETALHA_DE;8.0;MEDIA;0.7
WIN;120_MIN;180_MIN;AGREGA_PARA;1.5;FORTE;0.9
WIN;120_MIN;1_MIN;DETALHA_DE;120.0;FRACA;0.45
WIN;120_MIN;20_MIN;DETALHA_DE;6.0;MEDIA;0.7
WIN;120_MIN;240_MIN;AGREGA_PARA;2.0;FORTE;0.9
WIN;120_MIN;2_MIN;DETALHA_DE;60.0;FRACA;0.45
WIN;120_MIN;30_MIN;DETALHA_DE;4.0;MEDIA;0.7
WIN;120_MIN;3_MIN;DETALHA_DE;40.0;FRACA;0.45
WIN;120_MIN;45_MIN;DETALHA_DE;2.67;FORTE;0.9
WIN;120_MIN;4_MIN;DETALHA_DE;30.0;FRACA;0.45
WIN;120_MIN;5_MIN;DETALHA_DE;24.0;FRACA;0.45
WIN;120_MIN;60_MIN;DETALHA_DE;2.0;FORTE;0.9
WIN;120_MIN;6_MIN;DETALHA_DE;20.0;FRACA;0.45
WIN;120_MIN;7_MIN;DETALHA_DE;17.14;FRACA;0.45
WIN;120_MIN;8_MIN;DETALHA_DE;15.0;FRACA;0.45
WIN;120_MIN;90_MIN;DETALHA_DE;1.33;FORTE;0.9
WIN;120_MIN;9_MIN;DETALHA_DE;13.33;FRACA;0.45
WIN;120_MIN;DIARIO;AGREGA_PARA;12.0;MEDIA;0.7
WIN;120_MIN;SEMANAL;AGREGA_PARA;84.0;FRACA;0.45
WIN;12_MIN;10_MIN;DETALHA_DE;1.2;FORTE;0.9
WIN;12_MIN;120_MIN;AGREGA_PARA;10.0;MEDIA;0.7
WIN;12_MIN;15_MIN;AGREGA_PARA;1.25;FORTE;0.9
WIN;12_MIN;180_MIN;AGREGA_PARA;15.0;FRACA;0.45
WIN;12_MIN;1_MIN;DETALHA_DE;12.0;MEDIA;0.7
WIN;12_MIN;20_MIN;AGREGA_PARA;1.67;FORTE;0.9
WIN;12_MIN;240_MIN;AGREGA_PARA;20.0;FRACA;0.45
WIN;12_MIN;2_MIN;DETALHA_DE;6.0;MEDIA;0.7
WIN;12_MIN;30_MIN;AGREGA_PARA;2.5;FORTE;0.9
WIN;12_MIN;3_MIN;DETALHA_DE;4.0;MEDIA;0.7
WIN;12_MIN;45_MIN;AGREGA_PARA;3.75;MEDIA;0.7
WIN;12_MIN;4_MIN;DETALHA_DE;3.0;FORTE;0.9
WIN;12_MIN;5_MIN;DETALHA_DE;2.4;FORTE;0.9
WIN;12_MIN;60_MIN;AGREGA_PARA;5.0;MEDIA;0.7
WIN;12_MIN;6_MIN;DETALHA_DE;2.0;FORTE;0.9
WIN;12_MIN;7_MIN;DETALHA_DE;1.71;FORTE;0.9
WIN;12_MIN;8_MIN;DETALHA_DE;1.5;FORTE;0.9
WIN;12_MIN;90_MIN;AGREGA_PARA;7.5;MEDIA;0.7
WIN;12_MIN;9_MIN;DETALHA_DE;1.33;FORTE;0.9
WIN;12_MIN;DIARIO;AGREGA_PARA;120.0;FRACA;0.45
WIN;12_MIN;SEMANAL;AGREGA_PARA;840.0;FRACA;0.45
WIN;15_MIN;10_MIN;DETALHA_DE;1.5;FORTE;0.9
WIN;15_MIN;120_MIN;AGREGA_PARA;8.0;MEDIA;0.7
WIN;15_MIN;12_MIN;DETALHA_DE;1.25;FORTE;0.9
WIN;15_MIN;180_MIN;AGREGA_PARA;12.0;MEDIA;0.7
WIN;15_MIN;1_MIN;DETALHA_DE;15.0;FRACA;0.45
WIN;15_MIN;20_MIN;AGREGA_PARA;1.33;FORTE;0.9
WIN;15_MIN;240_MIN;AGREGA_PARA;16.0;FRACA;0.45
WIN;15_MIN;2_MIN;DETALHA_DE;7.5;MEDIA;0.7
WIN;15_MIN;30_MIN;AGREGA_PARA;2.0;FORTE;0.9
WIN;15_MIN;3_MIN;DETALHA_DE;5.0;MEDIA;0.7
WIN;15_MIN;45_MIN;AGREGA_PARA;3.0;FORTE;0.9
WIN;15_MIN;4_MIN;DETALHA_DE;3.75;MEDIA;0.7
WIN;15_MIN;5_MIN;DETALHA_DE;3.0;FORTE;0.9
WIN;15_MIN;60_MIN;AGREGA_PARA;4.0;MEDIA;0.7
WIN;15_MIN;6_MIN;DETALHA_DE;2.5;FORTE;0.9
WIN;15_MIN;7_MIN;DETALHA_DE;2.14;FORTE;0.9
WIN;15_MIN;8_MIN;DETALHA_DE;1.88;FORTE;0.9
WIN;15_MIN;90_MIN;AGREGA_PARA;6.0;MEDIA;0.7
WIN;15_MIN;9_MIN;DETALHA_DE;1.67;FORTE;0.9
WIN;15_MIN;DIARIO;AGREGA_PARA;96.0;FRACA;0.45
WIN;15_MIN;SEMANAL;AGREGA_PARA;672.0;FRACA;0.45
WIN;180_MIN;10_MIN;DETALHA_DE;18.0;FRACA;0.45
WIN;180_MIN;120_MIN;DETALHA_DE;1.5;FORTE;0.9
WIN;180_MIN;12_MIN;DETALHA_DE;15.0;FRACA;0.45
WIN;180_MIN;15_MIN;DETALHA_DE;12.0;MEDIA;0.7
WIN;180_MIN;1_MIN;DETALHA_DE;180.0;FRACA;0.45
WIN;180_MIN;20_MIN;DETALHA_DE;9.0;MEDIA;0.7
WIN;180_MIN;240_MIN;AGREGA_PARA;1.33;FORTE;0.9
WIN;180_MIN;2_MIN;DETALHA_DE;90.0;FRACA;0.45
WIN;180_MIN;30_MIN;DETALHA_DE;6.0;MEDIA;0.7
WIN;180_MIN;3_MIN;DETALHA_DE;60.0;FRACA;0.45
WIN;180_MIN;45_MIN;DETALHA_DE;4.0;MEDIA;0.7
WIN;180_MIN;4_MIN;DETALHA_DE;45.0;FRACA;0.45
WIN;180_MIN;5_MIN;DETALHA_DE;36.0;FRACA;0.45
WIN;180_MIN;60_MIN;DETALHA_DE;3.0;FORTE;0.9
WIN;180_MIN;6_MIN;DETALHA_DE;30.0;FRACA;0.45
WIN;180_MIN;7_MIN;DETALHA_DE;25.71;FRACA;0.45
WIN;180_MIN;8_MIN;DETALHA_DE;22.5;FRACA;0.45
WIN;180_MIN;90_MIN;DETALHA_DE;2.0;FORTE;0.9
WIN;180_MIN;9_MIN;DETALHA_DE;20.0;FRACA;0.45
WIN;180_MIN;DIARIO;AGREGA_PARA;8.0;MEDIA;0.7
WIN;180_MIN;SEMANAL;AGREGA_PARA;56.0;FRACA;0.45
WIN;1_MIN;10_MIN;AGREGA_PARA;10.0;MEDIA;0.7
WIN;1_MIN;120_MIN;AGREGA_PARA;120.0;FRACA;0.45
WIN;1_MIN;12_MIN;AGREGA_PARA;12.0;MEDIA;0.7
WIN;1_MIN;15_MIN;AGREGA_PARA;15.0;FRACA;0.45
WIN;1_MIN;180_MIN;AGREGA_PARA;180.0;FRACA;0.45
WIN;1_MIN;20_MIN;AGREGA_PARA;20.0;FRACA;0.45
WIN;1_MIN;240_MIN;AGREGA_PARA;240.0;FRACA;0.45
WIN;1_MIN;2_MIN;AGREGA_PARA;2.0;FORTE;0.9
WIN;1_MIN;30_MIN;AGREGA_PARA;30.0;FRACA;0.45
WIN;1_MIN;3_MIN;AGREGA_PARA;3.0;FORTE;0.9
WIN;1_MIN;45_MIN;AGREGA_PARA;45.0;FRACA;0.45
WIN;1_MIN;4_MIN;AGREGA_PARA;4.0;MEDIA;0.7
WIN;1_MIN;5_MIN;AGREGA_PARA;5.0;MEDIA;0.7
WIN;1_MIN;60_MIN;AGREGA_PARA;60.0;FRACA;0.45
WIN;1_MIN;6_MIN;AGREGA_PARA;6.0;MEDIA;0.7
WIN;1_MIN;7_MIN;AGREGA_PARA;7.0;MEDIA;0.7
WIN;1_MIN;8_MIN;AGREGA_PARA;8.0;MEDIA;0.7
WIN;1_MIN;90_MIN;AGREGA_PARA;90.0;FRACA;0.45
WIN;1_MIN;9_MIN;AGREGA_PARA;9.0;MEDIA;0.7
WIN;1_MIN;DIARIO;AGREGA_PARA;1440.0;FRACA;0.45
WIN;1_MIN;SEMANAL;AGREGA_PARA;10080.0;FRACA;0.45
WIN;20_MIN;10_MIN;DETALHA_DE;2.0;FORTE;0.9
WIN;20_MIN;120_MIN;AGREGA_PARA;6.0;MEDIA;0.7
WIN;20_MIN;12_MIN;DETALHA_DE;1.67;FORTE;0.9
WIN;20_MIN;15_MIN;DETALHA_DE;1.33;FORTE;0.9
WIN;20_MIN;180_MIN;AGREGA_PARA;9.0;MEDIA;0.7
WIN;20_MIN;1_MIN;DETALHA_DE;20.0;FRACA;0.45
WIN;20_MIN;240_MIN;AGREGA_PARA;12.0;MEDIA;0.7
WIN;20_MIN;2_MIN;DETALHA_DE;10.0;MEDIA;0.7
WIN;20_MIN;30_MIN;AGREGA_PARA;1.5;FORTE;0.9
WIN;20_MIN;3_MIN;DETALHA_DE;6.67;MEDIA;0.7
WIN;20_MIN;45_MIN;AGREGA_PARA;2.25;FORTE;0.9
WIN;20_MIN;4_MIN;DETALHA_DE;5.0;MEDIA;0.7
WIN;20_MIN;5_MIN;DETALHA_DE;4.0;MEDIA;0.7
WIN;20_MIN;60_MIN;AGREGA_PARA;3.0;FORTE;0.9
WIN;20_MIN;6_MIN;DETALHA_DE;3.33;MEDIA;0.7
WIN;20_MIN;7_MIN;DETALHA_DE;2.86;FORTE;0.9
WIN;20_MIN;8_MIN;DETALHA_DE;2.5;FORTE;0.9
WIN;20_MIN;90_MIN;AGREGA_PARA;4.5;MEDIA;0.7
WIN;20_MIN;9_MIN;DETALHA_DE;2.22;FORTE;0.9
WIN;20_MIN;DIARIO;AGREGA_PARA;72.0;FRACA;0.45
WIN;20_MIN;SEMANAL;AGREGA_PARA;504.0;FRACA;0.45
WIN;240_MIN;10_MIN;DETALHA_DE;24.0;FRACA;0.45
WIN;240_MIN;120_MIN;DETALHA_DE;2.0;FORTE;0.9
WIN;240_MIN;12_MIN;DETALHA_DE;20.0;FRACA;0.45
WIN;240_MIN;15_MIN;DETALHA_DE;16.0;FRACA;0.45
WIN;240_MIN;180_MIN;DETALHA_DE;1.33;FORTE;0.9
WIN;240_MIN;1_MIN;DETALHA_DE;240.0;FRACA;0.45
WIN;240_MIN;20_MIN;DETALHA_DE;12.0;MEDIA;0.7
WIN;240_MIN;2_MIN;DETALHA_DE;120.0;FRACA;0.45
WIN;240_MIN;30_MIN;DETALHA_DE;8.0;MEDIA;0.7
WIN;240_MIN;3_MIN;DETALHA_DE;80.0;FRACA;0.45
WIN;240_MIN;45_MIN;DETALHA_DE;5.33;MEDIA;0.7
WIN;240_MIN;4_MIN;DETALHA_DE;60.0;FRACA;0.45
WIN;240_MIN;5_MIN;DETALHA_DE;48.0;FRACA;0.45
WIN;240_MIN;60_MIN;DETALHA_DE;4.0;MEDIA;0.7
WIN;240_MIN;6_MIN;DETALHA_DE;40.0;FRACA;0.45
WIN;240_MIN;7_MIN;DETALHA_DE;34.29;FRACA;0.45
WIN;240_MIN;8_MIN;DETALHA_DE;30.0;FRACA;0.45
WIN;240_MIN;90_MIN;DETALHA_DE;2.67;FORTE;0.9
WIN;240_MIN;9_MIN;DETALHA_DE;26.67;FRACA;0.45
WIN;240_MIN;DIARIO;AGREGA_PARA;6.0;MEDIA;0.7
WIN;240_MIN;SEMANAL;AGREGA_PARA;42.0;FRACA;0.45
WIN;2_MIN;10_MIN;AGREGA_PARA;5.0;MEDIA;0.7
WIN;2_MIN;120_MIN;AGREGA_PARA;60.0;FRACA;0.45
WIN;2_MIN;12_MIN;AGREGA_PARA;6.0;MEDIA;0.7
WIN;2_MIN;15_MIN;AGREGA_PARA;7.5;MEDIA;0.7
WIN;2_MIN;180_MIN;AGREGA_PARA;90.0;FRACA;0.45
WIN;2_MIN;1_MIN;DETALHA_DE;2.0;FORTE;0.9
WIN;2_MIN;20_MIN;AGREGA_PARA;10.0;MEDIA;0.7
WIN;2_MIN;240_MIN;AGREGA_PARA;120.0;FRACA;0.45
WIN;2_MIN;30_MIN;AGREGA_PARA;15.0;FRACA;0.45
WIN;2_MIN;3_MIN;AGREGA_PARA;1.5;FORTE;0.9
WIN;2_MIN;45_MIN;AGREGA_PARA;22.5;FRACA;0.45
WIN;2_MIN;4_MIN;AGREGA_PARA;2.0;FORTE;0.9
WIN;2_MIN;5_MIN;AGREGA_PARA;2.5;FORTE;0.9
WIN;2_MIN;60_MIN;AGREGA_PARA;30.0;FRACA;0.45
WIN;2_MIN;6_MIN;AGREGA_PARA;3.0;FORTE;0.9
WIN;2_MIN;7_MIN;AGREGA_PARA;3.5;MEDIA;0.7
WIN;2_MIN;8_MIN;AGREGA_PARA;4.0;MEDIA;0.7
WIN;2_MIN;90_MIN;AGREGA_PARA;45.0;FRACA;0.45
WIN;2_MIN;9_MIN;AGREGA_PARA;4.5;MEDIA;0.7
WIN;2_MIN;DIARIO;AGREGA_PARA;720.0;FRACA;0.45
WIN;2_MIN;SEMANAL;AGREGA_PARA;5040.0;FRACA;0.45
WIN;30_MIN;10_MIN;DETALHA_DE;3.0;FORTE;0.9
WIN;30_MIN;120_MIN;AGREGA_PARA;4.0;MEDIA;0.7
WIN;30_MIN;12_MIN;DETALHA_DE;2.5;FORTE;0.9
WIN;30_MIN;15_MIN;DETALHA_DE;2.0;FORTE;0.9
WIN;30_MIN;180_MIN;AGREGA_PARA;6.0;MEDIA;0.7
WIN;30_MIN;1_MIN;DETALHA_DE;30.0;FRACA;0.45
WIN;30_MIN;20_MIN;DETALHA_DE;1.5;FORTE;0.9
WIN;30_MIN;240_MIN;AGREGA_PARA;8.0;MEDIA;0.7
WIN;30_MIN;2_MIN;DETALHA_DE;15.0;FRACA;0.45
WIN;30_MIN;3_MIN;DETALHA_DE;10.0;MEDIA;0.7
WIN;30_MIN;45_MIN;AGREGA_PARA;1.5;FORTE;0.9
WIN;30_MIN;4_MIN;DETALHA_DE;7.5;MEDIA;0.7
WIN;30_MIN;5_MIN;DETALHA_DE;6.0;MEDIA;0.7
WIN;30_MIN;60_MIN;AGREGA_PARA;2.0;FORTE;0.9
WIN;30_MIN;6_MIN;DETALHA_DE;5.0;MEDIA;0.7
WIN;30_MIN;7_MIN;DETALHA_DE;4.29;MEDIA;0.7
WIN;30_MIN;8_MIN;DETALHA_DE;3.75;MEDIA;0.7
WIN;30_MIN;90_MIN;AGREGA_PARA;3.0;FORTE;0.9
WIN;30_MIN;9_MIN;DETALHA_DE;3.33;MEDIA;0.7
WIN;30_MIN;DIARIO;AGREGA_PARA;48.0;FRACA;0.45
WIN;30_MIN;SEMANAL;AGREGA_PARA;336.0;FRACA;0.45
WIN;3_MIN;10_MIN;AGREGA_PARA;3.33;MEDIA;0.7
WIN;3_MIN;120_MIN;AGREGA_PARA;40.0;FRACA;0.45
WIN;3_MIN;12_MIN;AGREGA_PARA;4.0;MEDIA;0.7
WIN;3_MIN;15_MIN;AGREGA_PARA;5.0;MEDIA;0.7
WIN;3_MIN;180_MIN;AGREGA_PARA;60.0;FRACA;0.45
WIN;3_MIN;1_MIN;DETALHA_DE;3.0;FORTE;0.9
WIN;3_MIN;20_MIN;AGREGA_PARA;6.67;MEDIA;0.7
WIN;3_MIN;240_MIN;AGREGA_PARA;80.0;FRACA;0.45
WIN;3_MIN;2_MIN;DETALHA_DE;1.5;FORTE;0.9
WIN;3_MIN;30_MIN;AGREGA_PARA;10.0;MEDIA;0.7
WIN;3_MIN;45_MIN;AGREGA_PARA;15.0;FRACA;0.45
WIN;3_MIN;4_MIN;AGREGA_PARA;1.33;FORTE;0.9
WIN;3_MIN;5_MIN;AGREGA_PARA;1.67;FORTE;0.9
WIN;3_MIN;60_MIN;AGREGA_PARA;20.0;FRACA;0.45
WIN;3_MIN;6_MIN;AGREGA_PARA;2.0;FORTE;0.9
WIN;3_MIN;7_MIN;AGREGA_PARA;2.33;FORTE;0.9
WIN;3_MIN;8_MIN;AGREGA_PARA;2.67;FORTE;0.9
WIN;3_MIN;90_MIN;AGREGA_PARA;30.0;FRACA;0.45
WIN;3_MIN;9_MIN;AGREGA_PARA;3.0;FORTE;0.9
WIN;3_MIN;DIARIO;AGREGA_PARA;480.0;FRACA;0.45
WIN;3_MIN;SEMANAL;AGREGA_PARA;3360.0;FRACA;0.45
WIN;45_MIN;10_MIN;DETALHA_DE;4.5;MEDIA;0.7
WIN;45_MIN;120_MIN;AGREGA_PARA;2.67;FORTE;0.9
WIN;45_MIN;12_MIN;DETALHA_DE;3.75;MEDIA;0.7
WIN;45_MIN;15_MIN;DETALHA_DE;3.0;FORTE;0.9
WIN;45_MIN;180_MIN;AGREGA_PARA;4.0;MEDIA;0.7
WIN;45_MIN;1_MIN;DETALHA_DE;45.0;FRACA;0.45
WIN;45_MIN;20_MIN;DETALHA_DE;2.25;FORTE;0.9
WIN;45_MIN;240_MIN;AGREGA_PARA;5.33;MEDIA;0.7
WIN;45_MIN;2_MIN;DETALHA_DE;22.5;FRACA;0.45
WIN;45_MIN;30_MIN;DETALHA_DE;1.5;FORTE;0.9
WIN;45_MIN;3_MIN;DETALHA_DE;15.0;FRACA;0.45
WIN;45_MIN;4_MIN;DETALHA_DE;11.25;MEDIA;0.7
WIN;45_MIN;5_MIN;DETALHA_DE;9.0;MEDIA;0.7
WIN;45_MIN;60_MIN;AGREGA_PARA;1.33;FORTE;0.9
WIN;45_MIN;6_MIN;DETALHA_DE;7.5;MEDIA;0.7
WIN;45_MIN;7_MIN;DETALHA_DE;6.43;MEDIA;0.7
WIN;45_MIN;8_MIN;DETALHA_DE;5.62;MEDIA;0.7
WIN;45_MIN;90_MIN;AGREGA_PARA;2.0;FORTE;0.9
WIN;45_MIN;9_MIN;DETALHA_DE;5.0;MEDIA;0.7
WIN;45_MIN;DIARIO;AGREGA_PARA;32.0;FRACA;0.45
WIN;45_MIN;SEMANAL;AGREGA_PARA;224.0;FRACA;0.45
WIN;4_MIN;10_MIN;AGREGA_PARA;2.5;FORTE;0.9
WIN;4_MIN;120_MIN;AGREGA_PARA;30.0;FRACA;0.45
WIN;4_MIN;12_MIN;AGREGA_PARA;3.0;FORTE;0.9
WIN;4_MIN;15_MIN;AGREGA_PARA;3.75;MEDIA;0.7
WIN;4_MIN;180_MIN;AGREGA_PARA;45.0;FRACA;0.45
WIN;4_MIN;1_MIN;DETALHA_DE;4.0;MEDIA;0.7
WIN;4_MIN;20_MIN;AGREGA_PARA;5.0;MEDIA;0.7
WIN;4_MIN;240_MIN;AGREGA_PARA;60.0;FRACA;0.45
WIN;4_MIN;2_MIN;DETALHA_DE;2.0;FORTE;0.9
WIN;4_MIN;30_MIN;AGREGA_PARA;7.5;MEDIA;0.7
WIN;4_MIN;3_MIN;DETALHA_DE;1.33;FORTE;0.9
WIN;4_MIN;45_MIN;AGREGA_PARA;11.25;MEDIA;0.7
WIN;4_MIN;5_MIN;AGREGA_PARA;1.25;FORTE;0.9
WIN;4_MIN;60_MIN;AGREGA_PARA;15.0;FRACA;0.45
WIN;4_MIN;6_MIN;AGREGA_PARA;1.5;FORTE;0.9
WIN;4_MIN;7_MIN;AGREGA_PARA;1.75;FORTE;0.9
WIN;4_MIN;8_MIN;AGREGA_PARA;2.0;FORTE;0.9
WIN;4_MIN;90_MIN;AGREGA_PARA;22.5;FRACA;0.45
WIN;4_MIN;9_MIN;AGREGA_PARA;2.25;FORTE;0.9
WIN;4_MIN;DIARIO;AGREGA_PARA;360.0;FRACA;0.45
WIN;4_MIN;SEMANAL;AGREGA_PARA;2520.0;FRACA;0.45
WIN;5_MIN;10_MIN;AGREGA_PARA;2.0;FORTE;0.9
WIN;5_MIN;120_MIN;AGREGA_PARA;24.0;FRACA;0.45
WIN;5_MIN;12_MIN;AGREGA_PARA;2.4;FORTE;0.9
WIN;5_MIN;15_MIN;AGREGA_PARA;3.0;FORTE;0.9
WIN;5_MIN;180_MIN;AGREGA_PARA;36.0;FRACA;0.45
WIN;5_MIN;1_MIN;DETALHA_DE;5.0;MEDIA;0.7
WIN;5_MIN;20_MIN;AGREGA_PARA;4.0;MEDIA;0.7
WIN;5_MIN;240_MIN;AGREGA_PARA;48.0;FRACA;0.45
WIN;5_MIN;2_MIN;DETALHA_DE;2.5;FORTE;0.9
WIN;5_MIN;30_MIN;AGREGA_PARA;6.0;MEDIA;0.7
WIN;5_MIN;3_MIN;DETALHA_DE;1.67;FORTE;0.9
WIN;5_MIN;45_MIN;AGREGA_PARA;9.0;MEDIA;0.7
WIN;5_MIN;4_MIN;DETALHA_DE;1.25;FORTE;0.9
WIN;5_MIN;60_MIN;AGREGA_PARA;12.0;MEDIA;0.7
WIN;5_MIN;6_MIN;AGREGA_PARA;1.2;FORTE;0.9
WIN;5_MIN;7_MIN;AGREGA_PARA;1.4;FORTE;0.9
WIN;5_MIN;8_MIN;AGREGA_PARA;1.6;FORTE;0.9
WIN;5_MIN;90_MIN;AGREGA_PARA;18.0;FRACA;0.45
WIN;5_MIN;9_MIN;AGREGA_PARA;1.8;FORTE;0.9
WIN;5_MIN;DIARIO;AGREGA_PARA;288.0;FRACA;0.45
WIN;5_MIN;SEMANAL;AGREGA_PARA;2016.0;FRACA;0.45
WIN;60_MIN;10_MIN;DETALHA_DE;6.0;MEDIA;0.7
WIN;60_MIN;120_MIN;AGREGA_PARA;2.0;FORTE;0.9
WIN;60_MIN;12_MIN;DETALHA_DE;5.0;MEDIA;0.7
WIN;60_MIN;15_MIN;DETALHA_DE;4.0;MEDIA;0.7
WIN;60_MIN;180_MIN;AGREGA_PARA;3.0;FORTE;0.9
WIN;60_MIN;1_MIN;DETALHA_DE;60.0;FRACA;0.45
WIN;60_MIN;20_MIN;DETALHA_DE;3.0;FORTE;0.9
WIN;60_MIN;240_MIN;AGREGA_PARA;4.0;MEDIA;0.7
WIN;60_MIN;2_MIN;DETALHA_DE;30.0;FRACA;0.45
WIN;60_MIN;30_MIN;DETALHA_DE;2.0;FORTE;0.9
WIN;60_MIN;3_MIN;DETALHA_DE;20.0;FRACA;0.45
WIN;60_MIN;45_MIN;DETALHA_DE;1.33;FORTE;0.9
WIN;60_MIN;4_MIN;DETALHA_DE;15.0;FRACA;0.45
WIN;60_MIN;5_MIN;DETALHA_DE;12.0;MEDIA;0.7
WIN;60_MIN;6_MIN;DETALHA_DE;10.0;MEDIA;0.7
WIN;60_MIN;7_MIN;DETALHA_DE;8.57;MEDIA;0.7
WIN;60_MIN;8_MIN;DETALHA_DE;7.5;MEDIA;0.7
WIN;60_MIN;90_MIN;AGREGA_PARA;1.5;FORTE;0.9
WIN;60_MIN;9_MIN;DETALHA_DE;6.67;MEDIA;0.7
WIN;60_MIN;DIARIO;AGREGA_PARA;24.0;FRACA;0.45
WIN;60_MIN;SEMANAL;AGREGA_PARA;168.0;FRACA;0.45
WIN;6_MIN;10_MIN;AGREGA_PARA;1.67;FORTE;0.9
WIN;6_MIN;120_MIN;AGREGA_PARA;20.0;FRACA;0.45
WIN;6_MIN;12_MIN;AGREGA_PARA;2.0;FORTE;0.9
WIN;6_MIN;15_MIN;AGREGA_PARA;2.5;FORTE;0.9
WIN;6_MIN;180_MIN;AGREGA_PARA;30.0;FRACA;0.45
WIN;6_MIN;1_MIN;DETALHA_DE;6.0;MEDIA;0.7
WIN;6_MIN;20_MIN;AGREGA_PARA;3.33;MEDIA;0.7
WIN;6_MIN;240_MIN;AGREGA_PARA;40.0;FRACA;0.45
WIN;6_MIN;2_MIN;DETALHA_DE;3.0;FORTE;0.9
WIN;6_MIN;30_MIN;AGREGA_PARA;5.0;MEDIA;0.7
WIN;6_MIN;3_MIN;DETALHA_DE;2.0;FORTE;0.9
WIN;6_MIN;45_MIN;AGREGA_PARA;7.5;MEDIA;0.7
WIN;6_MIN;4_MIN;DETALHA_DE;1.5;FORTE;0.9
WIN;6_MIN;5_MIN;DETALHA_DE;1.2;FORTE;0.9
WIN;6_MIN;60_MIN;AGREGA_PARA;10.0;MEDIA;0.7
WIN;6_MIN;7_MIN;AGREGA_PARA;1.17;FORTE;0.9
WIN;6_MIN;8_MIN;AGREGA_PARA;1.33;FORTE;0.9
WIN;6_MIN;90_MIN;AGREGA_PARA;15.0;FRACA;0.45
WIN;6_MIN;9_MIN;AGREGA_PARA;1.5;FORTE;0.9
WIN;6_MIN;DIARIO;AGREGA_PARA;240.0;FRACA;0.45
WIN;6_MIN;SEMANAL;AGREGA_PARA;1680.0;FRACA;0.45
WIN;7_MIN;10_MIN;AGREGA_PARA;1.43;FORTE;0.9
WIN;7_MIN;120_MIN;AGREGA_PARA;17.14;FRACA;0.45
WIN;7_MIN;12_MIN;AGREGA_PARA;1.71;FORTE;0.9
WIN;7_MIN;15_MIN;AGREGA_PARA;2.14;FORTE;0.9
WIN;7_MIN;180_MIN;AGREGA_PARA;25.71;FRACA;0.45
WIN;7_MIN;1_MIN;DETALHA_DE;7.0;MEDIA;0.7
WIN;7_MIN;20_MIN;AGREGA_PARA;2.86;FORTE;0.9
WIN;7_MIN;240_MIN;AGREGA_PARA;34.29;FRACA;0.45
WIN;7_MIN;2_MIN;DETALHA_DE;3.5;MEDIA;0.7
WIN;7_MIN;30_MIN;AGREGA_PARA;4.29;MEDIA;0.7
WIN;7_MIN;3_MIN;DETALHA_DE;2.33;FORTE;0.9
WIN;7_MIN;45_MIN;AGREGA_PARA;6.43;MEDIA;0.7
WIN;7_MIN;4_MIN;DETALHA_DE;1.75;FORTE;0.9
WIN;7_MIN;5_MIN;DETALHA_DE;1.4;FORTE;0.9
WIN;7_MIN;60_MIN;AGREGA_PARA;8.57;MEDIA;0.7
WIN;7_MIN;6_MIN;DETALHA_DE;1.17;FORTE;0.9
WIN;7_MIN;8_MIN;AGREGA_PARA;1.14;FORTE;0.9
WIN;7_MIN;90_MIN;AGREGA_PARA;12.86;FRACA;0.45
WIN;7_MIN;9_MIN;AGREGA_PARA;1.29;FORTE;0.9
WIN;7_MIN;DIARIO;AGREGA_PARA;205.71;FRACA;0.45
WIN;7_MIN;SEMANAL;AGREGA_PARA;1440.0;FRACA;0.45
WIN;8_MIN;10_MIN;AGREGA_PARA;1.25;FORTE;0.9
WIN;8_MIN;120_MIN;AGREGA_PARA;15.0;FRACA;0.45
WIN;8_MIN;12_MIN;AGREGA_PARA;1.5;FORTE;0.9
WIN;8_MIN;15_MIN;AGREGA_PARA;1.88;FORTE;0.9
WIN;8_MIN;180_MIN;AGREGA_PARA;22.5;FRACA;0.45
WIN;8_MIN;1_MIN;DETALHA_DE;8.0;MEDIA;0.7
WIN;8_MIN;20_MIN;AGREGA_PARA;2.5;FORTE;0.9
WIN;8_MIN;240_MIN;AGREGA_PARA;30.0;FRACA;0.45
WIN;8_MIN;2_MIN;DETALHA_DE;4.0;MEDIA;0.7
WIN;8_MIN;30_MIN;AGREGA_PARA;3.75;MEDIA;0.7
WIN;8_MIN;3_MIN;DETALHA_DE;2.67;FORTE;0.9
WIN;8_MIN;45_MIN;AGREGA_PARA;5.62;MEDIA;0.7
WIN;8_MIN;4_MIN;DETALHA_DE;2.0;FORTE;0.9
WIN;8_MIN;5_MIN;DETALHA_DE;1.6;FORTE;0.9
WIN;8_MIN;60_MIN;AGREGA_PARA;7.5;MEDIA;0.7
WIN;8_MIN;6_MIN;DETALHA_DE;1.33;FORTE;0.9
WIN;8_MIN;7_MIN;DETALHA_DE;1.14;FORTE;0.9
WIN;8_MIN;90_MIN;AGREGA_PARA;11.25;MEDIA;0.7
WIN;8_MIN;9_MIN;AGREGA_PARA;1.12;FORTE;0.9
WIN;8_MIN;DIARIO;AGREGA_PARA;180.0;FRACA;0.45
WIN;8_MIN;SEMANAL;AGREGA_PARA;1260.0;FRACA;0.45
WIN;90_MIN;10_MIN;DETALHA_DE;9.0;MEDIA;0.7
WIN;90_MIN;120_MIN;AGREGA_PARA;1.33;FORTE;0.9
WIN;90_MIN;12_MIN;DETALHA_DE;7.5;MEDIA;0.7
WIN;90_MIN;15_MIN;DETALHA_DE;6.0;MEDIA;0.7
WIN;90_MIN;180_MIN;AGREGA_PARA;2.0;FORTE;0.9
WIN;90_MIN;1_MIN;DETALHA_DE;90.0;FRACA;0.45
WIN;90_MIN;20_MIN;DETALHA_DE;4.5;MEDIA;0.7
WIN;90_MIN;240_MIN;AGREGA_PARA;2.67;FORTE;0.9
WIN;90_MIN;2_MIN;DETALHA_DE;45.0;FRACA;0.45
WIN;90_MIN;30_MIN;DETALHA_DE;3.0;FORTE;0.9
WIN;90_MIN;3_MIN;DETALHA_DE;30.0;FRACA;0.45
WIN;90_MIN;45_MIN;DETALHA_DE;2.0;FORTE;0.9
WIN;90_MIN;4_MIN;DETALHA_DE;22.5;FRACA;0.45
WIN;90_MIN;5_MIN;DETALHA_DE;18.0;FRACA;0.45
WIN;90_MIN;60_MIN;DETALHA_DE;1.5;FORTE;0.9
WIN;90_MIN;6_MIN;DETALHA_DE;15.0;FRACA;0.45
WIN;90_MIN;7_MIN;DETALHA_DE;12.86;FRACA;0.45
WIN;90_MIN;8_MIN;DETALHA_DE;11.25;MEDIA;0.7
WIN;90_MIN;9_MIN;DETALHA_DE;10.0;MEDIA;0.7
WIN;90_MIN;DIARIO;AGREGA_PARA;16.0;FRACA;0.45
WIN;90_MIN;SEMANAL;AGREGA_PARA;112.0;FRACA;0.45
WIN;9_MIN;10_MIN;AGREGA_PARA;1.11;FORTE;0.9
WIN;9_MIN;120_MIN;AGREGA_PARA;13.33;FRACA;0.45
WIN;9_MIN;12_MIN;AGREGA_PARA;1.33;FORTE;0.9
WIN;9_MIN;15_MIN;AGREGA_PARA;1.67;FORTE;0.9
WIN;9_MIN;180_MIN;AGREGA_PARA;20.0;FRACA;0.45
WIN;9_MIN;1_MIN;DETALHA_DE;9.0;MEDIA;0.7
WIN;9_MIN;20_MIN;AGREGA_PARA;2.22;FORTE;0.9
WIN;9_MIN;240_MIN;AGREGA_PARA;26.67;FRACA;0.45
WIN;9_MIN;2_MIN;DETALHA_DE;4.5;MEDIA;0.7
WIN;9_MIN;30_MIN;AGREGA_PARA;3.33;MEDIA;0.7
WIN;9_MIN;3_MIN;DETALHA_DE;3.0;FORTE;0.9
WIN;9_MIN;45_MIN;AGREGA_PARA;5.0;MEDIA;0.7
WIN;9_MIN;4_MIN;DETALHA_DE;2.25;FORTE;0.9
WIN;9_MIN;5_MIN;DETALHA_DE;1.8;FORTE;0.9
WIN;9_MIN;60_MIN;AGREGA_PARA;6.67;MEDIA;0.7
WIN;9_MIN;6_MIN;DETALHA_DE;1.5;FORTE;0.9
WIN;9_MIN;7_MIN;DETALHA_DE;1.29;FORTE;0.9
WIN;9_MIN;8_MIN;DETALHA_DE;1.12;FORTE;0.9
WIN;9_MIN;90_MIN;AGREGA_PARA;10.0;MEDIA;0.7
WIN;9_MIN;DIARIO;AGREGA_PARA;160.0;FRACA;0.45
WIN;9_MIN;SEMANAL;AGREGA_PARA;1120.0;FRACA;0.45
WIN;DIARIO;10_MIN;DETALHA_DE;144.0;FRACA;0.45
WIN;DIARIO;120_MIN;DETALHA_DE;12.0;MEDIA;0.7
WIN;DIARIO;12_MIN;DETALHA_DE;120.0;FRACA;0.45
WIN;DIARIO;15_MIN;DETALHA_DE;96.0;FRACA;0.45
WIN;DIARIO;180_MIN;DETALHA_DE;8.0;MEDIA;0.7
WIN;DIARIO;1_MIN;DETALHA_DE;1440.0;FRACA;0.45
WIN;DIARIO;20_MIN;DETALHA_DE;72.0;FRACA;0.45
WIN;DIARIO;240_MIN;DETALHA_DE;6.0;MEDIA;0.7
WIN;DIARIO;2_MIN;DETALHA_DE;720.0;FRACA;0.45
WIN;DIARIO;30_MIN;DETALHA_DE;48.0;FRACA;0.45
WIN;DIARIO;3_MIN;DETALHA_DE;480.0;FRACA;0.45
WIN;DIARIO;45_MIN;DETALHA_DE;32.0;FRACA;0.45
WIN;DIARIO;4_MIN;DETALHA_DE;360.0;FRACA;0.45
WIN;DIARIO;5_MIN;DETALHA_DE;288.0;FRACA;0.45
WIN;DIARIO;60_MIN;DETALHA_DE;24.0;FRACA;0.45
WIN;DIARIO;6_MIN;DETALHA_DE;240.0;FRACA;0.45
WIN;DIARIO;7_MIN;DETALHA_DE;205.71;FRACA;0.45
WIN;DIARIO;8_MIN;DETALHA_DE;180.0;FRACA;0.45
WIN;DIARIO;90_MIN;DETALHA_DE;16.0;FRACA;0.45
WIN;DIARIO;9_MIN;DETALHA_DE;160.0;FRACA;0.45
WIN;DIARIO;SEMANAL;AGREGA_PARA;7.0;MEDIA;0.7
WIN;SEMANAL;10_MIN;DETALHA_DE;1008.0;FRACA;0.45
WIN;SEMANAL;120_MIN;DETALHA_DE;84.0;FRACA;0.45
WIN;SEMANAL;12_MIN;DETALHA_DE;840.0;FRACA;0.45
WIN;SEMANAL;15_MIN;DETALHA_DE;672.0;FRACA;0.45
WIN;SEMANAL;180_MIN;DETALHA_DE;56.0;FRACA;0.45
WIN;SEMANAL;1_MIN;DETALHA_DE;10080.0;FRACA;0.45
WIN;SEMANAL;20_MIN;DETALHA_DE;504.0;FRACA;0.45
WIN;SEMANAL;240_MIN;DETALHA_DE;42.0;FRACA;0.45
WIN;SEMANAL;2_MIN;DETALHA_DE;5040.0;FRACA;0.45
WIN;SEMANAL;30_MIN;DETALHA_DE;336.0;FRACA;0.45
WIN;SEMANAL;3_MIN;DETALHA_DE;3360.0;FRACA;0.45
WIN;SEMANAL;45_MIN;DETALHA_DE;224.0;FRACA;0.45
WIN;SEMANAL;4_MIN;DETALHA_DE;2520.0;FRACA;0.45
WIN;SEMANAL;5_MIN;DETALHA_DE;2016.0;FRACA;0.45
WIN;SEMANAL;60_MIN;DETALHA_DE;168.0;FRACA;0.45
WIN;SEMANAL;6_MIN;DETALHA_DE;1680.0;FRACA;0.45
WIN;SEMANAL;7_MIN;DETALHA_DE;1440.0;FRACA;0.45
WIN;SEMANAL;8_MIN;DETALHA_DE;1260.0;FRACA;0.45
WIN;SEMANAL;90_MIN;DETALHA_DE;112.0;FRACA;0.45
WIN;SEMANAL;9_MIN;DETALHA_DE;1120.0;FRACA;0.45
WIN;SEMANAL;DIARIO;DETALHA_DE;7.0;MEDIA;0.7
