origem;tipo_origem;destino;tipo_destino;relacao;peso;detalhe
WDO_1min_2025_2026.csv;ARQUIVO;WDO;ATIVO;PERTENCE_A;0.9;Arquivo pertence ao ativo
WDO_1min_2025_2026.csv;ARQUIVO;1_MIN;FRACTAL;USA_ESCALA_TEMPORAL;0.85;Arquivo pertence ao fractal
WDO_1min_2025_2026.csv;ARQUIVO;PROFIT;ORIGEM;GERADO_POR;0.75;Arquivo possui origem catalogada
WDO_1min_2026_2026.csv;ARQUIVO;WDO;ATIVO;PERTENCE_A;0.9;Arquivo pertence ao ativo
WDO_1min_2026_2026.csv;ARQUIVO;1_MIN;FRACTAL;USA_ESCALA_TEMPORAL;0.85;Arquivo pertence ao fractal
WDO_1min_2026_2026.csv;ARQUIVO;PROFIT;ORIGEM;GERADO_POR;0.75;Arquivo possui origem catalogada
WINFUT_F_0_1min.csv;ARQUIVO;WIN;ATIVO;PERTENCE_A;0.9;Arquivo pertence ao ativo
WINFUT_F_0_1min.csv;ARQUIVO;1_MIN;FRACTAL;USA_ESCALA_TEMPORAL;0.85;Arquivo pertence ao fractal
WINFUT_F_0_1min.csv;ARQUIVO;PROFIT;ORIGEM;GERADO_POR;0.75;Arquivo possui origem catalogada
WIN_1min_2026_2026.csv;ARQUIVO;WIN;ATIVO;PERTENCE_A;0.9;Arquivo pertence ao ativo
WIN_1min_2026_2026.csv;ARQUIVO;1_MIN;FRACTAL;USA_ESCALA_TEMPORAL;0.85;Arquivo pertence ao fractal
WIN_1min_2026_2026.csv;ARQUIVO;PROFIT;ORIGEM;GERADO_POR;0.75;Arquivo possui origem catalogada
WIN_2min_2026_2026.csv;ARQUIVO;WIN;ATIVO;PERTENCE_A;0.9;Arquivo pertence ao ativo
WIN_2min_2026_2026.csv;ARQUIVO;2_MIN;FRACTAL;USA_ESCALA_TEMPORAL;0.85;Arquivo pertence ao fractal
WIN_2min_2026_2026.csv;ARQUIVO;ZE_DO_EUCRAZIO;ORIGEM;GERADO_POR;0.75;Arquivo possui origem catalogada
WIN_3min_2026_2026.csv;ARQUIVO;WIN;ATIVO;PERTENCE_A;0.9;Arquivo pertence ao ativo
WIN_3min_2026_2026.csv;ARQUIVO;3_MIN;FRACTAL;USA_ESCALA_TEMPORAL;0.85;Arquivo pertence ao fractal
WIN_3min_2026_2026.csv;ARQUIVO;ZE_DO_EUCRAZIO;ORIGEM;GERADO_POR;0.75;Arquivo possui origem catalogada
WIN_4min_2026_2026.csv;ARQUIVO;WIN;ATIVO;PERTENCE_A;0.9;Arquivo pertence ao ativo
WIN_4min_2026_2026.csv;ARQUIVO;4_MIN;FRACTAL;USA_ESCALA_TEMPORAL;0.85;Arquivo pertence ao fractal
WIN_4min_2026_2026.csv;ARQUIVO;ZE_DO_EUCRAZIO;ORIGEM;GERADO_POR;0.75;Arquivo possui origem catalogada
WDO_5min_2023_2024.csv;ARQUIVO;WDO;ATIVO;PERTENCE_A;0.9;Arquivo pertence ao ativo
WDO_5min_2023_2024.csv;ARQUIVO;5_MIN;FRACTAL;USA_ESCALA_TEMPORAL;0.85;Arquivo pertence ao fractal
WDO_5min_2023_2024.csv;ARQUIVO;PROFIT;ORIGEM;GERADO_POR;0.75;Arquivo possui origem catalogada
WDO_5min_2024_2025.csv;ARQUIVO;WDO;ATIVO;PERTENCE_A;0.9;Arquivo pertence ao ativo
WDO_5min_2024_2025.csv;ARQUIVO;5_MIN;FRACTAL;USA_ESCALA_TEMPORAL;0.85;Arquivo pertence ao fractal
WDO_5min_2024_2025.csv;ARQUIVO;PROFIT;ORIGEM;GERADO_POR;0.75;Arquivo possui origem catalogada
WDO_5min_2025_2026.csv;ARQUIVO;WDO;ATIVO;PERTENCE_A;0.9;Arquivo pertence ao ativo
WDO_5min_2025_2026.csv;ARQUIVO;5_MIN;FRACTAL;USA_ESCALA_TEMPORAL;0.85;Arquivo pertence ao fractal
WDO_5min_2025_2026.csv;ARQUIVO;PROFIT;ORIGEM;GERADO_POR;0.75;Arquivo possui origem catalogada
WDO_5min_2026_2026.csv;ARQUIVO;WDO;ATIVO;PERTENCE_A;0.9;Arquivo pertence ao ativo
WDO_5min_2026_2026.csv;ARQUIVO;5_MIN;FRACTAL;USA_ESCALA_TEMPORAL;0.85;Arquivo pertence ao fractal
WDO_5min_2026_2026.csv;ARQUIVO;PROFIT;ORIGEM;GERADO_POR;0.75;Arquivo possui origem catalogada
WIN_5min_2023_2024.csv;ARQUIVO;WIN;ATIVO;PERTENCE_A;0.9;Arquivo pertence ao ativo
WIN_5min_2023_2024.csv;ARQUIVO;5_MIN;FRACTAL;USA_ESCALA_TEMPORAL;0.85;Arquivo pertence ao fractal
WIN_5min_2023_2024.csv;ARQUIVO;PROFIT;ORIGEM;GERADO_POR;0.75;Arquivo possui origem catalogada
WIN_5min_2024_2025.csv;ARQUIVO;WIN;ATIVO;PERTENCE_A;0.9;Arquivo pertence ao ativo
WIN_5min_2024_2025.csv;ARQUIVO;5_MIN;FRACTAL;USA_ESCALA_TEMPORAL;0.85;Arquivo pertence ao fractal
WIN_5min_2024_2025.csv;ARQUIVO;PROFIT;ORIGEM;GERADO_POR;0.75;Arquivo possui origem catalogada
WIN_5min_2025_2026.csv;ARQUIVO;WIN;ATIVO;PERTENCE_A;0.9;Arquivo pertence ao ativo
WIN_5min_2025_2026.csv;ARQUIVO;5_MIN;FRACTAL;USA_ESCALA_TEMPORAL;0.85;Arquivo pertence ao fractal
WIN_5min_2025_2026.csv;ARQUIVO;PROFIT;ORIGEM;GERADO_POR;0.75;Arquivo possui origem catalogada
WIN_5min_2026_2026 (2).csv;ARQUIVO;WIN;ATIVO;PERTENCE_A;0.9;Arquivo pertence ao ativo
WIN_5min_2026_2026 (2).csv;ARQUIVO;5_MIN;FRACTAL;USA_ESCALA_TEMPORAL;0.85;Arquivo pertence ao fractal
WIN_5min_2026_2026 (2).csv;ARQUIVO;PROFIT;ORIGEM;GERADO_POR;0.75;Arquivo possui origem catalogada
WIN_5min_2026_2026.csv;ARQUIVO;WIN;ATIVO;PERTENCE_A;0.9;Arquivo pertence ao ativo
WIN_5min_2026_2026.csv;ARQUIVO;5_MIN;FRACTAL;USA_ESCALA_TEMPORAL;0.85;Arquivo pertence ao fractal
WIN_5min_2026_2026.csv;ARQUIVO;PROFIT;ORIGEM;GERADO_POR;0.75;Arquivo possui origem catalogada
WIN_6min_2026_2026.csv;ARQUIVO;WIN;ATIVO;PERTENCE_A;0.9;Arquivo pertence ao ativo
WIN_6min_2026_2026.csv;ARQUIVO;6_MIN;FRACTAL;USA_ESCALA_TEMPORAL;0.85;Arquivo pertence ao fractal
WIN_6min_2026_2026.csv;ARQUIVO;ZE_DO_EUCRAZIO;ORIGEM;GERADO_POR;0.75;Arquivo possui origem catalogada
WIN_7min_2026_2026.csv;ARQUIVO;WIN;ATIVO;PERTENCE_A;0.9;Arquivo pertence ao ativo
WIN_7min_2026_2026.csv;ARQUIVO;7_MIN;FRACTAL;USA_ESCALA_TEMPORAL;0.85;Arquivo pertence ao fractal
WIN_7min_2026_2026.csv;ARQUIVO;ZE_DO_EUCRAZIO;ORIGEM;GERADO_POR;0.75;Arquivo possui origem catalogada
WIN_8min_2026_2026.csv;ARQUIVO;WIN;ATIVO;PERTENCE_A;0.9;Arquivo pertence ao ativo
WIN_8min_2026_2026.csv;ARQUIVO;8_MIN;FRACTAL;USA_ESCALA_TEMPORAL;0.85;Arquivo pertence ao fractal
WIN_8min_2026_2026.csv;ARQUIVO;ZE_DO_EUCRAZIO;ORIGEM;GERADO_POR;0.75;Arquivo possui origem catalogada
WIN_9min_2026_2026.csv;ARQUIVO;WIN;ATIVO;PERTENCE_A;0.9;Arquivo pertence ao ativo
WIN_9min_2026_2026.csv;ARQUIVO;9_MIN;FRACTAL;USA_ESCALA_TEMPORAL;0.85;Arquivo pertence ao fractal
WIN_9min_2026_2026.csv;ARQUIVO;ZE_DO_EUCRAZIO;ORIGEM;GERADO_POR;0.75;Arquivo possui origem catalogada
WDO_10min2022_2023.csv;ARQUIVO;WDO;ATIVO;PERTENCE_A;0.9;Arquivo pertence ao ativo
WDO_10min2022_2023.csv;ARQUIVO;10_MIN;FRACTAL;USA_ESCALA_TEMPORAL;0.85;Arquivo pertence ao fractal
WDO_10min2022_2023.csv;ARQUIVO;PROFIT;ORIGEM;GERADO_POR;0.75;Arquivo possui origem catalogada
WDO_10min_2023_2024.csv;ARQUIVO;WDO;ATIVO;PERTENCE_A;0.9;Arquivo pertence ao ativo
WDO_10min_2023_2024.csv;ARQUIVO;10_MIN;FRACTAL;USA_ESCALA_TEMPORAL;0.85;Arquivo pertence ao fractal
WDO_10min_2023_2024.csv;ARQUIVO;PROFIT;ORIGEM;GERADO_POR;0.75;Arquivo possui origem catalogada
WDO_10min_2024_2025.csv;ARQUIVO;WDO;ATIVO;PERTENCE_A;0.9;Arquivo pertence ao ativo
WDO_10min_2024_2025.csv;ARQUIVO;10_MIN;FRACTAL;USA_ESCALA_TEMPORAL;0.85;Arquivo pertence ao fractal
WDO_10min_2024_2025.csv;ARQUIVO;PROFIT;ORIGEM;GERADO_POR;0.75;Arquivo possui origem catalogada
WDO_10min_2025_2026.csv;ARQUIVO;WDO;ATIVO;PERTENCE_A;0.9;Arquivo pertence ao ativo
WDO_10min_2025_2026.csv;ARQUIVO;10_MIN;FRACTAL;USA_ESCALA_TEMPORAL;0.85;Arquivo pertence ao fractal
WDO_10min_2025_2026.csv;ARQUIVO;PROFIT;ORIGEM;GERADO_POR;0.75;Arquivo possui origem catalogada
WDO_10min_2026_2026.csv;ARQUIVO;WDO;ATIVO;PERTENCE_A;0.9;Arquivo pertence ao ativo
WDO_10min_2026_2026.csv;ARQUIVO;10_MIN;FRACTAL;USA_ESCALA_TEMPORAL;0.85;Arquivo pertence ao fractal
WDO_10min_2026_2026.csv;ARQUIVO;PROFIT;ORIGEM;GERADO_POR;0.75;Arquivo possui origem catalogada
WIN_10min_2022_2023.csv;ARQUIVO;WIN;ATIVO;PERTENCE_A;0.9;Arquivo pertence ao ativo
WIN_10min_2022_2023.csv;ARQUIVO;10_MIN;FRACTAL;USA_ESCALA_TEMPORAL;0.85;Arquivo pertence ao fractal
WIN_10min_2022_2023.csv;ARQUIVO;PROFIT;ORIGEM;GERADO_POR;0.75;Arquivo possui origem catalogada
WIN_10min_2023_2024.csv;ARQUIVO;WIN;ATIVO;PERTENCE_A;0.9;Arquivo pertence ao ativo
WIN_10min_2023_2024.csv;ARQUIVO;10_MIN;FRACTAL;USA_ESCALA_TEMPORAL;0.85;Arquivo pertence ao fractal
WIN_10min_2023_2024.csv;ARQUIVO;PROFIT;ORIGEM;GERADO_POR;0.75;Arquivo possui origem catalogada
WIN_10min_2024_2025.csv;ARQUIVO;WIN;ATIVO;PERTENCE_A;0.9;Arquivo pertence ao ativo
WIN_10min_2024_2025.csv;ARQUIVO;10_MIN;FRACTAL;USA_ESCALA_TEMPORAL;0.85;Arquivo pertence ao fractal
WIN_10min_2024_2025.csv;ARQUIVO;PROFIT;ORIGEM;GERADO_POR;0.75;Arquivo possui origem catalogada
WIN_10min_2025_2026.csv;ARQUIVO;WIN;ATIVO;PERTENCE_A;0.9;Arquivo pertence ao ativo
WIN_10min_2025_2026.csv;ARQUIVO;10_MIN;FRACTAL;USA_ESCALA_TEMPORAL;0.85;Arquivo pertence ao fractal
WIN_10min_2025_2026.csv;ARQUIVO;PROFIT;ORIGEM;GERADO_POR;0.75;Arquivo possui origem catalogada
WIN_10min_2026_2026 (2).csv;ARQUIVO;WIN;ATIVO;PERTENCE_A;0.9;Arquivo pertence ao ativo
WIN_10min_2026_2026 (2).csv;ARQUIVO;10_MIN;FRACTAL;USA_ESCALA_TEMPORAL;0.85;Arquivo pertence ao fractal
WIN_10min_2026_2026 (2).csv;ARQUIVO;PROFIT;ORIGEM;GERADO_POR;0.75;Arquivo possui origem catalogada
WIN_10min_2026_2026.csv;ARQUIVO;WIN;ATIVO;PERTENCE_A;0.9;Arquivo pertence ao ativo
WIN_10min_2026_2026.csv;ARQUIVO;10_MIN;FRACTAL;USA_ESCALA_TEMPORAL;0.85;Arquivo pertence ao fractal
WIN_10min_2026_2026.csv;ARQUIVO;PROFIT;ORIGEM;GERADO_POR;0.75;Arquivo possui origem catalogada
WIN_12min_2026_2026.csv;ARQUIVO;WIN;ATIVO;PERTENCE_A;0.9;Arquivo pertence ao ativo
WIN_12min_2026_2026.csv;ARQUIVO;12_MIN;FRACTAL;USA_ESCALA_TEMPORAL;0.85;Arquivo pertence ao fractal
WIN_12min_2026_2026.csv;ARQUIVO;ZE_DO_EUCRAZIO;ORIGEM;GERADO_POR;0.75;Arquivo possui origem catalogada
WIN_15min_2026_2026.csv;ARQUIVO;WIN;ATIVO;PERTENCE_A;0.9;Arquivo pertence ao ativo
WIN_15min_2026_2026.csv;ARQUIVO;15_MIN;FRACTAL;USA_ESCALA_TEMPORAL;0.85;Arquivo pertence ao fractal
WIN_15min_2026_2026.csv;ARQUIVO;PROFIT;ORIGEM;GERADO_POR;0.75;Arquivo possui origem catalogada
WIN_20min_2026_2026.csv;ARQUIVO;WIN;ATIVO;PERTENCE_A;0.9;Arquivo pertence ao ativo
WIN_20min_2026_2026.csv;ARQUIVO;20_MIN;FRACTAL;USA_ESCALA_TEMPORAL;0.85;Arquivo pertence ao fractal
WIN_20min_2026_2026.csv;ARQUIVO;ZE_DO_EUCRAZIO;ORIGEM;GERADO_POR;0.75;Arquivo possui origem catalogada
WDO_30min_2014_2016.csv;ARQUIVO;WDO;ATIVO;PERTENCE_A;0.9;Arquivo pertence ao ativo
WDO_30min_2014_2016.csv;ARQUIVO;30_MIN;FRACTAL;USA_ESCALA_TEMPORAL;0.85;Arquivo pertence ao fractal
WDO_30min_2014_2016.csv;ARQUIVO;PROFIT;ORIGEM;GERADO_POR;0.75;Arquivo possui origem catalogada
WDO_30min_2016_2018.csv;ARQUIVO;WDO;ATIVO;PERTENCE_A;0.9;Arquivo pertence ao ativo
WDO_30min_2016_2018.csv;ARQUIVO;30_MIN;FRACTAL;USA_ESCALA_TEMPORAL;0.85;Arquivo pertence ao fractal
WDO_30min_2016_2018.csv;ARQUIVO;PROFIT;ORIGEM;GERADO_POR;0.75;Arquivo possui origem catalogada
WDO_30min_2018_2020.csv;ARQUIVO;WDO;ATIVO;PERTENCE_A;0.9;Arquivo pertence ao ativo
WDO_30min_2018_2020.csv;ARQUIVO;30_MIN;FRACTAL;USA_ESCALA_TEMPORAL;0.85;Arquivo pertence ao fractal
WDO_30min_2018_2020.csv;ARQUIVO;PROFIT;ORIGEM;GERADO_POR;0.75;Arquivo possui origem catalogada
WDO_30min_2020_2022.csv;ARQUIVO;WDO;ATIVO;PERTENCE_A;0.9;Arquivo pertence ao ativo
WDO_30min_2020_2022.csv;ARQUIVO;30_MIN;FRACTAL;USA_ESCALA_TEMPORAL;0.85;Arquivo pertence ao fractal
WDO_30min_2020_2022.csv;ARQUIVO;PROFIT;ORIGEM;GERADO_POR;0.75;Arquivo possui origem catalogada
WDO_30min_2022_2024.csv;ARQUIVO;WDO;ATIVO;PERTENCE_A;0.9;Arquivo pertence ao ativo
WDO_30min_2022_2024.csv;ARQUIVO;30_MIN;FRACTAL;USA_ESCALA_TEMPORAL;0.85;Arquivo pertence ao fractal
WDO_30min_2022_2024.csv;ARQUIVO;PROFIT;ORIGEM;GERADO_POR;0.75;Arquivo possui origem catalogada
WDO_30min_2024_2026.csv;ARQUIVO;WDO;ATIVO;PERTENCE_A;0.9;Arquivo pertence ao ativo
WDO_30min_2024_2026.csv;ARQUIVO;30_MIN;FRACTAL;USA_ESCALA_TEMPORAL;0.85;Arquivo pertence ao fractal
WDO_30min_2024_2026.csv;ARQUIVO;PROFIT;ORIGEM;GERADO_POR;0.75;Arquivo possui origem catalogada
WDO_30min_2026_2026.csv;ARQUIVO;WDO;ATIVO;PERTENCE_A;0.9;Arquivo pertence ao ativo
WDO_30min_2026_2026.csv;ARQUIVO;30_MIN;FRACTAL;USA_ESCALA_TEMPORAL;0.85;Arquivo pertence ao fractal
WDO_30min_2026_2026.csv;ARQUIVO;PROFIT;ORIGEM;GERADO_POR;0.75;Arquivo possui origem catalogada
WIN_30min_2012_2014.csv;ARQUIVO;WIN;ATIVO;PERTENCE_A;0.9;Arquivo pertence ao ativo
WIN_30min_2012_2014.csv;ARQUIVO;30_MIN;FRACTAL;USA_ESCALA_TEMPORAL;0.85;Arquivo pertence ao fractal
WIN_30min_2012_2014.csv;ARQUIVO;PROFIT;ORIGEM;GERADO_POR;0.75;Arquivo possui origem catalogada
WIN_30min_2014_2016.csv;ARQUIVO;WIN;ATIVO;PERTENCE_A;0.9;Arquivo pertence ao ativo
WIN_30min_2014_2016.csv;ARQUIVO;30_MIN;FRACTAL;USA_ESCALA_TEMPORAL;0.85;Arquivo pertence ao fractal
WIN_30min_2014_2016.csv;ARQUIVO;PROFIT;ORIGEM;GERADO_POR;0.75;Arquivo possui origem catalogada
WIN_30min_2016_2018.csv;ARQUIVO;WIN;ATIVO;PERTENCE_A;0.9;Arquivo pertence ao ativo
WIN_30min_2016_2018.csv;ARQUIVO;30_MIN;FRACTAL;USA_ESCALA_TEMPORAL;0.85;Arquivo pertence ao fractal
WIN_30min_2016_2018.csv;ARQUIVO;PROFIT;ORIGEM;GERADO_POR;0.75;Arquivo possui origem catalogada
WIN_30min_2018_2020.csv;ARQUIVO;WIN;ATIVO;PERTENCE_A;0.9;Arquivo pertence ao ativo
WIN_30min_2018_2020.csv;ARQUIVO;30_MIN;FRACTAL;USA_ESCALA_TEMPORAL;0.85;Arquivo pertence ao fractal
WIN_30min_2018_2020.csv;ARQUIVO;PROFIT;ORIGEM;GERADO_POR;0.75;Arquivo possui origem catalogada
WIN_30min_2020_2022.csv;ARQUIVO;WIN;ATIVO;PERTENCE_A;0.9;Arquivo pertence ao ativo
WIN_30min_2020_2022.csv;ARQUIVO;30_MIN;FRACTAL;USA_ESCALA_TEMPORAL;0.85;Arquivo pertence ao fractal
WIN_30min_2020_2022.csv;ARQUIVO;PROFIT;ORIGEM;GERADO_POR;0.75;Arquivo possui origem catalogada
WIN_30min_2022_2024.csv;ARQUIVO;WIN;ATIVO;PERTENCE_A;0.9;Arquivo pertence ao ativo
WIN_30min_2022_2024.csv;ARQUIVO;30_MIN;FRACTAL;USA_ESCALA_TEMPORAL;0.85;Arquivo pertence ao fractal
WIN_30min_2022_2024.csv;ARQUIVO;PROFIT;ORIGEM;GERADO_POR;0.75;Arquivo possui origem catalogada
WIN_30min_2026_2026 (2).csv;ARQUIVO;WIN;ATIVO;PERTENCE_A;0.9;Arquivo pertence ao ativo
WIN_30min_2026_2026 (2).csv;ARQUIVO;30_MIN;FRACTAL;USA_ESCALA_TEMPORAL;0.85;Arquivo pertence ao fractal
WIN_30min_2026_2026 (2).csv;ARQUIVO;PROFIT;ORIGEM;GERADO_POR;0.75;Arquivo possui origem catalogada
WIN_30min_2026_2026.csv;ARQUIVO;WIN;ATIVO;PERTENCE_A;0.9;Arquivo pertence ao ativo
WIN_30min_2026_2026.csv;ARQUIVO;30_MIN;FRACTAL;USA_ESCALA_TEMPORAL;0.85;Arquivo pertence ao fractal
WIN_30min_2026_2026.csv;ARQUIVO;PROFIT;ORIGEM;GERADO_POR;0.75;Arquivo possui origem catalogada
WIN_45min_2026_2026.csv;ARQUIVO;WIN;ATIVO;PERTENCE_A;0.9;Arquivo pertence ao ativo
WIN_45min_2026_2026.csv;ARQUIVO;45_MIN;FRACTAL;USA_ESCALA_TEMPORAL;0.85;Arquivo pertence ao fractal
WIN_45min_2026_2026.csv;ARQUIVO;ZE_DO_EUCRAZIO;ORIGEM;GERADO_POR;0.75;Arquivo possui origem catalogada
WDO_60MIN_2012_2014.csv;ARQUIVO;WDO;ATIVO;PERTENCE_A;0.9;Arquivo pertence ao ativo
WDO_60MIN_2012_2014.csv;ARQUIVO;60_MIN;FRACTAL;USA_ESCALA_TEMPORAL;0.85;Arquivo pertence ao fractal
WDO_60MIN_2012_2014.csv;ARQUIVO;PROFIT;ORIGEM;GERADO_POR;0.75;Arquivo possui origem catalogada
WDO_60min_2014_2016.csv;ARQUIVO;WDO;ATIVO;PERTENCE_A;0.9;Arquivo pertence ao ativo
WDO_60min_2014_2016.csv;ARQUIVO;60_MIN;FRACTAL;USA_ESCALA_TEMPORAL;0.85;Arquivo pertence ao fractal
WDO_60min_2014_2016.csv;ARQUIVO;PROFIT;ORIGEM;GERADO_POR;0.75;Arquivo possui origem catalogada
WDO_60min_2016_2018.csv;ARQUIVO;WDO;ATIVO;PERTENCE_A;0.9;Arquivo pertence ao ativo
WDO_60min_2016_2018.csv;ARQUIVO;60_MIN;FRACTAL;USA_ESCALA_TEMPORAL;0.85;Arquivo pertence ao fractal
WDO_60min_2016_2018.csv;ARQUIVO;PROFIT;ORIGEM;GERADO_POR;0.75;Arquivo possui origem catalogada
WDO_60min_2018_2020.csv;ARQUIVO;WDO;ATIVO;PERTENCE_A;0.9;Arquivo pertence ao ativo
WDO_60min_2018_2020.csv;ARQUIVO;60_MIN;FRACTAL;USA_ESCALA_TEMPORAL;0.85;Arquivo pertence ao fractal
WDO_60min_2018_2020.csv;ARQUIVO;PROFIT;ORIGEM;GERADO_POR;0.75;Arquivo possui origem catalogada
WDO_60min_2020_2022.csv;ARQUIVO;WDO;ATIVO;PERTENCE_A;0.9;Arquivo pertence ao ativo
WDO_60min_2020_2022.csv;ARQUIVO;60_MIN;FRACTAL;USA_ESCALA_TEMPORAL;0.85;Arquivo pertence ao fractal
WDO_60min_2020_2022.csv;ARQUIVO;PROFIT;ORIGEM;GERADO_POR;0.75;Arquivo possui origem catalogada
WDO_60min_2022_2024.csv;ARQUIVO;WDO;ATIVO;PERTENCE_A;0.9;Arquivo pertence ao ativo
WDO_60min_2022_2024.csv;ARQUIVO;60_MIN;FRACTAL;USA_ESCALA_TEMPORAL;0.85;Arquivo pertence ao fractal
WDO_60min_2022_2024.csv;ARQUIVO;PROFIT;ORIGEM;GERADO_POR;0.75;Arquivo possui origem catalogada
WDO_60min_2024_2026.csv;ARQUIVO;WDO;ATIVO;PERTENCE_A;0.9;Arquivo pertence ao ativo
WDO_60min_2024_2026.csv;ARQUIVO;60_MIN;FRACTAL;USA_ESCALA_TEMPORAL;0.85;Arquivo pertence ao fractal
WDO_60min_2024_2026.csv;ARQUIVO;PROFIT;ORIGEM;GERADO_POR;0.75;Arquivo possui origem catalogada
WDO_60min_2026_2026.csv;ARQUIVO;WDO;ATIVO;PERTENCE_A;0.9;Arquivo pertence ao ativo
WDO_60min_2026_2026.csv;ARQUIVO;60_MIN;FRACTAL;USA_ESCALA_TEMPORAL;0.85;Arquivo pertence ao fractal
WDO_60min_2026_2026.csv;ARQUIVO;PROFIT;ORIGEM;GERADO_POR;0.75;Arquivo possui origem catalogada
WIN_60min_2012_2014.csv;ARQUIVO;WIN;ATIVO;PERTENCE_A;0.9;Arquivo pertence ao ativo
WIN_60min_2012_2014.csv;ARQUIVO;60_MIN;FRACTAL;USA_ESCALA_TEMPORAL;0.85;Arquivo pertence ao fractal
WIN_60min_2012_2014.csv;ARQUIVO;PROFIT;ORIGEM;GERADO_POR;0.75;Arquivo possui origem catalogada
WIN_60min_2014_2016.csv;ARQUIVO;WIN;ATIVO;PERTENCE_A;0.9;Arquivo pertence ao ativo
WIN_60min_2014_2016.csv;ARQUIVO;60_MIN;FRACTAL;USA_ESCALA_TEMPORAL;0.85;Arquivo pertence ao fractal
WIN_60min_2014_2016.csv;ARQUIVO;PROFIT;ORIGEM;GERADO_POR;0.75;Arquivo possui origem catalogada
WIN_60min_2016_2018.csv;ARQUIVO;WIN;ATIVO;PERTENCE_A;0.9;Arquivo pertence ao ativo
WIN_60min_2016_2018.csv;ARQUIVO;60_MIN;FRACTAL;USA_ESCALA_TEMPORAL;0.85;Arquivo pertence ao fractal
WIN_60min_2016_2018.csv;ARQUIVO;PROFIT;ORIGEM;GERADO_POR;0.75;Arquivo possui origem catalogada
WIN_60min_2018_2020.csv;ARQUIVO;WIN;ATIVO;PERTENCE_A;0.9;Arquivo pertence ao ativo
WIN_60min_2018_2020.csv;ARQUIVO;60_MIN;FRACTAL;USA_ESCALA_TEMPORAL;0.85;Arquivo pertence ao fractal
WIN_60min_2018_2020.csv;ARQUIVO;PROFIT;ORIGEM;GERADO_POR;0.75;Arquivo possui origem catalogada
WIN_60min_2020_2022.csv;ARQUIVO;WIN;ATIVO;PERTENCE_A;0.9;Arquivo pertence ao ativo
WIN_60min_2020_2022.csv;ARQUIVO;60_MIN;FRACTAL;USA_ESCALA_TEMPORAL;0.85;Arquivo pertence ao fractal
WIN_60min_2020_2022.csv;ARQUIVO;PROFIT;ORIGEM;GERADO_POR;0.75;Arquivo possui origem catalogada
WIN_60min_2022_2024.csv;ARQUIVO;WIN;ATIVO;PERTENCE_A;0.9;Arquivo pertence ao ativo
WIN_60min_2022_2024.csv;ARQUIVO;60_MIN;FRACTAL;USA_ESCALA_TEMPORAL;0.85;Arquivo pertence ao fractal
WIN_60min_2022_2024.csv;ARQUIVO;PROFIT;ORIGEM;GERADO_POR;0.75;Arquivo possui origem catalogada
WIN_60min_2024_2026.csv;ARQUIVO;WIN;ATIVO;PERTENCE_A;0.9;Arquivo pertence ao ativo
WIN_60min_2024_2026.csv;ARQUIVO;60_MIN;FRACTAL;USA_ESCALA_TEMPORAL;0.85;Arquivo pertence ao fractal
WIN_60min_2024_2026.csv;ARQUIVO;PROFIT;ORIGEM;GERADO_POR;0.75;Arquivo possui origem catalogada
WIN_60min_2026_2026 (2).csv;ARQUIVO;WIN;ATIVO;PERTENCE_A;0.9;Arquivo pertence ao ativo
WIN_60min_2026_2026 (2).csv;ARQUIVO;60_MIN;FRACTAL;USA_ESCALA_TEMPORAL;0.85;Arquivo pertence ao fractal
WIN_60min_2026_2026 (2).csv;ARQUIVO;PROFIT;ORIGEM;GERADO_POR;0.75;Arquivo possui origem catalogada
WIN_60min_2026_2026.csv;ARQUIVO;WIN;ATIVO;PERTENCE_A;0.9;Arquivo pertence ao ativo
WIN_60min_2026_2026.csv;ARQUIVO;60_MIN;FRACTAL;USA_ESCALA_TEMPORAL;0.85;Arquivo pertence ao fractal
WIN_60min_2026_2026.csv;ARQUIVO;PROFIT;ORIGEM;GERADO_POR;0.75;Arquivo possui origem catalogada
WIN_90min_2026_2026.csv;ARQUIVO;WIN;ATIVO;PERTENCE_A;0.9;Arquivo pertence ao ativo
WIN_90min_2026_2026.csv;ARQUIVO;90_MIN;FRACTAL;USA_ESCALA_TEMPORAL;0.85;Arquivo pertence ao fractal
WIN_90min_2026_2026.csv;ARQUIVO;ZE_DO_EUCRAZIO;ORIGEM;GERADO_POR;0.75;Arquivo possui origem catalogada
WDO_DIARIO_2005_2006.csv;ARQUIVO;WDO;ATIVO;PERTENCE_A;0.9;Arquivo pertence ao ativo
WDO_DIARIO_2005_2006.csv;ARQUIVO;DIARIO;FRACTAL;USA_ESCALA_TEMPORAL;0.85;Arquivo pertence ao fractal
WDO_DIARIO_2005_2006.csv;ARQUIVO;ZE_DO_EUCRAZIO;ORIGEM;GERADO_POR;0.75;Arquivo possui origem catalogada
WDO_DIARIO_2007_2008.csv;ARQUIVO;WDO;ATIVO;PERTENCE_A;0.9;Arquivo pertence ao ativo
WDO_DIARIO_2007_2008.csv;ARQUIVO;DIARIO;FRACTAL;USA_ESCALA_TEMPORAL;0.85;Arquivo pertence ao fractal
WDO_DIARIO_2007_2008.csv;ARQUIVO;ZE_DO_EUCRAZIO;ORIGEM;GERADO_POR;0.75;Arquivo possui origem catalogada
WDO_DIARIO_2008_2009.csv;ARQUIVO;WDO;ATIVO;PERTENCE_A;0.9;Arquivo pertence ao ativo
WDO_DIARIO_2008_2009.csv;ARQUIVO;DIARIO;FRACTAL;USA_ESCALA_TEMPORAL;0.85;Arquivo pertence ao fractal
WDO_DIARIO_2008_2009.csv;ARQUIVO;ZE_DO_EUCRAZIO;ORIGEM;GERADO_POR;0.75;Arquivo possui origem catalogada
WDO_DIARIO_2009_2010.csv;ARQUIVO;WDO;ATIVO;PERTENCE_A;0.9;Arquivo pertence ao ativo
WDO_DIARIO_2009_2010.csv;ARQUIVO;DIARIO;FRACTAL;USA_ESCALA_TEMPORAL;0.85;Arquivo pertence ao fractal
WDO_DIARIO_2009_2010.csv;ARQUIVO;ZE_DO_EUCRAZIO;ORIGEM;GERADO_POR;0.75;Arquivo possui origem catalogada
WDO_DIARIO_2010_2011.csv;ARQUIVO;WDO;ATIVO;PERTENCE_A;0.9;Arquivo pertence ao ativo
WDO_DIARIO_2010_2011.csv;ARQUIVO;DIARIO;FRACTAL;USA_ESCALA_TEMPORAL;0.85;Arquivo pertence ao fractal
WDO_DIARIO_2010_2011.csv;ARQUIVO;ZE_DO_EUCRAZIO;ORIGEM;GERADO_POR;0.75;Arquivo possui origem catalogada
WDO_DIARIO_2013_2014.csv;ARQUIVO;WDO;ATIVO;PERTENCE_A;0.9;Arquivo pertence ao ativo
WDO_DIARIO_2013_2014.csv;ARQUIVO;DIARIO;FRACTAL;USA_ESCALA_TEMPORAL;0.85;Arquivo pertence ao fractal
WDO_DIARIO_2013_2014.csv;ARQUIVO;ZE_DO_EUCRAZIO;ORIGEM;GERADO_POR;0.75;Arquivo possui origem catalogada
WDO_DIARIO_2015_2017.csv;ARQUIVO;WDO;ATIVO;PERTENCE_A;0.9;Arquivo pertence ao ativo
WDO_DIARIO_2015_2017.csv;ARQUIVO;DIARIO;FRACTAL;USA_ESCALA_TEMPORAL;0.85;Arquivo pertence ao fractal
WDO_DIARIO_2015_2017.csv;ARQUIVO;ZE_DO_EUCRAZIO;ORIGEM;GERADO_POR;0.75;Arquivo possui origem catalogada
WDO_DIARIO_2019_2020.csv;ARQUIVO;WDO;ATIVO;PERTENCE_A;0.9;Arquivo pertence ao ativo
WDO_DIARIO_2019_2020.csv;ARQUIVO;DIARIO;FRACTAL;USA_ESCALA_TEMPORAL;0.85;Arquivo pertence ao fractal
WDO_DIARIO_2019_2020.csv;ARQUIVO;ZE_DO_EUCRAZIO;ORIGEM;GERADO_POR;0.75;Arquivo possui origem catalogada
WDO_DIARIO_2020_2022.csv;ARQUIVO;WDO;ATIVO;PERTENCE_A;0.9;Arquivo pertence ao ativo
WDO_DIARIO_2020_2022.csv;ARQUIVO;DIARIO;FRACTAL;USA_ESCALA_TEMPORAL;0.85;Arquivo pertence ao fractal
WDO_DIARIO_2020_2022.csv;ARQUIVO;ZE_DO_EUCRAZIO;ORIGEM;GERADO_POR;0.75;Arquivo possui origem catalogada
WDO_DIARIO_2022_2024.csv;ARQUIVO;WDO;ATIVO;PERTENCE_A;0.9;Arquivo pertence ao ativo
WDO_DIARIO_2022_2024.csv;ARQUIVO;DIARIO;FRACTAL;USA_ESCALA_TEMPORAL;0.85;Arquivo pertence ao fractal
WDO_DIARIO_2022_2024.csv;ARQUIVO;ZE_DO_EUCRAZIO;ORIGEM;GERADO_POR;0.75;Arquivo possui origem catalogada
WDO_DIARIO_2024_2026.csv;ARQUIVO;WDO;ATIVO;PERTENCE_A;0.9;Arquivo pertence ao ativo
WDO_DIARIO_2024_2026.csv;ARQUIVO;DIARIO;FRACTAL;USA_ESCALA_TEMPORAL;0.85;Arquivo pertence ao fractal
WDO_DIARIO_2024_2026.csv;ARQUIVO;ZE_DO_EUCRAZIO;ORIGEM;GERADO_POR;0.75;Arquivo possui origem catalogada
WDO_DIARIO_2026_2026.csv;ARQUIVO;WDO;ATIVO;PERTENCE_A;0.9;Arquivo pertence ao ativo
WDO_DIARIO_2026_2026.csv;ARQUIVO;DIARIO;FRACTAL;USA_ESCALA_TEMPORAL;0.85;Arquivo pertence ao fractal
WDO_DIARIO_2026_2026.csv;ARQUIVO;ZE_DO_EUCRAZIO;ORIGEM;GERADO_POR;0.75;Arquivo possui origem catalogada
WDO_Diário_2011_2013.csv;ARQUIVO;WDO;ATIVO;PERTENCE_A;0.9;Arquivo pertence ao ativo
WDO_Diário_2011_2013.csv;ARQUIVO;DIARIO;FRACTAL;USA_ESCALA_TEMPORAL;0.85;Arquivo pertence ao fractal
WDO_Diário_2011_2013.csv;ARQUIVO;ZE_DO_EUCRAZIO;ORIGEM;GERADO_POR;0.75;Arquivo possui origem catalogada
WIN_DIARIO_2017_2019.csv;ARQUIVO;WIN;ATIVO;PERTENCE_A;0.9;Arquivo pertence ao ativo
WIN_DIARIO_2017_2019.csv;ARQUIVO;DIARIO;FRACTAL;USA_ESCALA_TEMPORAL;0.85;Arquivo pertence ao fractal
WIN_DIARIO_2017_2019.csv;ARQUIVO;ZE_DO_EUCRAZIO;ORIGEM;GERADO_POR;0.75;Arquivo possui origem catalogada
WIN_DIARIO_2005_2006.csv;ARQUIVO;WIN;ATIVO;PERTENCE_A;0.9;Arquivo pertence ao ativo
WIN_DIARIO_2005_2006.csv;ARQUIVO;DIARIO;FRACTAL;USA_ESCALA_TEMPORAL;0.85;Arquivo pertence ao fractal
WIN_DIARIO_2005_2006.csv;ARQUIVO;ZE_DO_EUCRAZIO;ORIGEM;GERADO_POR;0.75;Arquivo possui origem catalogada
WIN_DIARIO_2007_2008.csv;ARQUIVO;WIN;ATIVO;PERTENCE_A;0.9;Arquivo pertence ao ativo
WIN_DIARIO_2007_2008.csv;ARQUIVO;DIARIO;FRACTAL;USA_ESCALA_TEMPORAL;0.85;Arquivo pertence ao fractal
WIN_DIARIO_2007_2008.csv;ARQUIVO;ZE_DO_EUCRAZIO;ORIGEM;GERADO_POR;0.75;Arquivo possui origem catalogada
WIN_DIARIO_2008_2009.csv;ARQUIVO;WIN;ATIVO;PERTENCE_A;0.9;Arquivo pertence ao ativo
WIN_DIARIO_2008_2009.csv;ARQUIVO;DIARIO;FRACTAL;USA_ESCALA_TEMPORAL;0.85;Arquivo pertence ao fractal
WIN_DIARIO_2008_2009.csv;ARQUIVO;ZE_DO_EUCRAZIO;ORIGEM;GERADO_POR;0.75;Arquivo possui origem catalogada
WIN_DIARIO_2009_2010.csv;ARQUIVO;WIN;ATIVO;PERTENCE_A;0.9;Arquivo pertence ao ativo
WIN_DIARIO_2009_2010.csv;ARQUIVO;DIARIO;FRACTAL;USA_ESCALA_TEMPORAL;0.85;Arquivo pertence ao fractal
WIN_DIARIO_2009_2010.csv;ARQUIVO;ZE_DO_EUCRAZIO;ORIGEM;GERADO_POR;0.75;Arquivo possui origem catalogada
WIN_DIARIO_2010_2011.csv;ARQUIVO;WIN;ATIVO;PERTENCE_A;0.9;Arquivo pertence ao ativo
WIN_DIARIO_2010_2011.csv;ARQUIVO;DIARIO;FRACTAL;USA_ESCALA_TEMPORAL;0.85;Arquivo pertence ao fractal
WIN_DIARIO_2010_2011.csv;ARQUIVO;ZE_DO_EUCRAZIO;ORIGEM;GERADO_POR;0.75;Arquivo possui origem catalogada
WIN_DIARIO_2011_2013.csv;ARQUIVO;WIN;ATIVO;PERTENCE_A;0.9;Arquivo pertence ao ativo
WIN_DIARIO_2011_2013.csv;ARQUIVO;DIARIO;FRACTAL;USA_ESCALA_TEMPORAL;0.85;Arquivo pertence ao fractal
WIN_DIARIO_2011_2013.csv;ARQUIVO;ZE_DO_EUCRAZIO;ORIGEM;GERADO_POR;0.75;Arquivo possui origem catalogada
WIN_DIARIO_2013_2015.csv;ARQUIVO;WIN;ATIVO;PERTENCE_A;0.9;Arquivo pertence ao ativo
WIN_DIARIO_2013_2015.csv;ARQUIVO;DIARIO;FRACTAL;USA_ESCALA_TEMPORAL;0.85;Arquivo pertence ao fractal
WIN_DIARIO_2013_2015.csv;ARQUIVO;ZE_DO_EUCRAZIO;ORIGEM;GERADO_POR;0.75;Arquivo possui origem catalogada
WIN_DIARIO_2015_2017.csv;ARQUIVO;WIN;ATIVO;PERTENCE_A;0.9;Arquivo pertence ao ativo
WIN_DIARIO_2015_2017.csv;ARQUIVO;DIARIO;FRACTAL;USA_ESCALA_TEMPORAL;0.85;Arquivo pertence ao fractal
WIN_DIARIO_2015_2017.csv;ARQUIVO;ZE_DO_EUCRAZIO;ORIGEM;GERADO_POR;0.75;Arquivo possui origem catalogada
WIN_DIARIO_2019_2020.csv;ARQUIVO;WIN;ATIVO;PERTENCE_A;0.9;Arquivo pertence ao ativo
WIN_DIARIO_2019_2020.csv;ARQUIVO;DIARIO;FRACTAL;USA_ESCALA_TEMPORAL;0.85;Arquivo pertence ao fractal
WIN_DIARIO_2019_2020.csv;ARQUIVO;ZE_DO_EUCRAZIO;ORIGEM;GERADO_POR;0.75;Arquivo possui origem catalogada
WIN_DIARIO_2020_2022.csv;ARQUIVO;WIN;ATIVO;PERTENCE_A;0.9;Arquivo pertence ao ativo
WIN_DIARIO_2020_2022.csv;ARQUIVO;DIARIO;FRACTAL;USA_ESCALA_TEMPORAL;0.85;Arquivo pertence ao fractal
WIN_DIARIO_2020_2022.csv;ARQUIVO;ZE_DO_EUCRAZIO;ORIGEM;GERADO_POR;0.75;Arquivo possui origem catalogada
WIN_DIARIO_2022_2024.csv;ARQUIVO;WIN;ATIVO;PERTENCE_A;0.9;Arquivo pertence ao ativo
WIN_DIARIO_2022_2024.csv;ARQUIVO;DIARIO;FRACTAL;USA_ESCALA_TEMPORAL;0.85;Arquivo pertence ao fractal
WIN_DIARIO_2022_2024.csv;ARQUIVO;ZE_DO_EUCRAZIO;ORIGEM;GERADO_POR;0.75;Arquivo possui origem catalogada
WIN_DIARIO_2024_2026.csv;ARQUIVO;WIN;ATIVO;PERTENCE_A;0.9;Arquivo pertence ao ativo
WIN_DIARIO_2024_2026.csv;ARQUIVO;DIARIO;FRACTAL;USA_ESCALA_TEMPORAL;0.85;Arquivo pertence ao fractal
WIN_DIARIO_2024_2026.csv;ARQUIVO;ZE_DO_EUCRAZIO;ORIGEM;GERADO_POR;0.75;Arquivo possui origem catalogada
WIN_DIARIO_2026_2026.csv;ARQUIVO;WIN;ATIVO;PERTENCE_A;0.9;Arquivo pertence ao ativo
WIN_DIARIO_2026_2026.csv;ARQUIVO;DIARIO;FRACTAL;USA_ESCALA_TEMPORAL;0.85;Arquivo pertence ao fractal
WIN_DIARIO_2026_2026.csv;ARQUIVO;ZE_DO_EUCRAZIO;ORIGEM;GERADO_POR;0.75;Arquivo possui origem catalogada
WIN_120min_2026_2026.csv;ARQUIVO;WIN;ATIVO;PERTENCE_A;0.9;Arquivo pertence ao ativo
WIN_120min_2026_2026.csv;ARQUIVO;120_MIN;FRACTAL;USA_ESCALA_TEMPORAL;0.85;Arquivo pertence ao fractal
WIN_120min_2026_2026.csv;ARQUIVO;ZE_DO_EUCRAZIO;ORIGEM;GERADO_POR;0.75;Arquivo possui origem catalogada
WIN_180min_2026_2026.csv;ARQUIVO;WIN;ATIVO;PERTENCE_A;0.9;Arquivo pertence ao ativo
WIN_180min_2026_2026.csv;ARQUIVO;180_MIN;FRACTAL;USA_ESCALA_TEMPORAL;0.85;Arquivo pertence ao fractal
WIN_180min_2026_2026.csv;ARQUIVO;ZE_DO_EUCRAZIO;ORIGEM;GERADO_POR;0.75;Arquivo possui origem catalogada
WIN_240min_2026_2026.csv;ARQUIVO;WIN;ATIVO;PERTENCE_A;0.9;Arquivo pertence ao ativo
WIN_240min_2026_2026.csv;ARQUIVO;240_MIN;FRACTAL;USA_ESCALA_TEMPORAL;0.85;Arquivo pertence ao fractal
WIN_240min_2026_2026.csv;ARQUIVO;ZE_DO_EUCRAZIO;ORIGEM;GERADO_POR;0.75;Arquivo possui origem catalogada
WDOFUT_F_0_Semanal.csv;ARQUIVO;WDO;ATIVO;PERTENCE_A;0.9;Arquivo pertence ao ativo
WDOFUT_F_0_Semanal.csv;ARQUIVO;SEMANAL;FRACTAL;USA_ESCALA_TEMPORAL;0.85;Arquivo pertence ao fractal
WDOFUT_F_0_Semanal.csv;ARQUIVO;PROFIT;ORIGEM;GERADO_POR;0.75;Arquivo possui origem catalogada
WINFUT_F_0_Semanal.csv;ARQUIVO;WIN;ATIVO;PERTENCE_A;0.9;Arquivo pertence ao ativo
WINFUT_F_0_Semanal.csv;ARQUIVO;SEMANAL;FRACTAL;USA_ESCALA_TEMPORAL;0.85;Arquivo pertence ao fractal
WINFUT_F_0_Semanal.csv;ARQUIVO;PROFIT;ORIGEM;GERADO_POR;0.75;Arquivo possui origem catalogada
WDO_SEMANAL_2009_2011.csv;ARQUIVO;WDO;ATIVO;PERTENCE_A;0.9;Arquivo pertence ao ativo
WDO_SEMANAL_2009_2011.csv;ARQUIVO;SEMANAL;FRACTAL;USA_ESCALA_TEMPORAL;0.85;Arquivo pertence ao fractal
WDO_SEMANAL_2009_2011.csv;ARQUIVO;PROFIT;ORIGEM;GERADO_POR;0.75;Arquivo possui origem catalogada
WDO_SEMANAL_2011_2013.csv;ARQUIVO;WDO;ATIVO;PERTENCE_A;0.9;Arquivo pertence ao ativo
WDO_SEMANAL_2011_2013.csv;ARQUIVO;SEMANAL;FRACTAL;USA_ESCALA_TEMPORAL;0.85;Arquivo pertence ao fractal
WDO_SEMANAL_2011_2013.csv;ARQUIVO;PROFIT;ORIGEM;GERADO_POR;0.75;Arquivo possui origem catalogada
WDO_SEMANAL_2013_2015.csv;ARQUIVO;WDO;ATIVO;PERTENCE_A;0.9;Arquivo pertence ao ativo
WDO_SEMANAL_2013_2015.csv;ARQUIVO;SEMANAL;FRACTAL;USA_ESCALA_TEMPORAL;0.85;Arquivo pertence ao fractal
WDO_SEMANAL_2013_2015.csv;ARQUIVO;PROFIT;ORIGEM;GERADO_POR;0.75;Arquivo possui origem catalogada
WDO_SEMANAL_2015_2017.csv;ARQUIVO;WDO;ATIVO;PERTENCE_A;0.9;Arquivo pertence ao ativo
WDO_SEMANAL_2015_2017.csv;ARQUIVO;SEMANAL;FRACTAL;USA_ESCALA_TEMPORAL;0.85;Arquivo pertence ao fractal
WDO_SEMANAL_2015_2017.csv;ARQUIVO;PROFIT;ORIGEM;GERADO_POR;0.75;Arquivo possui origem catalogada
WDO_SEMANAL_2017_2019.csv;ARQUIVO;WDO;ATIVO;PERTENCE_A;0.9;Arquivo pertence ao ativo
WDO_SEMANAL_2017_2019.csv;ARQUIVO;SEMANAL;FRACTAL;USA_ESCALA_TEMPORAL;0.85;Arquivo pertence ao fractal
WDO_SEMANAL_2017_2019.csv;ARQUIVO;PROFIT;ORIGEM;GERADO_POR;0.75;Arquivo possui origem catalogada
WDO_SEMANAL_2019_2020.csv;ARQUIVO;WDO;ATIVO;PERTENCE_A;0.9;Arquivo pertence ao ativo
WDO_SEMANAL_2019_2020.csv;ARQUIVO;SEMANAL;FRACTAL;USA_ESCALA_TEMPORAL;0.85;Arquivo pertence ao fractal
WDO_SEMANAL_2019_2020.csv;ARQUIVO;PROFIT;ORIGEM;GERADO_POR;0.75;Arquivo possui origem catalogada
WDO_SEMANAL_2020_2022.csv;ARQUIVO;WDO;ATIVO;PERTENCE_A;0.9;Arquivo pertence ao ativo
WDO_SEMANAL_2020_2022.csv;ARQUIVO;SEMANAL;FRACTAL;USA_ESCALA_TEMPORAL;0.85;Arquivo pertence ao fractal
WDO_SEMANAL_2020_2022.csv;ARQUIVO;PROFIT;ORIGEM;GERADO_POR;0.75;Arquivo possui origem catalogada
WDO_SEMANAL_2024_2026.csv;ARQUIVO;WDO;ATIVO;PERTENCE_A;0.9;Arquivo pertence ao ativo
WDO_SEMANAL_2024_2026.csv;ARQUIVO;SEMANAL;FRACTAL;USA_ESCALA_TEMPORAL;0.85;Arquivo pertence ao fractal
WDO_SEMANAL_2024_2026.csv;ARQUIVO;PROFIT;ORIGEM;GERADO_POR;0.75;Arquivo possui origem catalogada
WDO_SEMANAL_2026_2026.csv;ARQUIVO;WDO;ATIVO;PERTENCE_A;0.9;Arquivo pertence ao ativo
WDO_SEMANAL_2026_2026.csv;ARQUIVO;SEMANAL;FRACTAL;USA_ESCALA_TEMPORAL;0.85;Arquivo pertence ao fractal
WDO_SEMANAL_2026_2026.csv;ARQUIVO;PROFIT;ORIGEM;GERADO_POR;0.75;Arquivo possui origem catalogada
WIN_Semanal_2005_2007.csv;ARQUIVO;WIN;ATIVO;PERTENCE_A;0.9;Arquivo pertence ao ativo
WIN_Semanal_2005_2007.csv;ARQUIVO;SEMANAL;FRACTAL;USA_ESCALA_TEMPORAL;0.85;Arquivo pertence ao fractal
WIN_Semanal_2005_2007.csv;ARQUIVO;PROFIT;ORIGEM;GERADO_POR;0.75;Arquivo possui origem catalogada
WIN_SEMANAL_2007_2009.csv;ARQUIVO;WIN;ATIVO;PERTENCE_A;0.9;Arquivo pertence ao ativo
WIN_SEMANAL_2007_2009.csv;ARQUIVO;SEMANAL;FRACTAL;USA_ESCALA_TEMPORAL;0.85;Arquivo pertence ao fractal
WIN_SEMANAL_2007_2009.csv;ARQUIVO;PROFIT;ORIGEM;GERADO_POR;0.75;Arquivo possui origem catalogada
WIN_SEMANAL_2009_2011.csv;ARQUIVO;WIN;ATIVO;PERTENCE_A;0.9;Arquivo pertence ao ativo
WIN_SEMANAL_2009_2011.csv;ARQUIVO;SEMANAL;FRACTAL;USA_ESCALA_TEMPORAL;0.85;Arquivo pertence ao fractal
WIN_SEMANAL_2009_2011.csv;ARQUIVO;PROFIT;ORIGEM;GERADO_POR;0.75;Arquivo possui origem catalogada
WIN_SEMANAL_2011_2013.csv;ARQUIVO;WIN;ATIVO;PERTENCE_A;0.9;Arquivo pertence ao ativo
WIN_SEMANAL_2011_2013.csv;ARQUIVO;SEMANAL;FRACTAL;USA_ESCALA_TEMPORAL;0.85;Arquivo pertence ao fractal
WIN_SEMANAL_2011_2013.csv;ARQUIVO;PROFIT;ORIGEM;GERADO_POR;0.75;Arquivo possui origem catalogada
WIN_SEMANAL_2013_2015.csv;ARQUIVO;WIN;ATIVO;PERTENCE_A;0.9;Arquivo pertence ao ativo
WIN_SEMANAL_2013_2015.csv;ARQUIVO;SEMANAL;FRACTAL;USA_ESCALA_TEMPORAL;0.85;Arquivo pertence ao fractal
WIN_SEMANAL_2013_2015.csv;ARQUIVO;PROFIT;ORIGEM;GERADO_POR;0.75;Arquivo possui origem catalogada
WIN_SEMANAL_2015_2017.csv;ARQUIVO;WIN;ATIVO;PERTENCE_A;0.9;Arquivo pertence ao ativo
WIN_SEMANAL_2015_2017.csv;ARQUIVO;SEMANAL;FRACTAL;USA_ESCALA_TEMPORAL;0.85;Arquivo pertence ao fractal
WIN_SEMANAL_2015_2017.csv;ARQUIVO;PROFIT;ORIGEM;GERADO_POR;0.75;Arquivo possui origem catalogada
WIN_SEMANAL_2017_2019.csv;ARQUIVO;WIN;ATIVO;PERTENCE_A;0.9;Arquivo pertence ao ativo
WIN_SEMANAL_2017_2019.csv;ARQUIVO;SEMANAL;FRACTAL;USA_ESCALA_TEMPORAL;0.85;Arquivo pertence ao fractal
WIN_SEMANAL_2017_2019.csv;ARQUIVO;PROFIT;ORIGEM;GERADO_POR;0.75;Arquivo possui origem catalogada
WIN_SEMANAL_2018_2020.csv;ARQUIVO;WIN;ATIVO;PERTENCE_A;0.9;Arquivo pertence ao ativo
WIN_SEMANAL_2018_2020.csv;ARQUIVO;SEMANAL;FRACTAL;USA_ESCALA_TEMPORAL;0.85;Arquivo pertence ao fractal
WIN_SEMANAL_2018_2020.csv;ARQUIVO;PROFIT;ORIGEM;GERADO_POR;0.75;Arquivo possui origem catalogada
WIN_SEMANAL_2020_2022.csv;ARQUIVO;WIN;ATIVO;PERTENCE_A;0.9;Arquivo pertence ao ativo
WIN_SEMANAL_2020_2022.csv;ARQUIVO;SEMANAL;FRACTAL;USA_ESCALA_TEMPORAL;0.85;Arquivo pertence ao fractal
WIN_SEMANAL_2020_2022.csv;ARQUIVO;PROFIT;ORIGEM;GERADO_POR;0.75;Arquivo possui origem catalogada
WIN_SEMANAL_2022_2024.csv;ARQUIVO;WIN;ATIVO;PERTENCE_A;0.9;Arquivo pertence ao ativo
WIN_SEMANAL_2022_2024.csv;ARQUIVO;SEMANAL;FRACTAL;USA_ESCALA_TEMPORAL;0.85;Arquivo pertence ao fractal
WIN_SEMANAL_2022_2024.csv;ARQUIVO;PROFIT;ORIGEM;GERADO_POR;0.75;Arquivo possui origem catalogada
WIN_SEMANAL_2024_2026.csv;ARQUIVO;WIN;ATIVO;PERTENCE_A;0.9;Arquivo pertence ao ativo
WIN_SEMANAL_2024_2026.csv;ARQUIVO;SEMANAL;FRACTAL;USA_ESCALA_TEMPORAL;0.85;Arquivo pertence ao fractal
WIN_SEMANAL_2024_2026.csv;ARQUIVO;PROFIT;ORIGEM;GERADO_POR;0.75;Arquivo possui origem catalogada
WIN_SEMANAL_2026_2026.csv;ARQUIVO;WIN;ATIVO;PERTENCE_A;0.9;Arquivo pertence ao ativo
WIN_SEMANAL_2026_2026.csv;ARQUIVO;SEMANAL;FRACTAL;USA_ESCALA_TEMPORAL;0.85;Arquivo pertence ao fractal
WIN_SEMANAL_2026_2026.csv;ARQUIVO;PROFIT;ORIGEM;GERADO_POR;0.75;Arquivo possui origem catalogada
R001;CODIGO_PADRAO;REVERSAO_VWAP;PADRAO;DEFINE;1.0;REVERSAO
R002;CODIGO_PADRAO;REVERSAO_EXTREMO;PADRAO;DEFINE;1.0;REVERSAO
R003;CODIGO_PADRAO;FALSO_ROMPIMENTO;PADRAO;DEFINE;1.0;REVERSAO
R004;CODIGO_PADRAO;ABSORCAO_COMPRADORA;PADRAO;DEFINE;1.0;REVERSAO
R005;CODIGO_PADRAO;ABSORCAO_VENDEDORA;PADRAO;DEFINE;1.0;REVERSAO
R006;CODIGO_PADRAO;EXAUSTAO_COMPRA;PADRAO;DEFINE;1.0;REVERSAO
R007;CODIGO_PADRAO;EXAUSTAO_VENDA;PADRAO;DEFINE;1.0;REVERSAO
R008;CODIGO_PADRAO;ROMPIMENTO_COM_FLUXO;PADRAO;DEFINE;1.0;REVERSAO
R009;CODIGO_PADRAO;COMPRESSAO_PRE_EXPLOSAO;PADRAO;DEFINE;1.0;REVERSAO
R010;CODIGO_PADRAO;PULLBACK_INSTITUCIONAL;PADRAO;DEFINE;1.0;REVERSAO
S001;CODIGO_PADRAO;SCALPING_EXPLOSAO;PADRAO;DEFINE;1.0;SCALPING
S002;CODIGO_PADRAO;SCALPING_REJEICAO;PADRAO;DEFINE;1.0;SCALPING
C001;CODIGO_PADRAO;CONTEXTO_ABERTURA;PADRAO;DEFINE;1.0;CONTEXTO
C002;CODIGO_PADRAO;CONTEXTO_FECHAMENTO;PADRAO;DEFINE;1.0;CONTEXTO
WDO_10_MIN;ATIVO_FRACTAL;WDO_1_MIN;ATIVO_FRACTAL;DETALHA_DE;0.7;Razao temporal 10.0 - forca MEDIA
WDO_10_MIN;ATIVO_FRACTAL;WDO_30_MIN;ATIVO_FRACTAL;AGREGA_PARA;0.9;Razao temporal 3.0 - forca FORTE
WDO_10_MIN;ATIVO_FRACTAL;WDO_5_MIN;ATIVO_FRACTAL;DETALHA_DE;0.9;Razao temporal 2.0 - forca FORTE
WDO_10_MIN;ATIVO_FRACTAL;WDO_60_MIN;ATIVO_FRACTAL;AGREGA_PARA;0.7;Razao temporal 6.0 - forca MEDIA
WDO_10_MIN;ATIVO_FRACTAL;WDO_DIARIO;ATIVO_FRACTAL;AGREGA_PARA;0.45;Razao temporal 144.0 - forca FRACA
WDO_10_MIN;ATIVO_FRACTAL;WDO_SEMANAL;ATIVO_FRACTAL;AGREGA_PARA;0.45;Razao temporal 1008.0 - forca FRACA
WDO_1_MIN;ATIVO_FRACTAL;WDO_10_MIN;ATIVO_FRACTAL;AGREGA_PARA;0.7;Razao temporal 10.0 - forca MEDIA
WDO_1_MIN;ATIVO_FRACTAL;WDO_30_MIN;ATIVO_FRACTAL;AGREGA_PARA;0.45;Razao temporal 30.0 - forca FRACA
WDO_1_MIN;ATIVO_FRACTAL;WDO_5_MIN;ATIVO_FRACTAL;AGREGA_PARA;0.7;Razao temporal 5.0 - forca MEDIA
WDO_1_MIN;ATIVO_FRACTAL;WDO_60_MIN;ATIVO_FRACTAL;AGREGA_PARA;0.45;Razao temporal 60.0 - forca FRACA
WDO_1_MIN;ATIVO_FRACTAL;WDO_DIARIO;ATIVO_FRACTAL;AGREGA_PARA;0.45;Razao temporal 1440.0 - forca FRACA
WDO_1_MIN;ATIVO_FRACTAL;WDO_SEMANAL;ATIVO_FRACTAL;AGREGA_PARA;0.45;Razao temporal 10080.0 - forca FRACA
WDO_30_MIN;ATIVO_FRACTAL;WDO_10_MIN;ATIVO_FRACTAL;DETALHA_DE;0.9;Razao temporal 3.0 - forca FORTE
WDO_30_MIN;ATIVO_FRACTAL;WDO_1_MIN;ATIVO_FRACTAL;DETALHA_DE;0.45;Razao temporal 30.0 - forca FRACA
WDO_30_MIN;ATIVO_FRACTAL;WDO_5_MIN;ATIVO_FRACTAL;DETALHA_DE;0.7;Razao temporal 6.0 - forca MEDIA
WDO_30_MIN;ATIVO_FRACTAL;WDO_60_MIN;ATIVO_FRACTAL;AGREGA_PARA;0.9;Razao temporal 2.0 - forca FORTE
WDO_30_MIN;ATIVO_FRACTAL;WDO_DIARIO;ATIVO_FRACTAL;AGREGA_PARA;0.45;Razao temporal 48.0 - forca FRACA
WDO_30_MIN;ATIVO_FRACTAL;WDO_SEMANAL;ATIVO_FRACTAL;AGREGA_PARA;0.45;Razao temporal 336.0 - forca FRACA
WDO_5_MIN;ATIVO_FRACTAL;WDO_10_MIN;ATIVO_FRACTAL;AGREGA_PARA;0.9;Razao temporal 2.0 - forca FORTE
WDO_5_MIN;ATIVO_FRACTAL;WDO_1_MIN;ATIVO_FRACTAL;DETALHA_DE;0.7;Razao temporal 5.0 - forca MEDIA
WDO_5_MIN;ATIVO_FRACTAL;WDO_30_MIN;ATIVO_FRACTAL;AGREGA_PARA;0.7;Razao temporal 6.0 - forca MEDIA
WDO_5_MIN;ATIVO_FRACTAL;WDO_60_MIN;ATIVO_FRACTAL;AGREGA_PARA;0.7;Razao temporal 12.0 - forca MEDIA
WDO_5_MIN;ATIVO_FRACTAL;WDO_DIARIO;ATIVO_FRACTAL;AGREGA_PARA;0.45;Razao temporal 288.0 - forca FRACA
WDO_5_MIN;ATIVO_FRACTAL;WDO_SEMANAL;ATIVO_FRACTAL;AGREGA_PARA;0.45;Razao temporal 2016.0 - forca FRACA
WDO_60_MIN;ATIVO_FRACTAL;WDO_10_MIN;ATIVO_FRACTAL;DETALHA_DE;0.7;Razao temporal 6.0 - forca MEDIA
WDO_60_MIN;ATIVO_FRACTAL;WDO_1_MIN;ATIVO_FRACTAL;DETALHA_DE;0.45;Razao temporal 60.0 - forca FRACA
WDO_60_MIN;ATIVO_FRACTAL;WDO_30_MIN;ATIVO_FRACTAL;DETALHA_DE;0.9;Razao temporal 2.0 - forca FORTE
WDO_60_MIN;ATIVO_FRACTAL;WDO_5_MIN;ATIVO_FRACTAL;DETALHA_DE;0.7;Razao temporal 12.0 - forca MEDIA
WDO_60_MIN;ATIVO_FRACTAL;WDO_DIARIO;ATIVO_FRACTAL;AGREGA_PARA;0.45;Razao temporal 24.0 - forca FRACA
WDO_60_MIN;ATIVO_FRACTAL;WDO_SEMANAL;ATIVO_FRACTAL;AGREGA_PARA;0.45;Razao temporal 168.0 - forca FRACA
WDO_DIARIO;ATIVO_FRACTAL;WDO_10_MIN;ATIVO_FRACTAL;DETALHA_DE;0.45;Razao temporal 144.0 - forca FRACA
WDO_DIARIO;ATIVO_FRACTAL;WDO_1_MIN;ATIVO_FRACTAL;DETALHA_DE;0.45;Razao temporal 1440.0 - forca FRACA
WDO_DIARIO;ATIVO_FRACTAL;WDO_30_MIN;ATIVO_FRACTAL;DETALHA_DE;0.45;Razao temporal 48.0 - forca FRACA
WDO_DIARIO;ATIVO_FRACTAL;WDO_5_MIN;ATIVO_FRACTAL;DETALHA_DE;0.45;Razao temporal 288.0 - forca FRACA
WDO_DIARIO;ATIVO_FRACTAL;WDO_60_MIN;ATIVO_FRACTAL;DETALHA_DE;0.45;Razao temporal 24.0 - forca FRACA
WDO_DIARIO;ATIVO_FRACTAL;WDO_SEMANAL;ATIVO_FRACTAL;AGREGA_PARA;0.7;Razao temporal 7.0 - forca MEDIA
WDO_SEMANAL;ATIVO_FRACTAL;WDO_10_MIN;ATIVO_FRACTAL;DETALHA_DE;0.45;Razao temporal 1008.0 - forca FRACA
WDO_SEMANAL;ATIVO_FRACTAL;WDO_1_MIN;ATIVO_FRACTAL;DETALHA_DE;0.45;Razao temporal 10080.0 - forca FRACA
WDO_SEMANAL;ATIVO_FRACTAL;WDO_30_MIN;ATIVO_FRACTAL;DETALHA_DE;0.45;Razao temporal 336.0 - forca FRACA
WDO_SEMANAL;ATIVO_FRACTAL;WDO_5_MIN;ATIVO_FRACTAL;DETALHA_DE;0.45;Razao temporal 2016.0 - forca FRACA
WDO_SEMANAL;ATIVO_FRACTAL;WDO_60_MIN;ATIVO_FRACTAL;DETALHA_DE;0.45;Razao temporal 168.0 - forca FRACA
WDO_SEMANAL;ATIVO_FRACTAL;WDO_DIARIO;ATIVO_FRACTAL;DETALHA_DE;0.7;Razao temporal 7.0 - forca MEDIA
WIN_10_MIN;ATIVO_FRACTAL;WIN_120_MIN;ATIVO_FRACTAL;AGREGA_PARA;0.7;Razao temporal 12.0 - forca MEDIA
WIN_10_MIN;ATIVO_FRACTAL;WIN_12_MIN;ATIVO_FRACTAL;AGREGA_PARA;0.9;Razao temporal 1.2 - forca FORTE
WIN_10_MIN;ATIVO_FRACTAL;WIN_15_MIN;ATIVO_FRACTAL;AGREGA_PARA;0.9;Razao temporal 1.5 - forca FORTE
WIN_10_MIN;ATIVO_FRACTAL;WIN_180_MIN;ATIVO_FRACTAL;AGREGA_PARA;0.45;Razao temporal 18.0 - forca FRACA
WIN_10_MIN;ATIVO_FRACTAL;WIN_1_MIN;ATIVO_FRACTAL;DETALHA_DE;0.7;Razao temporal 10.0 - forca MEDIA
WIN_10_MIN;ATIVO_FRACTAL;WIN_20_MIN;ATIVO_FRACTAL;AGREGA_PARA;0.9;Razao temporal 2.0 - forca FORTE
WIN_10_MIN;ATIVO_FRACTAL;WIN_240_MIN;ATIVO_FRACTAL;AGREGA_PARA;0.45;Razao temporal 24.0 - forca FRACA
WIN_10_MIN;ATIVO_FRACTAL;WIN_2_MIN;ATIVO_FRACTAL;DETALHA_DE;0.7;Razao temporal 5.0 - forca MEDIA
WIN_10_MIN;ATIVO_FRACTAL;WIN_30_MIN;ATIVO_FRACTAL;AGREGA_PARA;0.9;Razao temporal 3.0 - forca FORTE
WIN_10_MIN;ATIVO_FRACTAL;WIN_3_MIN;ATIVO_FRACTAL;DETALHA_DE;0.7;Razao temporal 3.33 - forca MEDIA
WIN_10_MIN;ATIVO_FRACTAL;WIN_45_MIN;ATIVO_FRACTAL;AGREGA_PARA;0.7;Razao temporal 4.5 - forca MEDIA
WIN_10_MIN;ATIVO_FRACTAL;WIN_4_MIN;ATIVO_FRACTAL;DETALHA_DE;0.9;Razao temporal 2.5 - forca FORTE
WIN_10_MIN;ATIVO_FRACTAL;WIN_5_MIN;ATIVO_FRACTAL;DETALHA_DE;0.9;Razao temporal 2.0 - forca FORTE
WIN_10_MIN;ATIVO_FRACTAL;WIN_60_MIN;ATIVO_FRACTAL;AGREGA_PARA;0.7;Razao temporal 6.0 - forca MEDIA
WIN_10_MIN;ATIVO_FRACTAL;WIN_6_MIN;ATIVO_FRACTAL;DETALHA_DE;0.9;Razao temporal 1.67 - forca FORTE
WIN_10_MIN;ATIVO_FRACTAL;WIN_7_MIN;ATIVO_FRACTAL;DETALHA_DE;0.9;Razao temporal 1.43 - forca FORTE
WIN_10_MIN;ATIVO_FRACTAL;WIN_8_MIN;ATIVO_FRACTAL;DETALHA_DE;0.9;Razao temporal 1.25 - forca FORTE
WIN_10_MIN;ATIVO_FRACTAL;WIN_90_MIN;ATIVO_FRACTAL;AGREGA_PARA;0.7;Razao temporal 9.0 - forca MEDIA
WIN_10_MIN;ATIVO_FRACTAL;WIN_9_MIN;ATIVO_FRACTAL;DETALHA_DE;0.9;Razao temporal 1.11 - forca FORTE
WIN_10_MIN;ATIVO_FRACTAL;WIN_DIARIO;ATIVO_FRACTAL;AGREGA_PARA;0.45;Razao temporal 144.0 - forca FRACA
WIN_10_MIN;ATIVO_FRACTAL;WIN_SEMANAL;ATIVO_FRACTAL;AGREGA_PARA;0.45;Razao temporal 1008.0 - forca FRACA
WIN_120_MIN;ATIVO_FRACTAL;WIN_10_MIN;ATIVO_FRACTAL;DETALHA_DE;0.7;Razao temporal 12.0 - forca MEDIA
WIN_120_MIN;ATIVO_FRACTAL;WIN_12_MIN;ATIVO_FRACTAL;DETALHA_DE;0.7;Razao temporal 10.0 - forca MEDIA
WIN_120_MIN;ATIVO_FRACTAL;WIN_15_MIN;ATIVO_FRACTAL;DETALHA_DE;0.7;Razao temporal 8.0 - forca MEDIA
WIN_120_MIN;ATIVO_FRACTAL;WIN_180_MIN;ATIVO_FRACTAL;AGREGA_PARA;0.9;Razao temporal 1.5 - forca FORTE
WIN_120_MIN;ATIVO_FRACTAL;WIN_1_MIN;ATIVO_FRACTAL;DETALHA_DE;0.45;Razao temporal 120.0 - forca FRACA
WIN_120_MIN;ATIVO_FRACTAL;WIN_20_MIN;ATIVO_FRACTAL;DETALHA_DE;0.7;Razao temporal 6.0 - forca MEDIA
WIN_120_MIN;ATIVO_FRACTAL;WIN_240_MIN;ATIVO_FRACTAL;AGREGA_PARA;0.9;Razao temporal 2.0 - forca FORTE
WIN_120_MIN;ATIVO_FRACTAL;WIN_2_MIN;ATIVO_FRACTAL;DETALHA_DE;0.45;Razao temporal 60.0 - forca FRACA
WIN_120_MIN;ATIVO_FRACTAL;WIN_30_MIN;ATIVO_FRACTAL;DETALHA_DE;0.7;Razao temporal 4.0 - forca MEDIA
WIN_120_MIN;ATIVO_FRACTAL;WIN_3_MIN;ATIVO_FRACTAL;DETALHA_DE;0.45;Razao temporal 40.0 - forca FRACA
WIN_120_MIN;ATIVO_FRACTAL;WIN_45_MIN;ATIVO_FRACTAL;DETALHA_DE;0.9;Razao temporal 2.67 - forca FORTE
WIN_120_MIN;ATIVO_FRACTAL;WIN_4_MIN;ATIVO_FRACTAL;DETALHA_DE;0.45;Razao temporal 30.0 - forca FRACA
WIN_120_MIN;ATIVO_FRACTAL;WIN_5_MIN;ATIVO_FRACTAL;DETALHA_DE;0.45;Razao temporal 24.0 - forca FRACA
WIN_120_MIN;ATIVO_FRACTAL;WIN_60_MIN;ATIVO_FRACTAL;DETALHA_DE;0.9;Razao temporal 2.0 - forca FORTE
WIN_120_MIN;ATIVO_FRACTAL;WIN_6_MIN;ATIVO_FRACTAL;DETALHA_DE;0.45;Razao temporal 20.0 - forca FRACA
WIN_120_MIN;ATIVO_FRACTAL;WIN_7_MIN;ATIVO_FRACTAL;DETALHA_DE;0.45;Razao temporal 17.14 - forca FRACA
WIN_120_MIN;ATIVO_FRACTAL;WIN_8_MIN;ATIVO_FRACTAL;DETALHA_DE;0.45;Razao temporal 15.0 - forca FRACA
WIN_120_MIN;ATIVO_FRACTAL;WIN_90_MIN;ATIVO_FRACTAL;DETALHA_DE;0.9;Razao temporal 1.33 - forca FORTE
WIN_120_MIN;ATIVO_FRACTAL;WIN_9_MIN;ATIVO_FRACTAL;DETALHA_DE;0.45;Razao temporal 13.33 - forca FRACA
WIN_120_MIN;ATIVO_FRACTAL;WIN_DIARIO;ATIVO_FRACTAL;AGREGA_PARA;0.7;Razao temporal 12.0 - forca MEDIA
WIN_120_MIN;ATIVO_FRACTAL;WIN_SEMANAL;ATIVO_FRACTAL;AGREGA_PARA;0.45;Razao temporal 84.0 - forca FRACA
WIN_12_MIN;ATIVO_FRACTAL;WIN_10_MIN;ATIVO_FRACTAL;DETALHA_DE;0.9;Razao temporal 1.2 - forca FORTE
WIN_12_MIN;ATIVO_FRACTAL;WIN_120_MIN;ATIVO_FRACTAL;AGREGA_PARA;0.7;Razao temporal 10.0 - forca MEDIA
WIN_12_MIN;ATIVO_FRACTAL;WIN_15_MIN;ATIVO_FRACTAL;AGREGA_PARA;0.9;Razao temporal 1.25 - forca FORTE
WIN_12_MIN;ATIVO_FRACTAL;WIN_180_MIN;ATIVO_FRACTAL;AGREGA_PARA;0.45;Razao temporal 15.0 - forca FRACA
WIN_12_MIN;ATIVO_FRACTAL;WIN_1_MIN;ATIVO_FRACTAL;DETALHA_DE;0.7;Razao temporal 12.0 - forca MEDIA
WIN_12_MIN;ATIVO_FRACTAL;WIN_20_MIN;ATIVO_FRACTAL;AGREGA_PARA;0.9;Razao temporal 1.67 - forca FORTE
WIN_12_MIN;ATIVO_FRACTAL;WIN_240_MIN;ATIVO_FRACTAL;AGREGA_PARA;0.45;Razao temporal 20.0 - forca FRACA
WIN_12_MIN;ATIVO_FRACTAL;WIN_2_MIN;ATIVO_FRACTAL;DETALHA_DE;0.7;Razao temporal 6.0 - forca MEDIA
WIN_12_MIN;ATIVO_FRACTAL;WIN_30_MIN;ATIVO_FRACTAL;AGREGA_PARA;0.9;Razao temporal 2.5 - forca FORTE
WIN_12_MIN;ATIVO_FRACTAL;WIN_3_MIN;ATIVO_FRACTAL;DETALHA_DE;0.7;Razao temporal 4.0 - forca MEDIA
WIN_12_MIN;ATIVO_FRACTAL;WIN_45_MIN;ATIVO_FRACTAL;AGREGA_PARA;0.7;Razao temporal 3.75 - forca MEDIA
WIN_12_MIN;ATIVO_FRACTAL;WIN_4_MIN;ATIVO_FRACTAL;DETALHA_DE;0.9;Razao temporal 3.0 - forca FORTE
WIN_12_MIN;ATIVO_FRACTAL;WIN_5_MIN;ATIVO_FRACTAL;DETALHA_DE;0.9;Razao temporal 2.4 - forca FORTE
WIN_12_MIN;ATIVO_FRACTAL;WIN_60_MIN;ATIVO_FRACTAL;AGREGA_PARA;0.7;Razao temporal 5.0 - forca MEDIA
WIN_12_MIN;ATIVO_FRACTAL;WIN_6_MIN;ATIVO_FRACTAL;DETALHA_DE;0.9;Razao temporal 2.0 - forca FORTE
WIN_12_MIN;ATIVO_FRACTAL;WIN_7_MIN;ATIVO_FRACTAL;DETALHA_DE;0.9;Razao temporal 1.71 - forca FORTE
WIN_12_MIN;ATIVO_FRACTAL;WIN_8_MIN;ATIVO_FRACTAL;DETALHA_DE;0.9;Razao temporal 1.5 - forca FORTE
WIN_12_MIN;ATIVO_FRACTAL;WIN_90_MIN;ATIVO_FRACTAL;AGREGA_PARA;0.7;Razao temporal 7.5 - forca MEDIA
WIN_12_MIN;ATIVO_FRACTAL;WIN_9_MIN;ATIVO_FRACTAL;DETALHA_DE;0.9;Razao temporal 1.33 - forca FORTE
WIN_12_MIN;ATIVO_FRACTAL;WIN_DIARIO;ATIVO_FRACTAL;AGREGA_PARA;0.45;Razao temporal 120.0 - forca FRACA
WIN_12_MIN;ATIVO_FRACTAL;WIN_SEMANAL;ATIVO_FRACTAL;AGREGA_PARA;0.45;Razao temporal 840.0 - forca FRACA
WIN_15_MIN;ATIVO_FRACTAL;WIN_10_MIN;ATIVO_FRACTAL;DETALHA_DE;0.9;Razao temporal 1.5 - forca FORTE
WIN_15_MIN;ATIVO_FRACTAL;WIN_120_MIN;ATIVO_FRACTAL;AGREGA_PARA;0.7;Razao temporal 8.0 - forca MEDIA
WIN_15_MIN;ATIVO_FRACTAL;WIN_12_MIN;ATIVO_FRACTAL;DETALHA_DE;0.9;Razao temporal 1.25 - forca FORTE
WIN_15_MIN;ATIVO_FRACTAL;WIN_180_MIN;ATIVO_FRACTAL;AGREGA_PARA;0.7;Razao temporal 12.0 - forca MEDIA
WIN_15_MIN;ATIVO_FRACTAL;WIN_1_MIN;ATIVO_FRACTAL;DETALHA_DE;0.45;Razao temporal 15.0 - forca FRACA
WIN_15_MIN;ATIVO_FRACTAL;WIN_20_MIN;ATIVO_FRACTAL;AGREGA_PARA;0.9;Razao temporal 1.33 - forca FORTE
WIN_15_MIN;ATIVO_FRACTAL;WIN_240_MIN;ATIVO_FRACTAL;AGREGA_PARA;0.45;Razao temporal 16.0 - forca FRACA
WIN_15_MIN;ATIVO_FRACTAL;WIN_2_MIN;ATIVO_FRACTAL;DETALHA_DE;0.7;Razao temporal 7.5 - forca MEDIA
WIN_15_MIN;ATIVO_FRACTAL;WIN_30_MIN;ATIVO_FRACTAL;AGREGA_PARA;0.9;Razao temporal 2.0 - forca FORTE
WIN_15_MIN;ATIVO_FRACTAL;WIN_3_MIN;ATIVO_FRACTAL;DETALHA_DE;0.7;Razao temporal 5.0 - forca MEDIA
WIN_15_MIN;ATIVO_FRACTAL;WIN_45_MIN;ATIVO_FRACTAL;AGREGA_PARA;0.9;Razao temporal 3.0 - forca FORTE
WIN_15_MIN;ATIVO_FRACTAL;WIN_4_MIN;ATIVO_FRACTAL;DETALHA_DE;0.7;Razao temporal 3.75 - forca MEDIA
WIN_15_MIN;ATIVO_FRACTAL;WIN_5_MIN;ATIVO_FRACTAL;DETALHA_DE;0.9;Razao temporal 3.0 - forca FORTE
WIN_15_MIN;ATIVO_FRACTAL;WIN_60_MIN;ATIVO_FRACTAL;AGREGA_PARA;0.7;Razao temporal 4.0 - forca MEDIA
WIN_15_MIN;ATIVO_FRACTAL;WIN_6_MIN;ATIVO_FRACTAL;DETALHA_DE;0.9;Razao temporal 2.5 - forca FORTE
WIN_15_MIN;ATIVO_FRACTAL;WIN_7_MIN;ATIVO_FRACTAL;DETALHA_DE;0.9;Razao temporal 2.14 - forca FORTE
WIN_15_MIN;ATIVO_FRACTAL;WIN_8_MIN;ATIVO_FRACTAL;DETALHA_DE;0.9;Razao temporal 1.88 - forca FORTE
WIN_15_MIN;ATIVO_FRACTAL;WIN_90_MIN;ATIVO_FRACTAL;AGREGA_PARA;0.7;Razao temporal 6.0 - forca MEDIA
WIN_15_MIN;ATIVO_FRACTAL;WIN_9_MIN;ATIVO_FRACTAL;DETALHA_DE;0.9;Razao temporal 1.67 - forca FORTE
WIN_15_MIN;ATIVO_FRACTAL;WIN_DIARIO;ATIVO_FRACTAL;AGREGA_PARA;0.45;Razao temporal 96.0 - forca FRACA
WIN_15_MIN;ATIVO_FRACTAL;WIN_SEMANAL;ATIVO_FRACTAL;AGREGA_PARA;0.45;Razao temporal 672.0 - forca FRACA
WIN_180_MIN;ATIVO_FRACTAL;WIN_10_MIN;ATIVO_FRACTAL;DETALHA_DE;0.45;Razao temporal 18.0 - forca FRACA
WIN_180_MIN;ATIVO_FRACTAL;WIN_120_MIN;ATIVO_FRACTAL;DETALHA_DE;0.9;Razao temporal 1.5 - forca FORTE
WIN_180_MIN;ATIVO_FRACTAL;WIN_12_MIN;ATIVO_FRACTAL;DETALHA_DE;0.45;Razao temporal 15.0 - forca FRACA
WIN_180_MIN;ATIVO_FRACTAL;WIN_15_MIN;ATIVO_FRACTAL;DETALHA_DE;0.7;Razao temporal 12.0 - forca MEDIA
WIN_180_MIN;ATIVO_FRACTAL;WIN_1_MIN;ATIVO_FRACTAL;DETALHA_DE;0.45;Razao temporal 180.0 - forca FRACA
WIN_180_MIN;ATIVO_FRACTAL;WIN_20_MIN;ATIVO_FRACTAL;DETALHA_DE;0.7;Razao temporal 9.0 - forca MEDIA
WIN_180_MIN;ATIVO_FRACTAL;WIN_240_MIN;ATIVO_FRACTAL;AGREGA_PARA;0.9;Razao temporal 1.33 - forca FORTE
WIN_180_MIN;ATIVO_FRACTAL;WIN_2_MIN;ATIVO_FRACTAL;DETALHA_DE;0.45;Razao temporal 90.0 - forca FRACA
WIN_180_MIN;ATIVO_FRACTAL;WIN_30_MIN;ATIVO_FRACTAL;DETALHA_DE;0.7;Razao temporal 6.0 - forca MEDIA
WIN_180_MIN;ATIVO_FRACTAL;WIN_3_MIN;ATIVO_FRACTAL;DETALHA_DE;0.45;Razao temporal 60.0 - forca FRACA
WIN_180_MIN;ATIVO_FRACTAL;WIN_45_MIN;ATIVO_FRACTAL;DETALHA_DE;0.7;Razao temporal 4.0 - forca MEDIA
WIN_180_MIN;ATIVO_FRACTAL;WIN_4_MIN;ATIVO_FRACTAL;DETALHA_DE;0.45;Razao temporal 45.0 - forca FRACA
WIN_180_MIN;ATIVO_FRACTAL;WIN_5_MIN;ATIVO_FRACTAL;DETALHA_DE;0.45;Razao temporal 36.0 - forca FRACA
WIN_180_MIN;ATIVO_FRACTAL;WIN_60_MIN;ATIVO_FRACTAL;DETALHA_DE;0.9;Razao temporal 3.0 - forca FORTE
WIN_180_MIN;ATIVO_FRACTAL;WIN_6_MIN;ATIVO_FRACTAL;DETALHA_DE;0.45;Razao temporal 30.0 - forca FRACA
WIN_180_MIN;ATIVO_FRACTAL;WIN_7_MIN;ATIVO_FRACTAL;DETALHA_DE;0.45;Razao temporal 25.71 - forca FRACA
WIN_180_MIN;ATIVO_FRACTAL;WIN_8_MIN;ATIVO_FRACTAL;DETALHA_DE;0.45;Razao temporal 22.5 - forca FRACA
WIN_180_MIN;ATIVO_FRACTAL;WIN_90_MIN;ATIVO_FRACTAL;DETALHA_DE;0.9;Razao temporal 2.0 - forca FORTE
WIN_180_MIN;ATIVO_FRACTAL;WIN_9_MIN;ATIVO_FRACTAL;DETALHA_DE;0.45;Razao temporal 20.0 - forca FRACA
WIN_180_MIN;ATIVO_FRACTAL;WIN_DIARIO;ATIVO_FRACTAL;AGREGA_PARA;0.7;Razao temporal 8.0 - forca MEDIA
WIN_180_MIN;ATIVO_FRACTAL;WIN_SEMANAL;ATIVO_FRACTAL;AGREGA_PARA;0.45;Razao temporal 56.0 - forca FRACA
WIN_1_MIN;ATIVO_FRACTAL;WIN_10_MIN;ATIVO_FRACTAL;AGREGA_PARA;0.7;Razao temporal 10.0 - forca MEDIA
WIN_1_MIN;ATIVO_FRACTAL;WIN_120_MIN;ATIVO_FRACTAL;AGREGA_PARA;0.45;Razao temporal 120.0 - forca FRACA
WIN_1_MIN;ATIVO_FRACTAL;WIN_12_MIN;ATIVO_FRACTAL;AGREGA_PARA;0.7;Razao temporal 12.0 - forca MEDIA
WIN_1_MIN;ATIVO_FRACTAL;WIN_15_MIN;ATIVO_FRACTAL;AGREGA_PARA;0.45;Razao temporal 15.0 - forca FRACA
WIN_1_MIN;ATIVO_FRACTAL;WIN_180_MIN;ATIVO_FRACTAL;AGREGA_PARA;0.45;Razao temporal 180.0 - forca FRACA
WIN_1_MIN;ATIVO_FRACTAL;WIN_20_MIN;ATIVO_FRACTAL;AGREGA_PARA;0.45;Razao temporal 20.0 - forca FRACA
WIN_1_MIN;ATIVO_FRACTAL;WIN_240_MIN;ATIVO_FRACTAL;AGREGA_PARA;0.45;Razao temporal 240.0 - forca FRACA
WIN_1_MIN;ATIVO_FRACTAL;WIN_2_MIN;ATIVO_FRACTAL;AGREGA_PARA;0.9;Razao temporal 2.0 - forca FORTE
WIN_1_MIN;ATIVO_FRACTAL;WIN_30_MIN;ATIVO_FRACTAL;AGREGA_PARA;0.45;Razao temporal 30.0 - forca FRACA
WIN_1_MIN;ATIVO_FRACTAL;WIN_3_MIN;ATIVO_FRACTAL;AGREGA_PARA;0.9;Razao temporal 3.0 - forca FORTE
WIN_1_MIN;ATIVO_FRACTAL;WIN_45_MIN;ATIVO_FRACTAL;AGREGA_PARA;0.45;Razao temporal 45.0 - forca FRACA
WIN_1_MIN;ATIVO_FRACTAL;WIN_4_MIN;ATIVO_FRACTAL;AGREGA_PARA;0.7;Razao temporal 4.0 - forca MEDIA
WIN_1_MIN;ATIVO_FRACTAL;WIN_5_MIN;ATIVO_FRACTAL;AGREGA_PARA;0.7;Razao temporal 5.0 - forca MEDIA
WIN_1_MIN;ATIVO_FRACTAL;WIN_60_MIN;ATIVO_FRACTAL;AGREGA_PARA;0.45;Razao temporal 60.0 - forca FRACA
WIN_1_MIN;ATIVO_FRACTAL;WIN_6_MIN;ATIVO_FRACTAL;AGREGA_PARA;0.7;Razao temporal 6.0 - forca MEDIA
WIN_1_MIN;ATIVO_FRACTAL;WIN_7_MIN;ATIVO_FRACTAL;AGREGA_PARA;0.7;Razao temporal 7.0 - forca MEDIA
WIN_1_MIN;ATIVO_FRACTAL;WIN_8_MIN;ATIVO_FRACTAL;AGREGA_PARA;0.7;Razao temporal 8.0 - forca MEDIA
WIN_1_MIN;ATIVO_FRACTAL;WIN_90_MIN;ATIVO_FRACTAL;AGREGA_PARA;0.45;Razao temporal 90.0 - forca FRACA
WIN_1_MIN;ATIVO_FRACTAL;WIN_9_MIN;ATIVO_FRACTAL;AGREGA_PARA;0.7;Razao temporal 9.0 - forca MEDIA
WIN_1_MIN;ATIVO_FRACTAL;WIN_DIARIO;ATIVO_FRACTAL;AGREGA_PARA;0.45;Razao temporal 1440.0 - forca FRACA
WIN_1_MIN;ATIVO_FRACTAL;WIN_SEMANAL;ATIVO_FRACTAL;AGREGA_PARA;0.45;Razao temporal 10080.0 - forca FRACA
WIN_20_MIN;ATIVO_FRACTAL;WIN_10_MIN;ATIVO_FRACTAL;DETALHA_DE;0.9;Razao temporal 2.0 - forca FORTE
WIN_20_MIN;ATIVO_FRACTAL;WIN_120_MIN;ATIVO_FRACTAL;AGREGA_PARA;0.7;Razao temporal 6.0 - forca MEDIA
WIN_20_MIN;ATIVO_FRACTAL;WIN_12_MIN;ATIVO_FRACTAL;DETALHA_DE;0.9;Razao temporal 1.67 - forca FORTE
WIN_20_MIN;ATIVO_FRACTAL;WIN_15_MIN;ATIVO_FRACTAL;DETALHA_DE;0.9;Razao temporal 1.33 - forca FORTE
WIN_20_MIN;ATIVO_FRACTAL;WIN_180_MIN;ATIVO_FRACTAL;AGREGA_PARA;0.7;Razao temporal 9.0 - forca MEDIA
WIN_20_MIN;ATIVO_FRACTAL;WIN_1_MIN;ATIVO_FRACTAL;DETALHA_DE;0.45;Razao temporal 20.0 - forca FRACA
WIN_20_MIN;ATIVO_FRACTAL;WIN_240_MIN;ATIVO_FRACTAL;AGREGA_PARA;0.7;Razao temporal 12.0 - forca MEDIA
WIN_20_MIN;ATIVO_FRACTAL;WIN_2_MIN;ATIVO_FRACTAL;DETALHA_DE;0.7;Razao temporal 10.0 - forca MEDIA
WIN_20_MIN;ATIVO_FRACTAL;WIN_30_MIN;ATIVO_FRACTAL;AGREGA_PARA;0.9;Razao temporal 1.5 - forca FORTE
WIN_20_MIN;ATIVO_FRACTAL;WIN_3_MIN;ATIVO_FRACTAL;DETALHA_DE;0.7;Razao temporal 6.67 - forca MEDIA
WIN_20_MIN;ATIVO_FRACTAL;WIN_45_MIN;ATIVO_FRACTAL;AGREGA_PARA;0.9;Razao temporal 2.25 - forca FORTE
WIN_20_MIN;ATIVO_FRACTAL;WIN_4_MIN;ATIVO_FRACTAL;DETALHA_DE;0.7;Razao temporal 5.0 - forca MEDIA
WIN_20_MIN;ATIVO_FRACTAL;WIN_5_MIN;ATIVO_FRACTAL;DETALHA_DE;0.7;Razao temporal 4.0 - forca MEDIA
WIN_20_MIN;ATIVO_FRACTAL;WIN_60_MIN;ATIVO_FRACTAL;AGREGA_PARA;0.9;Razao temporal 3.0 - forca FORTE
WIN_20_MIN;ATIVO_FRACTAL;WIN_6_MIN;ATIVO_FRACTAL;DETALHA_DE;0.7;Razao temporal 3.33 - forca MEDIA
WIN_20_MIN;ATIVO_FRACTAL;WIN_7_MIN;ATIVO_FRACTAL;DETALHA_DE;0.9;Razao temporal 2.86 - forca FORTE
WIN_20_MIN;ATIVO_FRACTAL;WIN_8_MIN;ATIVO_FRACTAL;DETALHA_DE;0.9;Razao temporal 2.5 - forca FORTE
WIN_20_MIN;ATIVO_FRACTAL;WIN_90_MIN;ATIVO_FRACTAL;AGREGA_PARA;0.7;Razao temporal 4.5 - forca MEDIA
WIN_20_MIN;ATIVO_FRACTAL;WIN_9_MIN;ATIVO_FRACTAL;DETALHA_DE;0.9;Razao temporal 2.22 - forca FORTE
WIN_20_MIN;ATIVO_FRACTAL;WIN_DIARIO;ATIVO_FRACTAL;AGREGA_PARA;0.45;Razao temporal 72.0 - forca FRACA
WIN_20_MIN;ATIVO_FRACTAL;WIN_SEMANAL;ATIVO_FRACTAL;AGREGA_PARA;0.45;Razao temporal 504.0 - forca FRACA
WIN_240_MIN;ATIVO_FRACTAL;WIN_10_MIN;ATIVO_FRACTAL;DETALHA_DE;0.45;Razao temporal 24.0 - forca FRACA
WIN_240_MIN;ATIVO_FRACTAL;WIN_120_MIN;ATIVO_FRACTAL;DETALHA_DE;0.9;Razao temporal 2.0 - forca FORTE
WIN_240_MIN;ATIVO_FRACTAL;WIN_12_MIN;ATIVO_FRACTAL;DETALHA_DE;0.45;Razao temporal 20.0 - forca FRACA
WIN_240_MIN;ATIVO_FRACTAL;WIN_15_MIN;ATIVO_FRACTAL;DETALHA_DE;0.45;Razao temporal 16.0 - forca FRACA
WIN_240_MIN;ATIVO_FRACTAL;WIN_180_MIN;ATIVO_FRACTAL;DETALHA_DE;0.9;Razao temporal 1.33 - forca FORTE
WIN_240_MIN;ATIVO_FRACTAL;WIN_1_MIN;ATIVO_FRACTAL;DETALHA_DE;0.45;Razao temporal 240.0 - forca FRACA
WIN_240_MIN;ATIVO_FRACTAL;WIN_20_MIN;ATIVO_FRACTAL;DETALHA_DE;0.7;Razao temporal 12.0 - forca MEDIA
WIN_240_MIN;ATIVO_FRACTAL;WIN_2_MIN;ATIVO_FRACTAL;DETALHA_DE;0.45;Razao temporal 120.0 - forca FRACA
WIN_240_MIN;ATIVO_FRACTAL;WIN_30_MIN;ATIVO_FRACTAL;DETALHA_DE;0.7;Razao temporal 8.0 - forca MEDIA
WIN_240_MIN;ATIVO_FRACTAL;WIN_3_MIN;ATIVO_FRACTAL;DETALHA_DE;0.45;Razao temporal 80.0 - forca FRACA
WIN_240_MIN;ATIVO_FRACTAL;WIN_45_MIN;ATIVO_FRACTAL;DETALHA_DE;0.7;Razao temporal 5.33 - forca MEDIA
WIN_240_MIN;ATIVO_FRACTAL;WIN_4_MIN;ATIVO_FRACTAL;DETALHA_DE;0.45;Razao temporal 60.0 - forca FRACA
WIN_240_MIN;ATIVO_FRACTAL;WIN_5_MIN;ATIVO_FRACTAL;DETALHA_DE;0.45;Razao temporal 48.0 - forca FRACA
WIN_240_MIN;ATIVO_FRACTAL;WIN_60_MIN;ATIVO_FRACTAL;DETALHA_DE;0.7;Razao temporal 4.0 - forca MEDIA
WIN_240_MIN;ATIVO_FRACTAL;WIN_6_MIN;ATIVO_FRACTAL;DETALHA_DE;0.45;Razao temporal 40.0 - forca FRACA
WIN_240_MIN;ATIVO_FRACTAL;WIN_7_MIN;ATIVO_FRACTAL;DETALHA_DE;0.45;Razao temporal 34.29 - forca FRACA
WIN_240_MIN;ATIVO_FRACTAL;WIN_8_MIN;ATIVO_FRACTAL;DETALHA_DE;0.45;Razao temporal 30.0 - forca FRACA
WIN_240_MIN;ATIVO_FRACTAL;WIN_90_MIN;ATIVO_FRACTAL;DETALHA_DE;0.9;Razao temporal 2.67 - forca FORTE
WIN_240_MIN;ATIVO_FRACTAL;WIN_9_MIN;ATIVO_FRACTAL;DETALHA_DE;0.45;Razao temporal 26.67 - forca FRACA
WIN_240_MIN;ATIVO_FRACTAL;WIN_DIARIO;ATIVO_FRACTAL;AGREGA_PARA;0.7;Razao temporal 6.0 - forca MEDIA
WIN_240_MIN;ATIVO_FRACTAL;WIN_SEMANAL;ATIVO_FRACTAL;AGREGA_PARA;0.45;Razao temporal 42.0 - forca FRACA
WIN_2_MIN;ATIVO_FRACTAL;WIN_10_MIN;ATIVO_FRACTAL;AGREGA_PARA;0.7;Razao temporal 5.0 - forca MEDIA
WIN_2_MIN;ATIVO_FRACTAL;WIN_120_MIN;ATIVO_FRACTAL;AGREGA_PARA;0.45;Razao temporal 60.0 - forca FRACA
WIN_2_MIN;ATIVO_FRACTAL;WIN_12_MIN;ATIVO_FRACTAL;AGREGA_PARA;0.7;Razao temporal 6.0 - forca MEDIA
WIN_2_MIN;ATIVO_FRACTAL;WIN_15_MIN;ATIVO_FRACTAL;AGREGA_PARA;0.7;Razao temporal 7.5 - forca MEDIA
WIN_2_MIN;ATIVO_FRACTAL;WIN_180_MIN;ATIVO_FRACTAL;AGREGA_PARA;0.45;Razao temporal 90.0 - forca FRACA
WIN_2_MIN;ATIVO_FRACTAL;WIN_1_MIN;ATIVO_FRACTAL;DETALHA_DE;0.9;Razao temporal 2.0 - forca FORTE
WIN_2_MIN;ATIVO_FRACTAL;WIN_20_MIN;ATIVO_FRACTAL;AGREGA_PARA;0.7;Razao temporal 10.0 - forca MEDIA
WIN_2_MIN;ATIVO_FRACTAL;WIN_240_MIN;ATIVO_FRACTAL;AGREGA_PARA;0.45;Razao temporal 120.0 - forca FRACA
WIN_2_MIN;ATIVO_FRACTAL;WIN_30_MIN;ATIVO_FRACTAL;AGREGA_PARA;0.45;Razao temporal 15.0 - forca FRACA
WIN_2_MIN;ATIVO_FRACTAL;WIN_3_MIN;ATIVO_FRACTAL;AGREGA_PARA;0.9;Razao temporal 1.5 - forca FORTE
WIN_2_MIN;ATIVO_FRACTAL;WIN_45_MIN;ATIVO_FRACTAL;AGREGA_PARA;0.45;Razao temporal 22.5 - forca FRACA
WIN_2_MIN;ATIVO_FRACTAL;WIN_4_MIN;ATIVO_FRACTAL;AGREGA_PARA;0.9;Razao temporal 2.0 - forca FORTE
WIN_2_MIN;ATIVO_FRACTAL;WIN_5_MIN;ATIVO_FRACTAL;AGREGA_PARA;0.9;Razao temporal 2.5 - forca FORTE
WIN_2_MIN;ATIVO_FRACTAL;WIN_60_MIN;ATIVO_FRACTAL;AGREGA_PARA;0.45;Razao temporal 30.0 - forca FRACA
WIN_2_MIN;ATIVO_FRACTAL;WIN_6_MIN;ATIVO_FRACTAL;AGREGA_PARA;0.9;Razao temporal 3.0 - forca FORTE
WIN_2_MIN;ATIVO_FRACTAL;WIN_7_MIN;ATIVO_FRACTAL;AGREGA_PARA;0.7;Razao temporal 3.5 - forca MEDIA
WIN_2_MIN;ATIVO_FRACTAL;WIN_8_MIN;ATIVO_FRACTAL;AGREGA_PARA;0.7;Razao temporal 4.0 - forca MEDIA
WIN_2_MIN;ATIVO_FRACTAL;WIN_90_MIN;ATIVO_FRACTAL;AGREGA_PARA;0.45;Razao temporal 45.0 - forca FRACA
WIN_2_MIN;ATIVO_FRACTAL;WIN_9_MIN;ATIVO_FRACTAL;AGREGA_PARA;0.7;Razao temporal 4.5 - forca MEDIA
WIN_2_MIN;ATIVO_FRACTAL;WIN_DIARIO;ATIVO_FRACTAL;AGREGA_PARA;0.45;Razao temporal 720.0 - forca FRACA
WIN_2_MIN;ATIVO_FRACTAL;WIN_SEMANAL;ATIVO_FRACTAL;AGREGA_PARA;0.45;Razao temporal 5040.0 - forca FRACA
WIN_30_MIN;ATIVO_FRACTAL;WIN_10_MIN;ATIVO_FRACTAL;DETALHA_DE;0.9;Razao temporal 3.0 - forca FORTE
WIN_30_MIN;ATIVO_FRACTAL;WIN_120_MIN;ATIVO_FRACTAL;AGREGA_PARA;0.7;Razao temporal 4.0 - forca MEDIA
WIN_30_MIN;ATIVO_FRACTAL;WIN_12_MIN;ATIVO_FRACTAL;DETALHA_DE;0.9;Razao temporal 2.5 - forca FORTE
WIN_30_MIN;ATIVO_FRACTAL;WIN_15_MIN;ATIVO_FRACTAL;DETALHA_DE;0.9;Razao temporal 2.0 - forca FORTE
WIN_30_MIN;ATIVO_FRACTAL;WIN_180_MIN;ATIVO_FRACTAL;AGREGA_PARA;0.7;Razao temporal 6.0 - forca MEDIA
WIN_30_MIN;ATIVO_FRACTAL;WIN_1_MIN;ATIVO_FRACTAL;DETALHA_DE;0.45;Razao temporal 30.0 - forca FRACA
WIN_30_MIN;ATIVO_FRACTAL;WIN_20_MIN;ATIVO_FRACTAL;DETALHA_DE;0.9;Razao temporal 1.5 - forca FORTE
WIN_30_MIN;ATIVO_FRACTAL;WIN_240_MIN;ATIVO_FRACTAL;AGREGA_PARA;0.7;Razao temporal 8.0 - forca MEDIA
WIN_30_MIN;ATIVO_FRACTAL;WIN_2_MIN;ATIVO_FRACTAL;DETALHA_DE;0.45;Razao temporal 15.0 - forca FRACA
WIN_30_MIN;ATIVO_FRACTAL;WIN_3_MIN;ATIVO_FRACTAL;DETALHA_DE;0.7;Razao temporal 10.0 - forca MEDIA
WIN_30_MIN;ATIVO_FRACTAL;WIN_45_MIN;ATIVO_FRACTAL;AGREGA_PARA;0.9;Razao temporal 1.5 - forca FORTE
WIN_30_MIN;ATIVO_FRACTAL;WIN_4_MIN;ATIVO_FRACTAL;DETALHA_DE;0.7;Razao temporal 7.5 - forca MEDIA
WIN_30_MIN;ATIVO_FRACTAL;WIN_5_MIN;ATIVO_FRACTAL;DETALHA_DE;0.7;Razao temporal 6.0 - forca MEDIA
WIN_30_MIN;ATIVO_FRACTAL;WIN_60_MIN;ATIVO_FRACTAL;AGREGA_PARA;0.9;Razao temporal 2.0 - forca FORTE
WIN_30_MIN;ATIVO_FRACTAL;WIN_6_MIN;ATIVO_FRACTAL;DETALHA_DE;0.7;Razao temporal 5.0 - forca MEDIA
WIN_30_MIN;ATIVO_FRACTAL;WIN_7_MIN;ATIVO_FRACTAL;DETALHA_DE;0.7;Razao temporal 4.29 - forca MEDIA
WIN_30_MIN;ATIVO_FRACTAL;WIN_8_MIN;ATIVO_FRACTAL;DETALHA_DE;0.7;Razao temporal 3.75 - forca MEDIA
WIN_30_MIN;ATIVO_FRACTAL;WIN_90_MIN;ATIVO_FRACTAL;AGREGA_PARA;0.9;Razao temporal 3.0 - forca FORTE
WIN_30_MIN;ATIVO_FRACTAL;WIN_9_MIN;ATIVO_FRACTAL;DETALHA_DE;0.7;Razao temporal 3.33 - forca MEDIA
WIN_30_MIN;ATIVO_FRACTAL;WIN_DIARIO;ATIVO_FRACTAL;AGREGA_PARA;0.45;Razao temporal 48.0 - forca FRACA
WIN_30_MIN;ATIVO_FRACTAL;WIN_SEMANAL;ATIVO_FRACTAL;AGREGA_PARA;0.45;Razao temporal 336.0 - forca FRACA
WIN_3_MIN;ATIVO_FRACTAL;WIN_10_MIN;ATIVO_FRACTAL;AGREGA_PARA;0.7;Razao temporal 3.33 - forca MEDIA
WIN_3_MIN;ATIVO_FRACTAL;WIN_120_MIN;ATIVO_FRACTAL;AGREGA_PARA;0.45;Razao temporal 40.0 - forca FRACA
WIN_3_MIN;ATIVO_FRACTAL;WIN_12_MIN;ATIVO_FRACTAL;AGREGA_PARA;0.7;Razao temporal 4.0 - forca MEDIA
WIN_3_MIN;ATIVO_FRACTAL;WIN_15_MIN;ATIVO_FRACTAL;AGREGA_PARA;0.7;Razao temporal 5.0 - forca MEDIA
WIN_3_MIN;ATIVO_FRACTAL;WIN_180_MIN;ATIVO_FRACTAL;AGREGA_PARA;0.45;Razao temporal 60.0 - forca FRACA
WIN_3_MIN;ATIVO_FRACTAL;WIN_1_MIN;ATIVO_FRACTAL;DETALHA_DE;0.9;Razao temporal 3.0 - forca FORTE
WIN_3_MIN;ATIVO_FRACTAL;WIN_20_MIN;ATIVO_FRACTAL;AGREGA_PARA;0.7;Razao temporal 6.67 - forca MEDIA
WIN_3_MIN;ATIVO_FRACTAL;WIN_240_MIN;ATIVO_FRACTAL;AGREGA_PARA;0.45;Razao temporal 80.0 - forca FRACA
WIN_3_MIN;ATIVO_FRACTAL;WIN_2_MIN;ATIVO_FRACTAL;DETALHA_DE;0.9;Razao temporal 1.5 - forca FORTE
WIN_3_MIN;ATIVO_FRACTAL;WIN_30_MIN;ATIVO_FRACTAL;AGREGA_PARA;0.7;Razao temporal 10.0 - forca MEDIA
WIN_3_MIN;ATIVO_FRACTAL;WIN_45_MIN;ATIVO_FRACTAL;AGREGA_PARA;0.45;Razao temporal 15.0 - forca FRACA
WIN_3_MIN;ATIVO_FRACTAL;WIN_4_MIN;ATIVO_FRACTAL;AGREGA_PARA;0.9;Razao temporal 1.33 - forca FORTE
WIN_3_MIN;ATIVO_FRACTAL;WIN_5_MIN;ATIVO_FRACTAL;AGREGA_PARA;0.9;Razao temporal 1.67 - forca FORTE
WIN_3_MIN;ATIVO_FRACTAL;WIN_60_MIN;ATIVO_FRACTAL;AGREGA_PARA;0.45;Razao temporal 20.0 - forca FRACA
WIN_3_MIN;ATIVO_FRACTAL;WIN_6_MIN;ATIVO_FRACTAL;AGREGA_PARA;0.9;Razao temporal 2.0 - forca FORTE
WIN_3_MIN;ATIVO_FRACTAL;WIN_7_MIN;ATIVO_FRACTAL;AGREGA_PARA;0.9;Razao temporal 2.33 - forca FORTE
WIN_3_MIN;ATIVO_FRACTAL;WIN_8_MIN;ATIVO_FRACTAL;AGREGA_PARA;0.9;Razao temporal 2.67 - forca FORTE
WIN_3_MIN;ATIVO_FRACTAL;WIN_90_MIN;ATIVO_FRACTAL;AGREGA_PARA;0.45;Razao temporal 30.0 - forca FRACA
WIN_3_MIN;ATIVO_FRACTAL;WIN_9_MIN;ATIVO_FRACTAL;AGREGA_PARA;0.9;Razao temporal 3.0 - forca FORTE
WIN_3_MIN;ATIVO_FRACTAL;WIN_DIARIO;ATIVO_FRACTAL;AGREGA_PARA;0.45;Razao temporal 480.0 - forca FRACA
WIN_3_MIN;ATIVO_FRACTAL;WIN_SEMANAL;ATIVO_FRACTAL;AGREGA_PARA;0.45;Razao temporal 3360.0 - forca FRACA
WIN_45_MIN;ATIVO_FRACTAL;WIN_10_MIN;ATIVO_FRACTAL;DETALHA_DE;0.7;Razao temporal 4.5 - forca MEDIA
WIN_45_MIN;ATIVO_FRACTAL;WIN_120_MIN;ATIVO_FRACTAL;AGREGA_PARA;0.9;Razao temporal 2.67 - forca FORTE
WIN_45_MIN;ATIVO_FRACTAL;WIN_12_MIN;ATIVO_FRACTAL;DETALHA_DE;0.7;Razao temporal 3.75 - forca MEDIA
WIN_45_MIN;ATIVO_FRACTAL;WIN_15_MIN;ATIVO_FRACTAL;DETALHA_DE;0.9;Razao temporal 3.0 - forca FORTE
WIN_45_MIN;ATIVO_FRACTAL;WIN_180_MIN;ATIVO_FRACTAL;AGREGA_PARA;0.7;Razao temporal 4.0 - forca MEDIA
WIN_45_MIN;ATIVO_FRACTAL;WIN_1_MIN;ATIVO_FRACTAL;DETALHA_DE;0.45;Razao temporal 45.0 - forca FRACA
WIN_45_MIN;ATIVO_FRACTAL;WIN_20_MIN;ATIVO_FRACTAL;DETALHA_DE;0.9;Razao temporal 2.25 - forca FORTE
WIN_45_MIN;ATIVO_FRACTAL;WIN_240_MIN;ATIVO_FRACTAL;AGREGA_PARA;0.7;Razao temporal 5.33 - forca MEDIA
WIN_45_MIN;ATIVO_FRACTAL;WIN_2_MIN;ATIVO_FRACTAL;DETALHA_DE;0.45;Razao temporal 22.5 - forca FRACA
WIN_45_MIN;ATIVO_FRACTAL;WIN_30_MIN;ATIVO_FRACTAL;DETALHA_DE;0.9;Razao temporal 1.5 - forca FORTE
WIN_45_MIN;ATIVO_FRACTAL;WIN_3_MIN;ATIVO_FRACTAL;DETALHA_DE;0.45;Razao temporal 15.0 - forca FRACA
WIN_45_MIN;ATIVO_FRACTAL;WIN_4_MIN;ATIVO_FRACTAL;DETALHA_DE;0.7;Razao temporal 11.25 - forca MEDIA
WIN_45_MIN;ATIVO_FRACTAL;WIN_5_MIN;ATIVO_FRACTAL;DETALHA_DE;0.7;Razao temporal 9.0 - forca MEDIA
WIN_45_MIN;ATIVO_FRACTAL;WIN_60_MIN;ATIVO_FRACTAL;AGREGA_PARA;0.9;Razao temporal 1.33 - forca FORTE
WIN_45_MIN;ATIVO_FRACTAL;WIN_6_MIN;ATIVO_FRACTAL;DETALHA_DE;0.7;Razao temporal 7.5 - forca MEDIA
WIN_45_MIN;ATIVO_FRACTAL;WIN_7_MIN;ATIVO_FRACTAL;DETALHA_DE;0.7;Razao temporal 6.43 - forca MEDIA
WIN_45_MIN;ATIVO_FRACTAL;WIN_8_MIN;ATIVO_FRACTAL;DETALHA_DE;0.7;Razao temporal 5.62 - forca MEDIA
WIN_45_MIN;ATIVO_FRACTAL;WIN_90_MIN;ATIVO_FRACTAL;AGREGA_PARA;0.9;Razao temporal 2.0 - forca FORTE
WIN_45_MIN;ATIVO_FRACTAL;WIN_9_MIN;ATIVO_FRACTAL;DETALHA_DE;0.7;Razao temporal 5.0 - forca MEDIA
WIN_45_MIN;ATIVO_FRACTAL;WIN_DIARIO;ATIVO_FRACTAL;AGREGA_PARA;0.45;Razao temporal 32.0 - forca FRACA
WIN_45_MIN;ATIVO_FRACTAL;WIN_SEMANAL;ATIVO_FRACTAL;AGREGA_PARA;0.45;Razao temporal 224.0 - forca FRACA
WIN_4_MIN;ATIVO_FRACTAL;WIN_10_MIN;ATIVO_FRACTAL;AGREGA_PARA;0.9;Razao temporal 2.5 - forca FORTE
WIN_4_MIN;ATIVO_FRACTAL;WIN_120_MIN;ATIVO_FRACTAL;AGREGA_PARA;0.45;Razao temporal 30.0 - forca FRACA
WIN_4_MIN;ATIVO_FRACTAL;WIN_12_MIN;ATIVO_FRACTAL;AGREGA_PARA;0.9;Razao temporal 3.0 - forca FORTE
WIN_4_MIN;ATIVO_FRACTAL;WIN_15_MIN;ATIVO_FRACTAL;AGREGA_PARA;0.7;Razao temporal 3.75 - forca MEDIA
WIN_4_MIN;ATIVO_FRACTAL;WIN_180_MIN;ATIVO_FRACTAL;AGREGA_PARA;0.45;Razao temporal 45.0 - forca FRACA
WIN_4_MIN;ATIVO_FRACTAL;WIN_1_MIN;ATIVO_FRACTAL;DETALHA_DE;0.7;Razao temporal 4.0 - forca MEDIA
WIN_4_MIN;ATIVO_FRACTAL;WIN_20_MIN;ATIVO_FRACTAL;AGREGA_PARA;0.7;Razao temporal 5.0 - forca MEDIA
WIN_4_MIN;ATIVO_FRACTAL;WIN_240_MIN;ATIVO_FRACTAL;AGREGA_PARA;0.45;Razao temporal 60.0 - forca FRACA
WIN_4_MIN;ATIVO_FRACTAL;WIN_2_MIN;ATIVO_FRACTAL;DETALHA_DE;0.9;Razao temporal 2.0 - forca FORTE
WIN_4_MIN;ATIVO_FRACTAL;WIN_30_MIN;ATIVO_FRACTAL;AGREGA_PARA;0.7;Razao temporal 7.5 - forca MEDIA
WIN_4_MIN;ATIVO_FRACTAL;WIN_3_MIN;ATIVO_FRACTAL;DETALHA_DE;0.9;Razao temporal 1.33 - forca FORTE
WIN_4_MIN;ATIVO_FRACTAL;WIN_45_MIN;ATIVO_FRACTAL;AGREGA_PARA;0.7;Razao temporal 11.25 - forca MEDIA
WIN_4_MIN;ATIVO_FRACTAL;WIN_5_MIN;ATIVO_FRACTAL;AGREGA_PARA;0.9;Razao temporal 1.25 - forca FORTE
WIN_4_MIN;ATIVO_FRACTAL;WIN_60_MIN;ATIVO_FRACTAL;AGREGA_PARA;0.45;Razao temporal 15.0 - forca FRACA
WIN_4_MIN;ATIVO_FRACTAL;WIN_6_MIN;ATIVO_FRACTAL;AGREGA_PARA;0.9;Razao temporal 1.5 - forca FORTE
WIN_4_MIN;ATIVO_FRACTAL;WIN_7_MIN;ATIVO_FRACTAL;AGREGA_PARA;0.9;Razao temporal 1.75 - forca FORTE
WIN_4_MIN;ATIVO_FRACTAL;WIN_8_MIN;ATIVO_FRACTAL;AGREGA_PARA;0.9;Razao temporal 2.0 - forca FORTE
WIN_4_MIN;ATIVO_FRACTAL;WIN_90_MIN;ATIVO_FRACTAL;AGREGA_PARA;0.45;Razao temporal 22.5 - forca FRACA
WIN_4_MIN;ATIVO_FRACTAL;WIN_9_MIN;ATIVO_FRACTAL;AGREGA_PARA;0.9;Razao temporal 2.25 - forca FORTE
WIN_4_MIN;ATIVO_FRACTAL;WIN_DIARIO;ATIVO_FRACTAL;AGREGA_PARA;0.45;Razao temporal 360.0 - forca FRACA
WIN_4_MIN;ATIVO_FRACTAL;WIN_SEMANAL;ATIVO_FRACTAL;AGREGA_PARA;0.45;Razao temporal 2520.0 - forca FRACA
WIN_5_MIN;ATIVO_FRACTAL;WIN_10_MIN;ATIVO_FRACTAL;AGREGA_PARA;0.9;Razao temporal 2.0 - forca FORTE
WIN_5_MIN;ATIVO_FRACTAL;WIN_120_MIN;ATIVO_FRACTAL;AGREGA_PARA;0.45;Razao temporal 24.0 - forca FRACA
WIN_5_MIN;ATIVO_FRACTAL;WIN_12_MIN;ATIVO_FRACTAL;AGREGA_PARA;0.9;Razao temporal 2.4 - forca FORTE
WIN_5_MIN;ATIVO_FRACTAL;WIN_15_MIN;ATIVO_FRACTAL;AGREGA_PARA;0.9;Razao temporal 3.0 - forca FORTE
WIN_5_MIN;ATIVO_FRACTAL;WIN_180_MIN;ATIVO_FRACTAL;AGREGA_PARA;0.45;Razao temporal 36.0 - forca FRACA
WIN_5_MIN;ATIVO_FRACTAL;WIN_1_MIN;ATIVO_FRACTAL;DETALHA_DE;0.7;Razao temporal 5.0 - forca MEDIA
WIN_5_MIN;ATIVO_FRACTAL;WIN_20_MIN;ATIVO_FRACTAL;AGREGA_PARA;0.7;Razao temporal 4.0 - forca MEDIA
WIN_5_MIN;ATIVO_FRACTAL;WIN_240_MIN;ATIVO_FRACTAL;AGREGA_PARA;0.45;Razao temporal 48.0 - forca FRACA
WIN_5_MIN;ATIVO_FRACTAL;WIN_2_MIN;ATIVO_FRACTAL;DETALHA_DE;0.9;Razao temporal 2.5 - forca FORTE
WIN_5_MIN;ATIVO_FRACTAL;WIN_30_MIN;ATIVO_FRACTAL;AGREGA_PARA;0.7;Razao temporal 6.0 - forca MEDIA
WIN_5_MIN;ATIVO_FRACTAL;WIN_3_MIN;ATIVO_FRACTAL;DETALHA_DE;0.9;Razao temporal 1.67 - forca FORTE
WIN_5_MIN;ATIVO_FRACTAL;WIN_45_MIN;ATIVO_FRACTAL;AGREGA_PARA;0.7;Razao temporal 9.0 - forca MEDIA
WIN_5_MIN;ATIVO_FRACTAL;WIN_4_MIN;ATIVO_FRACTAL;DETALHA_DE;0.9;Razao temporal 1.25 - forca FORTE
WIN_5_MIN;ATIVO_FRACTAL;WIN_60_MIN;ATIVO_FRACTAL;AGREGA_PARA;0.7;Razao temporal 12.0 - forca MEDIA
WIN_5_MIN;ATIVO_FRACTAL;WIN_6_MIN;ATIVO_FRACTAL;AGREGA_PARA;0.9;Razao temporal 1.2 - forca FORTE
WIN_5_MIN;ATIVO_FRACTAL;WIN_7_MIN;ATIVO_FRACTAL;AGREGA_PARA;0.9;Razao temporal 1.4 - forca FORTE
WIN_5_MIN;ATIVO_FRACTAL;WIN_8_MIN;ATIVO_FRACTAL;AGREGA_PARA;0.9;Razao temporal 1.6 - forca FORTE
WIN_5_MIN;ATIVO_FRACTAL;WIN_90_MIN;ATIVO_FRACTAL;AGREGA_PARA;0.45;Razao temporal 18.0 - forca FRACA
WIN_5_MIN;ATIVO_FRACTAL;WIN_9_MIN;ATIVO_FRACTAL;AGREGA_PARA;0.9;Razao temporal 1.8 - forca FORTE
WIN_5_MIN;ATIVO_FRACTAL;WIN_DIARIO;ATIVO_FRACTAL;AGREGA_PARA;0.45;Razao temporal 288.0 - forca FRACA
WIN_5_MIN;ATIVO_FRACTAL;WIN_SEMANAL;ATIVO_FRACTAL;AGREGA_PARA;0.45;Razao temporal 2016.0 - forca FRACA
WIN_60_MIN;ATIVO_FRACTAL;WIN_10_MIN;ATIVO_FRACTAL;DETALHA_DE;0.7;Razao temporal 6.0 - forca MEDIA
WIN_60_MIN;ATIVO_FRACTAL;WIN_120_MIN;ATIVO_FRACTAL;AGREGA_PARA;0.9;Razao temporal 2.0 - forca FORTE
WIN_60_MIN;ATIVO_FRACTAL;WIN_12_MIN;ATIVO_FRACTAL;DETALHA_DE;0.7;Razao temporal 5.0 - forca MEDIA
WIN_60_MIN;ATIVO_FRACTAL;WIN_15_MIN;ATIVO_FRACTAL;DETALHA_DE;0.7;Razao temporal 4.0 - forca MEDIA
WIN_60_MIN;ATIVO_FRACTAL;WIN_180_MIN;ATIVO_FRACTAL;AGREGA_PARA;0.9;Razao temporal 3.0 - forca FORTE
WIN_60_MIN;ATIVO_FRACTAL;WIN_1_MIN;ATIVO_FRACTAL;DETALHA_DE;0.45;Razao temporal 60.0 - forca FRACA
WIN_60_MIN;ATIVO_FRACTAL;WIN_20_MIN;ATIVO_FRACTAL;DETALHA_DE;0.9;Razao temporal 3.0 - forca FORTE
WIN_60_MIN;ATIVO_FRACTAL;WIN_240_MIN;ATIVO_FRACTAL;AGREGA_PARA;0.7;Razao temporal 4.0 - forca MEDIA
WIN_60_MIN;ATIVO_FRACTAL;WIN_2_MIN;ATIVO_FRACTAL;DETALHA_DE;0.45;Razao temporal 30.0 - forca FRACA
WIN_60_MIN;ATIVO_FRACTAL;WIN_30_MIN;ATIVO_FRACTAL;DETALHA_DE;0.9;Razao temporal 2.0 - forca FORTE
WIN_60_MIN;ATIVO_FRACTAL;WIN_3_MIN;ATIVO_FRACTAL;DETALHA_DE;0.45;Razao temporal 20.0 - forca FRACA
WIN_60_MIN;ATIVO_FRACTAL;WIN_45_MIN;ATIVO_FRACTAL;DETALHA_DE;0.9;Razao temporal 1.33 - forca FORTE
WIN_60_MIN;ATIVO_FRACTAL;WIN_4_MIN;ATIVO_FRACTAL;DETALHA_DE;0.45;Razao temporal 15.0 - forca FRACA
WIN_60_MIN;ATIVO_FRACTAL;WIN_5_MIN;ATIVO_FRACTAL;DETALHA_DE;0.7;Razao temporal 12.0 - forca MEDIA
WIN_60_MIN;ATIVO_FRACTAL;WIN_6_MIN;ATIVO_FRACTAL;DETALHA_DE;0.7;Razao temporal 10.0 - forca MEDIA
WIN_60_MIN;ATIVO_FRACTAL;WIN_7_MIN;ATIVO_FRACTAL;DETALHA_DE;0.7;Razao temporal 8.57 - forca MEDIA
WIN_60_MIN;ATIVO_FRACTAL;WIN_8_MIN;ATIVO_FRACTAL;DETALHA_DE;0.7;Razao temporal 7.5 - forca MEDIA
WIN_60_MIN;ATIVO_FRACTAL;WIN_90_MIN;ATIVO_FRACTAL;AGREGA_PARA;0.9;Razao temporal 1.5 - forca FORTE
WIN_60_MIN;ATIVO_FRACTAL;WIN_9_MIN;ATIVO_FRACTAL;DETALHA_DE;0.7;Razao temporal 6.67 - forca MEDIA
WIN_60_MIN;ATIVO_FRACTAL;WIN_DIARIO;ATIVO_FRACTAL;AGREGA_PARA;0.45;Razao temporal 24.0 - forca FRACA
WIN_60_MIN;ATIVO_FRACTAL;WIN_SEMANAL;ATIVO_FRACTAL;AGREGA_PARA;0.45;Razao temporal 168.0 - forca FRACA
WIN_6_MIN;ATIVO_FRACTAL;WIN_10_MIN;ATIVO_FRACTAL;AGREGA_PARA;0.9;Razao temporal 1.67 - forca FORTE
WIN_6_MIN;ATIVO_FRACTAL;WIN_120_MIN;ATIVO_FRACTAL;AGREGA_PARA;0.45;Razao temporal 20.0 - forca FRACA
WIN_6_MIN;ATIVO_FRACTAL;WIN_12_MIN;ATIVO_FRACTAL;AGREGA_PARA;0.9;Razao temporal 2.0 - forca FORTE
WIN_6_MIN;ATIVO_FRACTAL;WIN_15_MIN;ATIVO_FRACTAL;AGREGA_PARA;0.9;Razao temporal 2.5 - forca FORTE
WIN_6_MIN;ATIVO_FRACTAL;WIN_180_MIN;ATIVO_FRACTAL;AGREGA_PARA;0.45;Razao temporal 30.0 - forca FRACA
WIN_6_MIN;ATIVO_FRACTAL;WIN_1_MIN;ATIVO_FRACTAL;DETALHA_DE;0.7;Razao temporal 6.0 - forca MEDIA
WIN_6_MIN;ATIVO_FRACTAL;WIN_20_MIN;ATIVO_FRACTAL;AGREGA_PARA;0.7;Razao temporal 3.33 - forca MEDIA
WIN_6_MIN;ATIVO_FRACTAL;WIN_240_MIN;ATIVO_FRACTAL;AGREGA_PARA;0.45;Razao temporal 40.0 - forca FRACA
WIN_6_MIN;ATIVO_FRACTAL;WIN_2_MIN;ATIVO_FRACTAL;DETALHA_DE;0.9;Razao temporal 3.0 - forca FORTE
WIN_6_MIN;ATIVO_FRACTAL;WIN_30_MIN;ATIVO_FRACTAL;AGREGA_PARA;0.7;Razao temporal 5.0 - forca MEDIA
WIN_6_MIN;ATIVO_FRACTAL;WIN_3_MIN;ATIVO_FRACTAL;DETALHA_DE;0.9;Razao temporal 2.0 - forca FORTE
WIN_6_MIN;ATIVO_FRACTAL;WIN_45_MIN;ATIVO_FRACTAL;AGREGA_PARA;0.7;Razao temporal 7.5 - forca MEDIA
WIN_6_MIN;ATIVO_FRACTAL;WIN_4_MIN;ATIVO_FRACTAL;DETALHA_DE;0.9;Razao temporal 1.5 - forca FORTE
WIN_6_MIN;ATIVO_FRACTAL;WIN_5_MIN;ATIVO_FRACTAL;DETALHA_DE;0.9;Razao temporal 1.2 - forca FORTE
WIN_6_MIN;ATIVO_FRACTAL;WIN_60_MIN;ATIVO_FRACTAL;AGREGA_PARA;0.7;Razao temporal 10.0 - forca MEDIA
WIN_6_MIN;ATIVO_FRACTAL;WIN_7_MIN;ATIVO_FRACTAL;AGREGA_PARA;0.9;Razao temporal 1.17 - forca FORTE
WIN_6_MIN;ATIVO_FRACTAL;WIN_8_MIN;ATIVO_FRACTAL;AGREGA_PARA;0.9;Razao temporal 1.33 - forca FORTE
WIN_6_MIN;ATIVO_FRACTAL;WIN_90_MIN;ATIVO_FRACTAL;AGREGA_PARA;0.45;Razao temporal 15.0 - forca FRACA
WIN_6_MIN;ATIVO_FRACTAL;WIN_9_MIN;ATIVO_FRACTAL;AGREGA_PARA;0.9;Razao temporal 1.5 - forca FORTE
WIN_6_MIN;ATIVO_FRACTAL;WIN_DIARIO;ATIVO_FRACTAL;AGREGA_PARA;0.45;Razao temporal 240.0 - forca FRACA
WIN_6_MIN;ATIVO_FRACTAL;WIN_SEMANAL;ATIVO_FRACTAL;AGREGA_PARA;0.45;Razao temporal 1680.0 - forca FRACA
WIN_7_MIN;ATIVO_FRACTAL;WIN_10_MIN;ATIVO_FRACTAL;AGREGA_PARA;0.9;Razao temporal 1.43 - forca FORTE
WIN_7_MIN;ATIVO_FRACTAL;WIN_120_MIN;ATIVO_FRACTAL;AGREGA_PARA;0.45;Razao temporal 17.14 - forca FRACA
WIN_7_MIN;ATIVO_FRACTAL;WIN_12_MIN;ATIVO_FRACTAL;AGREGA_PARA;0.9;Razao temporal 1.71 - forca FORTE
WIN_7_MIN;ATIVO_FRACTAL;WIN_15_MIN;ATIVO_FRACTAL;AGREGA_PARA;0.9;Razao temporal 2.14 - forca FORTE
WIN_7_MIN;ATIVO_FRACTAL;WIN_180_MIN;ATIVO_FRACTAL;AGREGA_PARA;0.45;Razao temporal 25.71 - forca FRACA
WIN_7_MIN;ATIVO_FRACTAL;WIN_1_MIN;ATIVO_FRACTAL;DETALHA_DE;0.7;Razao temporal 7.0 - forca MEDIA
WIN_7_MIN;ATIVO_FRACTAL;WIN_20_MIN;ATIVO_FRACTAL;AGREGA_PARA;0.9;Razao temporal 2.86 - forca FORTE
WIN_7_MIN;ATIVO_FRACTAL;WIN_240_MIN;ATIVO_FRACTAL;AGREGA_PARA;0.45;Razao temporal 34.29 - forca FRACA
WIN_7_MIN;ATIVO_FRACTAL;WIN_2_MIN;ATIVO_FRACTAL;DETALHA_DE;0.7;Razao temporal 3.5 - forca MEDIA
WIN_7_MIN;ATIVO_FRACTAL;WIN_30_MIN;ATIVO_FRACTAL;AGREGA_PARA;0.7;Razao temporal 4.29 - forca MEDIA
WIN_7_MIN;ATIVO_FRACTAL;WIN_3_MIN;ATIVO_FRACTAL;DETALHA_DE;0.9;Razao temporal 2.33 - forca FORTE
WIN_7_MIN;ATIVO_FRACTAL;WIN_45_MIN;ATIVO_FRACTAL;AGREGA_PARA;0.7;Razao temporal 6.43 - forca MEDIA
WIN_7_MIN;ATIVO_FRACTAL;WIN_4_MIN;ATIVO_FRACTAL;DETALHA_DE;0.9;Razao temporal 1.75 - forca FORTE
WIN_7_MIN;ATIVO_FRACTAL;WIN_5_MIN;ATIVO_FRACTAL;DETALHA_DE;0.9;Razao temporal 1.4 - forca FORTE
WIN_7_MIN;ATIVO_FRACTAL;WIN_60_MIN;ATIVO_FRACTAL;AGREGA_PARA;0.7;Razao temporal 8.57 - forca MEDIA
WIN_7_MIN;ATIVO_FRACTAL;WIN_6_MIN;ATIVO_FRACTAL;DETALHA_DE;0.9;Razao temporal 1.17 - forca FORTE
WIN_7_MIN;ATIVO_FRACTAL;WIN_8_MIN;ATIVO_FRACTAL;AGREGA_PARA;0.9;Razao temporal 1.14 - forca FORTE
WIN_7_MIN;ATIVO_FRACTAL;WIN_90_MIN;ATIVO_FRACTAL;AGREGA_PARA;0.45;Razao temporal 12.86 - forca FRACA
WIN_7_MIN;ATIVO_FRACTAL;WIN_9_MIN;ATIVO_FRACTAL;AGREGA_PARA;0.9;Razao temporal 1.29 - forca FORTE
WIN_7_MIN;ATIVO_FRACTAL;WIN_DIARIO;ATIVO_FRACTAL;AGREGA_PARA;0.45;Razao temporal 205.71 - forca FRACA
WIN_7_MIN;ATIVO_FRACTAL;WIN_SEMANAL;ATIVO_FRACTAL;AGREGA_PARA;0.45;Razao temporal 1440.0 - forca FRACA
WIN_8_MIN;ATIVO_FRACTAL;WIN_10_MIN;ATIVO_FRACTAL;AGREGA_PARA;0.9;Razao temporal 1.25 - forca FORTE
WIN_8_MIN;ATIVO_FRACTAL;WIN_120_MIN;ATIVO_FRACTAL;AGREGA_PARA;0.45;Razao temporal 15.0 - forca FRACA
WIN_8_MIN;ATIVO_FRACTAL;WIN_12_MIN;ATIVO_FRACTAL;AGREGA_PARA;0.9;Razao temporal 1.5 - forca FORTE
WIN_8_MIN;ATIVO_FRACTAL;WIN_15_MIN;ATIVO_FRACTAL;AGREGA_PARA;0.9;Razao temporal 1.88 - forca FORTE
WIN_8_MIN;ATIVO_FRACTAL;WIN_180_MIN;ATIVO_FRACTAL;AGREGA_PARA;0.45;Razao temporal 22.5 - forca FRACA
WIN_8_MIN;ATIVO_FRACTAL;WIN_1_MIN;ATIVO_FRACTAL;DETALHA_DE;0.7;Razao temporal 8.0 - forca MEDIA
WIN_8_MIN;ATIVO_FRACTAL;WIN_20_MIN;ATIVO_FRACTAL;AGREGA_PARA;0.9;Razao temporal 2.5 - forca FORTE
WIN_8_MIN;ATIVO_FRACTAL;WIN_240_MIN;ATIVO_FRACTAL;AGREGA_PARA;0.45;Razao temporal 30.0 - forca FRACA
WIN_8_MIN;ATIVO_FRACTAL;WIN_2_MIN;ATIVO_FRACTAL;DETALHA_DE;0.7;Razao temporal 4.0 - forca MEDIA
WIN_8_MIN;ATIVO_FRACTAL;WIN_30_MIN;ATIVO_FRACTAL;AGREGA_PARA;0.7;Razao temporal 3.75 - forca MEDIA
WIN_8_MIN;ATIVO_FRACTAL;WIN_3_MIN;ATIVO_FRACTAL;DETALHA_DE;0.9;Razao temporal 2.67 - forca FORTE
WIN_8_MIN;ATIVO_FRACTAL;WIN_45_MIN;ATIVO_FRACTAL;AGREGA_PARA;0.7;Razao temporal 5.62 - forca MEDIA
WIN_8_MIN;ATIVO_FRACTAL;WIN_4_MIN;ATIVO_FRACTAL;DETALHA_DE;0.9;Razao temporal 2.0 - forca FORTE
WIN_8_MIN;ATIVO_FRACTAL;WIN_5_MIN;ATIVO_FRACTAL;DETALHA_DE;0.9;Razao temporal 1.6 - forca FORTE
WIN_8_MIN;ATIVO_FRACTAL;WIN_60_MIN;ATIVO_FRACTAL;AGREGA_PARA;0.7;Razao temporal 7.5 - forca MEDIA
WIN_8_MIN;ATIVO_FRACTAL;WIN_6_MIN;ATIVO_FRACTAL;DETALHA_DE;0.9;Razao temporal 1.33 - forca FORTE
WIN_8_MIN;ATIVO_FRACTAL;WIN_7_MIN;ATIVO_FRACTAL;DETALHA_DE;0.9;Razao temporal 1.14 - forca FORTE
WIN_8_MIN;ATIVO_FRACTAL;WIN_90_MIN;ATIVO_FRACTAL;AGREGA_PARA;0.7;Razao temporal 11.25 - forca MEDIA
WIN_8_MIN;ATIVO_FRACTAL;WIN_9_MIN;ATIVO_FRACTAL;AGREGA_PARA;0.9;Razao temporal 1.12 - forca FORTE
WIN_8_MIN;ATIVO_FRACTAL;WIN_DIARIO;ATIVO_FRACTAL;AGREGA_PARA;0.45;Razao temporal 180.0 - forca FRACA
WIN_8_MIN;ATIVO_FRACTAL;WIN_SEMANAL;ATIVO_FRACTAL;AGREGA_PARA;0.45;Razao temporal 1260.0 - forca FRACA
WIN_90_MIN;ATIVO_FRACTAL;WIN_10_MIN;ATIVO_FRACTAL;DETALHA_DE;0.7;Razao temporal 9.0 - forca MEDIA
WIN_90_MIN;ATIVO_FRACTAL;WIN_120_MIN;ATIVO_FRACTAL;AGREGA_PARA;0.9;Razao temporal 1.33 - forca FORTE
WIN_90_MIN;ATIVO_FRACTAL;WIN_12_MIN;ATIVO_FRACTAL;DETALHA_DE;0.7;Razao temporal 7.5 - forca MEDIA
WIN_90_MIN;ATIVO_FRACTAL;WIN_15_MIN;ATIVO_FRACTAL;DETALHA_DE;0.7;Razao temporal 6.0 - forca MEDIA
WIN_90_MIN;ATIVO_FRACTAL;WIN_180_MIN;ATIVO_FRACTAL;AGREGA_PARA;0.9;Razao temporal 2.0 - forca FORTE
WIN_90_MIN;ATIVO_FRACTAL;WIN_1_MIN;ATIVO_FRACTAL;DETALHA_DE;0.45;Razao temporal 90.0 - forca FRACA
WIN_90_MIN;ATIVO_FRACTAL;WIN_20_MIN;ATIVO_FRACTAL;DETALHA_DE;0.7;Razao temporal 4.5 - forca MEDIA
WIN_90_MIN;ATIVO_FRACTAL;WIN_240_MIN;ATIVO_FRACTAL;AGREGA_PARA;0.9;Razao temporal 2.67 - forca FORTE
WIN_90_MIN;ATIVO_FRACTAL;WIN_2_MIN;ATIVO_FRACTAL;DETALHA_DE;0.45;Razao temporal 45.0 - forca FRACA
WIN_90_MIN;ATIVO_FRACTAL;WIN_30_MIN;ATIVO_FRACTAL;DETALHA_DE;0.9;Razao temporal 3.0 - forca FORTE
WIN_90_MIN;ATIVO_FRACTAL;WIN_3_MIN;ATIVO_FRACTAL;DETALHA_DE;0.45;Razao temporal 30.0 - forca FRACA
WIN_90_MIN;ATIVO_FRACTAL;WIN_45_MIN;ATIVO_FRACTAL;DETALHA_DE;0.9;Razao temporal 2.0 - forca FORTE
WIN_90_MIN;ATIVO_FRACTAL;WIN_4_MIN;ATIVO_FRACTAL;DETALHA_DE;0.45;Razao temporal 22.5 - forca FRACA
WIN_90_MIN;ATIVO_FRACTAL;WIN_5_MIN;ATIVO_FRACTAL;DETALHA_DE;0.45;Razao temporal 18.0 - forca FRACA
WIN_90_MIN;ATIVO_FRACTAL;WIN_60_MIN;ATIVO_FRACTAL;DETALHA_DE;0.9;Razao temporal 1.5 - forca FORTE
WIN_90_MIN;ATIVO_FRACTAL;WIN_6_MIN;ATIVO_FRACTAL;DETALHA_DE;0.45;Razao temporal 15.0 - forca FRACA
WIN_90_MIN;ATIVO_FRACTAL;WIN_7_MIN;ATIVO_FRACTAL;DETALHA_DE;0.45;Razao temporal 12.86 - forca FRACA
WIN_90_MIN;ATIVO_FRACTAL;WIN_8_MIN;ATIVO_FRACTAL;DETALHA_DE;0.7;Razao temporal 11.25 - forca MEDIA
WIN_90_MIN;ATIVO_FRACTAL;WIN_9_MIN;ATIVO_FRACTAL;DETALHA_DE;0.7;Razao temporal 10.0 - forca MEDIA
WIN_90_MIN;ATIVO_FRACTAL;WIN_DIARIO;ATIVO_FRACTAL;AGREGA_PARA;0.45;Razao temporal 16.0 - forca FRACA
WIN_90_MIN;ATIVO_FRACTAL;WIN_SEMANAL;ATIVO_FRACTAL;AGREGA_PARA;0.45;Razao temporal 112.0 - forca FRACA
WIN_9_MIN;ATIVO_FRACTAL;WIN_10_MIN;ATIVO_FRACTAL;AGREGA_PARA;0.9;Razao temporal 1.11 - forca FORTE
WIN_9_MIN;ATIVO_FRACTAL;WIN_120_MIN;ATIVO_FRACTAL;AGREGA_PARA;0.45;Razao temporal 13.33 - forca FRACA
WIN_9_MIN;ATIVO_FRACTAL;WIN_12_MIN;ATIVO_FRACTAL;AGREGA_PARA;0.9;Razao temporal 1.33 - forca FORTE
WIN_9_MIN;ATIVO_FRACTAL;WIN_15_MIN;ATIVO_FRACTAL;AGREGA_PARA;0.9;Razao temporal 1.67 - forca FORTE
WIN_9_MIN;ATIVO_FRACTAL;WIN_180_MIN;ATIVO_FRACTAL;AGREGA_PARA;0.45;Razao temporal 20.0 - forca FRACA
WIN_9_MIN;ATIVO_FRACTAL;WIN_1_MIN;ATIVO_FRACTAL;DETALHA_DE;0.7;Razao temporal 9.0 - forca MEDIA
WIN_9_MIN;ATIVO_FRACTAL;WIN_20_MIN;ATIVO_FRACTAL;AGREGA_PARA;0.9;Razao temporal 2.22 - forca FORTE
WIN_9_MIN;ATIVO_FRACTAL;WIN_240_MIN;ATIVO_FRACTAL;AGREGA_PARA;0.45;Razao temporal 26.67 - forca FRACA
WIN_9_MIN;ATIVO_FRACTAL;WIN_2_MIN;ATIVO_FRACTAL;DETALHA_DE;0.7;Razao temporal 4.5 - forca MEDIA
WIN_9_MIN;ATIVO_FRACTAL;WIN_30_MIN;ATIVO_FRACTAL;AGREGA_PARA;0.7;Razao temporal 3.33 - forca MEDIA
WIN_9_MIN;ATIVO_FRACTAL;WIN_3_MIN;ATIVO_FRACTAL;DETALHA_DE;0.9;Razao temporal 3.0 - forca FORTE
WIN_9_MIN;ATIVO_FRACTAL;WIN_45_MIN;ATIVO_FRACTAL;AGREGA_PARA;0.7;Razao temporal 5.0 - forca MEDIA
WIN_9_MIN;ATIVO_FRACTAL;WIN_4_MIN;ATIVO_FRACTAL;DETALHA_DE;0.9;Razao temporal 2.25 - forca FORTE
WIN_9_MIN;ATIVO_FRACTAL;WIN_5_MIN;ATIVO_FRACTAL;DETALHA_DE;0.9;Razao temporal 1.8 - forca FORTE
WIN_9_MIN;ATIVO_FRACTAL;WIN_60_MIN;ATIVO_FRACTAL;AGREGA_PARA;0.7;Razao temporal 6.67 - forca MEDIA
WIN_9_MIN;ATIVO_FRACTAL;WIN_6_MIN;ATIVO_FRACTAL;DETALHA_DE;0.9;Razao temporal 1.5 - forca FORTE
WIN_9_MIN;ATIVO_FRACTAL;WIN_7_MIN;ATIVO_FRACTAL;DETALHA_DE;0.9;Razao temporal 1.29 - forca FORTE
WIN_9_MIN;ATIVO_FRACTAL;WIN_8_MIN;ATIVO_FRACTAL;DETALHA_DE;0.9;Razao temporal 1.12 - forca FORTE
WIN_9_MIN;ATIVO_FRACTAL;WIN_90_MIN;ATIVO_FRACTAL;AGREGA_PARA;0.7;Razao temporal 10.0 - forca MEDIA
WIN_9_MIN;ATIVO_FRACTAL;WIN_DIARIO;ATIVO_FRACTAL;AGREGA_PARA;0.45;Razao temporal 160.0 - forca FRACA
WIN_9_MIN;ATIVO_FRACTAL;WIN_SEMANAL;ATIVO_FRACTAL;AGREGA_PARA;0.45;Razao temporal 1120.0 - forca FRACA
WIN_DIARIO;ATIVO_FRACTAL;WIN_10_MIN;ATIVO_FRACTAL;DETALHA_DE;0.45;Razao temporal 144.0 - forca FRACA
WIN_DIARIO;ATIVO_FRACTAL;WIN_120_MIN;ATIVO_FRACTAL;DETALHA_DE;0.7;Razao temporal 12.0 - forca MEDIA
WIN_DIARIO;ATIVO_FRACTAL;WIN_12_MIN;ATIVO_FRACTAL;DETALHA_DE;0.45;Razao temporal 120.0 - forca FRACA
WIN_DIARIO;ATIVO_FRACTAL;WIN_15_MIN;ATIVO_FRACTAL;DETALHA_DE;0.45;Razao temporal 96.0 - forca FRACA
WIN_DIARIO;ATIVO_FRACTAL;WIN_180_MIN;ATIVO_FRACTAL;DETALHA_DE;0.7;Razao temporal 8.0 - forca MEDIA
WIN_DIARIO;ATIVO_FRACTAL;WIN_1_MIN;ATIVO_FRACTAL;DETALHA_DE;0.45;Razao temporal 1440.0 - forca FRACA
WIN_DIARIO;ATIVO_FRACTAL;WIN_20_MIN;ATIVO_FRACTAL;DETALHA_DE;0.45;Razao temporal 72.0 - forca FRACA
WIN_DIARIO;ATIVO_FRACTAL;WIN_240_MIN;ATIVO_FRACTAL;DETALHA_DE;0.7;Razao temporal 6.0 - forca MEDIA
WIN_DIARIO;ATIVO_FRACTAL;WIN_2_MIN;ATIVO_FRACTAL;DETALHA_DE;0.45;Razao temporal 720.0 - forca FRACA
WIN_DIARIO;ATIVO_FRACTAL;WIN_30_MIN;ATIVO_FRACTAL;DETALHA_DE;0.45;Razao temporal 48.0 - forca FRACA
WIN_DIARIO;ATIVO_FRACTAL;WIN_3_MIN;ATIVO_FRACTAL;DETALHA_DE;0.45;Razao temporal 480.0 - forca FRACA
WIN_DIARIO;ATIVO_FRACTAL;WIN_45_MIN;ATIVO_FRACTAL;DETALHA_DE;0.45;Razao temporal 32.0 - forca FRACA
WIN_DIARIO;ATIVO_FRACTAL;WIN_4_MIN;ATIVO_FRACTAL;DETALHA_DE;0.45;Razao temporal 360.0 - forca FRACA
WIN_DIARIO;ATIVO_FRACTAL;WIN_5_MIN;ATIVO_FRACTAL;DETALHA_DE;0.45;Razao temporal 288.0 - forca FRACA
WIN_DIARIO;ATIVO_FRACTAL;WIN_60_MIN;ATIVO_FRACTAL;DETALHA_DE;0.45;Razao temporal 24.0 - forca FRACA
WIN_DIARIO;ATIVO_FRACTAL;WIN_6_MIN;ATIVO_FRACTAL;DETALHA_DE;0.45;Razao temporal 240.0 - forca FRACA
WIN_DIARIO;ATIVO_FRACTAL;WIN_7_MIN;ATIVO_FRACTAL;DETALHA_DE;0.45;Razao temporal 205.71 - forca FRACA
WIN_DIARIO;ATIVO_FRACTAL;WIN_8_MIN;ATIVO_FRACTAL;DETALHA_DE;0.45;Razao temporal 180.0 - forca FRACA
WIN_DIARIO;ATIVO_FRACTAL;WIN_90_MIN;ATIVO_FRACTAL;DETALHA_DE;0.45;Razao temporal 16.0 - forca FRACA
WIN_DIARIO;ATIVO_FRACTAL;WIN_9_MIN;ATIVO_FRACTAL;DETALHA_DE;0.45;Razao temporal 160.0 - forca FRACA
WIN_DIARIO;ATIVO_FRACTAL;WIN_SEMANAL;ATIVO_FRACTAL;AGREGA_PARA;0.7;Razao temporal 7.0 - forca MEDIA
WIN_SEMANAL;ATIVO_FRACTAL;WIN_10_MIN;ATIVO_FRACTAL;DETALHA_DE;0.45;Razao temporal 1008.0 - forca FRACA
WIN_SEMANAL;ATIVO_FRACTAL;WIN_120_MIN;ATIVO_FRACTAL;DETALHA_DE;0.45;Razao temporal 84.0 - forca FRACA
WIN_SEMANAL;ATIVO_FRACTAL;WIN_12_MIN;ATIVO_FRACTAL;DETALHA_DE;0.45;Razao temporal 840.0 - forca FRACA
WIN_SEMANAL;ATIVO_FRACTAL;WIN_15_MIN;ATIVO_FRACTAL;DETALHA_DE;0.45;Razao temporal 672.0 - forca FRACA
WIN_SEMANAL;ATIVO_FRACTAL;WIN_180_MIN;ATIVO_FRACTAL;DETALHA_DE;0.45;Razao temporal 56.0 - forca FRACA
WIN_SEMANAL;ATIVO_FRACTAL;WIN_1_MIN;ATIVO_FRACTAL;DETALHA_DE;0.45;Razao temporal 10080.0 - forca FRACA
WIN_SEMANAL;ATIVO_FRACTAL;WIN_20_MIN;ATIVO_FRACTAL;DETALHA_DE;0.45;Razao temporal 504.0 - forca FRACA
WIN_SEMANAL;ATIVO_FRACTAL;WIN_240_MIN;ATIVO_FRACTAL;DETALHA_DE;0.45;Razao temporal 42.0 - forca FRACA
WIN_SEMANAL;ATIVO_FRACTAL;WIN_2_MIN;ATIVO_FRACTAL;DETALHA_DE;0.45;Razao temporal 5040.0 - forca FRACA
WIN_SEMANAL;ATIVO_FRACTAL;WIN_30_MIN;ATIVO_FRACTAL;DETALHA_DE;0.45;Razao temporal 336.0 - forca FRACA
WIN_SEMANAL;ATIVO_FRACTAL;WIN_3_MIN;ATIVO_FRACTAL;DETALHA_DE;0.45;Razao temporal 3360.0 - forca FRACA
WIN_SEMANAL;ATIVO_FRACTAL;WIN_45_MIN;ATIVO_FRACTAL;DETALHA_DE;0.45;Razao temporal 224.0 - forca FRACA
WIN_SEMANAL;ATIVO_FRACTAL;WIN_4_MIN;ATIVO_FRACTAL;DETALHA_DE;0.45;Razao temporal 2520.0 - forca FRACA
WIN_SEMANAL;ATIVO_FRACTAL;WIN_5_MIN;ATIVO_FRACTAL;DETALHA_DE;0.45;Razao temporal 2016.0 - forca FRACA
WIN_SEMANAL;ATIVO_FRACTAL;WIN_60_MIN;ATIVO_FRACTAL;DETALHA_DE;0.45;Razao temporal 168.0 - forca FRACA
WIN_SEMANAL;ATIVO_FRACTAL;WIN_6_MIN;ATIVO_FRACTAL;DETALHA_DE;0.45;Razao temporal 1680.0 - forca FRACA
WIN_SEMANAL;ATIVO_FRACTAL;WIN_7_MIN;ATIVO_FRACTAL;DETALHA_DE;0.45;Razao temporal 1440.0 - forca FRACA
WIN_SEMANAL;ATIVO_FRACTAL;WIN_8_MIN;ATIVO_FRACTAL;DETALHA_DE;0.45;Razao temporal 1260.0 - forca FRACA
WIN_SEMANAL;ATIVO_FRACTAL;WIN_90_MIN;ATIVO_FRACTAL;DETALHA_DE;0.45;Razao temporal 112.0 - forca FRACA
WIN_SEMANAL;ATIVO_FRACTAL;WIN_9_MIN;ATIVO_FRACTAL;DETALHA_DE;0.45;Razao temporal 1120.0 - forca FRACA
WIN_SEMANAL;ATIVO_FRACTAL;WIN_DIARIO;ATIVO_FRACTAL;DETALHA_DE;0.7;Razao temporal 7.0 - forca MEDIA
