id;ativo;ativo_original;fractal;pasta;arquivo;caminho;linhas;colunas;data_inicio;data_fim;tamanho_mb;ultima_modificacao;hash_md5;origem;confiabilidade;tags;volume_medio;range_medio;preco_medio;status;observacao
WIN_10_MIN_WIN_10min_2023_2024.csv;WIN;WINFUT;10_MIN;010_10_MIN;WIN_10min_2023_2024.csv;C:\Users\User\projeto_fluxo\TRIN_ROOT\TRIN_HISTORICO\010_10_MIN\win\WIN_10min_2023_2024.csv;13622;9;02/01/2023;28/12/2023;1.146;07/06/2026 01:25:36;d5a2832b35a93b420fe7e88b9ab6ce2e;PROFIT;100;WIN,10_MIN,PROFIT;8836820782.9;319.62;158079.89;OK;
WIN_10_MIN_WIN_10min_2024_2025.csv;WIN;WINFUT;10_MIN;010_10_MIN;WIN_10min_2024_2025.csv;C:\Users\User\projeto_fluxo\TRIN_ROOT\TRIN_HISTORICO\010_10_MIN\win\WIN_10min_2024_2025.csv;14283;9;02/01/2024;30/12/2024;1.201;07/06/2026 01:28:00;5f0d11c68ce83bb49edd2f943a7b4a6c;PROFIT;100;WIN,10_MIN,PROFIT;8853384044.14;238.75;160398.26;OK;
WIN_10_MIN_WIN_10min_2025_2026.csv;WIN;WINFUT;10_MIN;010_10_MIN;WIN_10min_2025_2026.csv;C:\Users\User\projeto_fluxo\TRIN_ROOT\TRIN_HISTORICO\010_10_MIN\win\WIN_10min_2025_2026.csv;14215;9;02/01/2025;30/12/2025;1.194;07/06/2026 01:29:28;b02d3f72e20441e34b46f743ef6ecb4c;PROFIT;100;WIN,10_MIN,PROFIT;7907126421.1;260.33;155287.45;OK;
WIN_10_MIN_WIN_10min_2026_2026.csv;WIN;WINFUT;10_MIN;010_10_MIN;WIN_10min_2026_2026.csv;C:\Users\User\projeto_fluxo\TRIN_ROOT\TRIN_HISTORICO\010_10_MIN\win\WIN_10min_2026_2026.csv;5961;9;02/01/2026;05/06/2026;0.503;07/06/2026 01:30:58;27263af4b0cf382fe81f20822d5d435f;PROFIT;100;WIN,10_MIN,PROFIT;12133112338.78;401.93;186922.57;OK;
WIN_10_MIN_WIN_10min_2022_2023.csv;WIN;WINFUT;10_MIN;010_10_MIN;WIN_10min_2022_2023.csv;C:\Users\User\projeto_fluxo\TRIN_ROOT\TRIN_HISTORICO\010_10_MIN\win\WIN_10min_2022_2023.csv;1919;9;11/11/2022;29/12/2022;0.162;07/06/2026 01:22:57;786cd6454de71892d127868afe80b168;PROFIT;100;WIN,10_MIN,PROFIT;8913907390.15;486.85;160254.5;OK;
WIN_10_MIN_WIN_10min_2026_2026_CANDLES_PARCIAIS.csv;WIN;ativo;10_MIN;00_RELATORIOS;WIN_10min_2026_2026_CANDLES_PARCIAIS.csv;C:\Users\User\projeto_fluxo\TRIN_ROOT\TRIN_HISTORICO\00_RELATORIOS\ze_do_eucrazio\WIN_10min_2026_2026_CANDLES_PARCIAIS.csv;93;21;21/01/2026;05/06/2026;0.017;11/06/2026 23:19:12;56673125033876f1a0459fee7ca69153;ZE_DO_EUCRAZIO;98;WIN,10_MIN,ZE_DO_EUCRAZIO;;;10.0;OK;
WIN_10_MIN_WIN_10min_2026_2026 (2).csv;WIN;ativo;10_MIN;010_10_MIN;WIN_10min_2026_2026 (2).csv;C:\Users\User\projeto_fluxo\TRIN_ROOT\TRIN_HISTORICO\010_10_MIN\win\WIN_10min_2026_2026 (2).csv;5204;21;21/01/2026;05/06/2026;0.948;11/06/2026 23:19:12;ea3b3aed1f19622d9ce5bf81545d00e0;PROFIT;100;WIN,10_MIN,PROFIT;;;10.0;OK;
WIN_120_MIN_WIN_120min_2026_2026.csv;WIN;ativo;120_MIN;00_DUPLICIDADES_FRACTAIS;WIN_120min_2026_2026.csv;C:\Users\User\projeto_fluxo\TRIN_ROOT\TRIN_HISTORICO\00_DUPLICIDADES_FRACTAIS\0120_120_MIN\win\WIN_120min_2026_2026.csv;458;21;21/01/2026;05/06/2026;0.085;11/06/2026 23:19:34;015d34105ebe5e880e89f78a31cb62c1;ZE_DO_EUCRAZIO;98;WIN,120_MIN,ZE_DO_EUCRAZIO;;;120.0;OK;
WIN_120_MIN_WIN_120min_2026_2026_CANDLES_PARCIAIS.csv;WIN;ativo;120_MIN;00_RELATORIOS;WIN_120min_2026_2026_CANDLES_PARCIAIS.csv;C:\Users\User\projeto_fluxo\TRIN_ROOT\TRIN_HISTORICO\00_RELATORIOS\ze_do_eucrazio\WIN_120min_2026_2026_CANDLES_PARCIAIS.csv;93;21;21/01/2026;05/06/2026;0.017;12/06/2026 21:06:19;43cc76c1cecf8ba8c509d89f8ef474c1;ZE_DO_EUCRAZIO;98;WIN,120_MIN,ZE_DO_EUCRAZIO;;;120.0;OK;
WIN_120_MIN_WIN_120min_2026_2026.csv;WIN;ativo;120_MIN;120_120_MIN;WIN_120min_2026_2026.csv;C:\Users\User\projeto_fluxo\TRIN_ROOT\TRIN_HISTORICO\120_120_MIN\win\WIN_120min_2026_2026.csv;458;21;21/01/2026;05/06/2026;0.085;12/06/2026 21:06:19;015d34105ebe5e880e89f78a31cb62c1;ZE_DO_EUCRAZIO;98;WIN,120_MIN,ZE_DO_EUCRAZIO;;;120.0;OK;
WIN_120_MIN_WIN_120min_2026_2026_AUDITOR_SESSOES.csv;WIN;sessao;120_MIN;00_AUDITORIA;WIN_120min_2026_2026_AUDITOR_SESSOES.csv;C:\Users\User\projeto_fluxo\TRIN_ROOT\TRIN_HISTORICO\00_AUDITORIA\ze_do_eucrazio\WIN_120min_2026_2026_AUDITOR_SESSOES.csv;93;7;N/D;N/D;0.004;12/06/2026 21:06:19;57de274a882a5a0817fc14fbf6637c02;ZE_DO_EUCRAZIO;70;WIN,120_MIN,ZE_DO_EUCRAZIO,ALERTA;N/D;N/D;N/D;ALERTA;DATA_INVALIDA
WIN_12_MIN_WIN_12min_2026_2026_CANDLES_PARCIAIS.csv;WIN;ativo;12_MIN;00_RELATORIOS;WIN_12min_2026_2026_CANDLES_PARCIAIS.csv;C:\Users\User\projeto_fluxo\TRIN_ROOT\TRIN_HISTORICO\00_RELATORIOS\ze_do_eucrazio\WIN_12min_2026_2026_CANDLES_PARCIAIS.csv;92;21;21/01/2026;05/06/2026;0.016;11/06/2026 23:19:18;dc39c08e7aa96caa2038135e05ba8052;ZE_DO_EUCRAZIO;98;WIN,12_MIN,ZE_DO_EUCRAZIO;;;12.0;OK;
WIN_12_MIN_WIN_12min_2026_2026.csv;WIN;ativo;12_MIN;012_12_MIN;WIN_12min_2026_2026.csv;C:\Users\User\projeto_fluxo\TRIN_ROOT\TRIN_HISTORICO\012_12_MIN\win\WIN_12min_2026_2026.csv;4350;21;21/01/2026;05/06/2026;0.793;11/06/2026 23:19:18;40aa1da2fa42dfe4ce50e431df435649;ZE_DO_EUCRAZIO;98;WIN,12_MIN,ZE_DO_EUCRAZIO;;;12.0;OK;
WIN_15_MIN_WIN_15min_2024_2026.csv;WIN;WINFUT;15_MIN;00_DUPLICIDADES_FRACTAIS;WIN_15min_2024_2026.csv;C:\Users\User\projeto_fluxo\TRIN_ROOT\TRIN_HISTORICO\00_DUPLICIDADES_FRACTAIS\008_15_MIN\win\WIN_15min_2024_2026.csv;19001;9;02/01/2024;30/12/2025;1.603;07/06/2026 01:12:12;d5173157bb80529359a82ffc45249345;PROFIT;100;WIN,15_MIN,PROFIT;12570532412.93;306.62;157847.97;OK;
WIN_15_MIN_WIN_15min_2026_2026.csv;WIN;WINFUT;15_MIN;00_DUPLICIDADES_FRACTAIS;WIN_15min_2026_2026.csv;C:\Users\User\projeto_fluxo\TRIN_ROOT\TRIN_HISTORICO\00_DUPLICIDADES_FRACTAIS\008_15_MIN\win\WIN_15min_2026_2026.csv;3974;9;02/01/2026;05/06/2026;0.336;07/06/2026 01:14:07;a0c1cadd02031f0ac71f537df41b250b;PROFIT;100;WIN,15_MIN,PROFIT;18199668508.3;491.33;186921.98;OK;
WIN_15_MIN_WIN_15min_2022_2024.csv;WIN;WINFUT;15_MIN;00_DUPLICIDADES_FRACTAIS;WIN_15min_2022_2024.csv;C:\Users\User\projeto_fluxo\TRIN_ROOT\TRIN_HISTORICO\00_DUPLICIDADES_FRACTAIS\008_15_MIN\win\WIN_15min_2022_2024.csv;18238;9;03/01/2022;28/12/2023;1.541;07/06/2026 01:10:02;82d2caf0c4a3b5dcd97fb714489a0d16;PROFIT;100;WIN,15_MIN,PROFIT;14247488399.2;455.25;163851.42;OK;
WIN_15_MIN_WIN_15min_2020_2022.csv;WIN;WINFUT;15_MIN;00_DUPLICIDADES_FRACTAIS;WIN_15min_2020_2022.csv;C:\Users\User\projeto_fluxo\TRIN_ROOT\TRIN_HISTORICO\00_DUPLICIDADES_FRACTAIS\008_15_MIN\win\WIN_15min_2020_2022.csv;14808;9;15/05/2020;30/12/2021;1.252;07/06/2026 01:08:19;b1f960e91fda8c5248a61217ea1d2f54;PROFIT;100;WIN,15_MIN,PROFIT;16722386892.38;581.21;185674.44;OK;
WIN_15_MIN_WIN_15min_2026_2026_CANDLES_PARCIAIS.csv;WIN;ativo;15_MIN;00_RELATORIOS;WIN_15min_2026_2026_CANDLES_PARCIAIS.csv;C:\Users\User\projeto_fluxo\TRIN_ROOT\TRIN_HISTORICO\00_RELATORIOS\ze_do_eucrazio\WIN_15min_2026_2026_CANDLES_PARCIAIS.csv;93;21;21/01/2026;05/06/2026;0.017;11/06/2026 23:19:22;7c6d909ad76d64a0cc291496e2db43f6;ZE_DO_EUCRAZIO;98;WIN,15_MIN,ZE_DO_EUCRAZIO;;;15.0;OK;
WIN_15_MIN_WIN_15min_2026_2026.csv;WIN;ativo;15_MIN;015_15_MIN;WIN_15min_2026_2026.csv;C:\Users\User\projeto_fluxo\TRIN_ROOT\TRIN_HISTORICO\015_15_MIN\win\WIN_15min_2026_2026.csv;3470;21;21/01/2026;05/06/2026;0.634;11/06/2026 23:19:22;389c1d2ac59f250cd75db45366fb47f3;PROFIT;100;WIN,15_MIN,PROFIT;;;15.0;OK;
WIN_180_MIN_WIN_180min_2026_2026.csv;WIN;ativo;180_MIN;00_DUPLICIDADES_FRACTAIS;WIN_180min_2026_2026.csv;C:\Users\User\projeto_fluxo\TRIN_ROOT\TRIN_HISTORICO\00_DUPLICIDADES_FRACTAIS\0180_180_MIN\win\WIN_180min_2026_2026.csv;366;21;21/01/2026;05/06/2026;0.068;11/06/2026 23:19:35;e2e0ba42c36bf423e09681c2a33df556;ZE_DO_EUCRAZIO;98;WIN,180_MIN,ZE_DO_EUCRAZIO;;;180.0;OK;
WIN_180_MIN_WIN_180min_2026_2026_CANDLES_PARCIAIS.csv;WIN;ativo;180_MIN;00_RELATORIOS;WIN_180min_2026_2026_CANDLES_PARCIAIS.csv;C:\Users\User\projeto_fluxo\TRIN_ROOT\TRIN_HISTORICO\00_RELATORIOS\ze_do_eucrazio\WIN_180min_2026_2026_CANDLES_PARCIAIS.csv;93;21;21/01/2026;05/06/2026;0.017;12/06/2026 21:06:20;d96850192b8b549e8ccef7d709887f9c;ZE_DO_EUCRAZIO;98;WIN,180_MIN,ZE_DO_EUCRAZIO;;;180.0;OK;
WIN_180_MIN_WIN_180min_2026_2026.csv;WIN;ativo;180_MIN;180_180_MIN;WIN_180min_2026_2026.csv;C:\Users\User\projeto_fluxo\TRIN_ROOT\TRIN_HISTORICO\180_180_MIN\win\WIN_180min_2026_2026.csv;366;21;21/01/2026;05/06/2026;0.068;12/06/2026 21:06:20;e2e0ba42c36bf423e09681c2a33df556;ZE_DO_EUCRAZIO;98;WIN,180_MIN,ZE_DO_EUCRAZIO;;;180.0;OK;
WIN_180_MIN_WIN_180min_2026_2026_AUDITOR_SESSOES.csv;WIN;sessao;180_MIN;00_AUDITORIA;WIN_180min_2026_2026_AUDITOR_SESSOES.csv;C:\Users\User\projeto_fluxo\TRIN_ROOT\TRIN_HISTORICO\00_AUDITORIA\ze_do_eucrazio\WIN_180min_2026_2026_AUDITOR_SESSOES.csv;93;7;N/D;N/D;0.004;12/06/2026 21:06:20;15fe49664db33d0da608564e7defcc4a;ZE_DO_EUCRAZIO;70;WIN,180_MIN,ZE_DO_EUCRAZIO,ALERTA;N/D;N/D;N/D;ALERTA;DATA_INVALIDA
WIN_1_MIN_WIN_1min_2026_2026.csv;WIN;WINFUT;1_MIN;001_1_MIN;WIN_1min_2026_2026.csv;C:\Users\User\projeto_fluxo\TRIN_ROOT\TRIN_HISTORICO\001_1_MIN\win\WIN_1min_2026_2026.csv;51486;9;21/01/2026;05/06/2026;4.244;07/06/2026 12:56:39;33293dfed8a5f463f58a2bbd7ded9d7b;PROFIT;100;WIN,1_MIN,PROFIT,MICRO_FRACTAL;1260530854.0;135.34;189030.15;OK;
WIN_20_MIN_WIN_20min_2026_2026_CANDLES_PARCIAIS.csv;WIN;ativo;20_MIN;00_RELATORIOS;WIN_20min_2026_2026_CANDLES_PARCIAIS.csv;C:\Users\User\projeto_fluxo\TRIN_ROOT\TRIN_HISTORICO\00_RELATORIOS\ze_do_eucrazio\WIN_20min_2026_2026_CANDLES_PARCIAIS.csv;93;21;21/01/2026;05/06/2026;0.017;11/06/2026 23:19:26;68e3ed5b7859f6750ae90b24e74c5df3;ZE_DO_EUCRAZIO;98;WIN,20_MIN,ZE_DO_EUCRAZIO;;;20.0;OK;
WIN_20_MIN_WIN_20min_2026_2026.csv;WIN;ativo;20_MIN;020_20_MIN;WIN_20min_2026_2026.csv;C:\Users\User\projeto_fluxo\TRIN_ROOT\TRIN_HISTORICO\020_20_MIN\win\WIN_20min_2026_2026.csv;2648;21;21/01/2026;05/06/2026;0.484;11/06/2026 23:19:26;a7239d9d35ca96ddf78df2171691319a;ZE_DO_EUCRAZIO;98;WIN,20_MIN,ZE_DO_EUCRAZIO;;;20.0;OK;
WIN_240_MIN_WIN_240min_2026_2026.csv;WIN;ativo;240_MIN;00_DUPLICIDADES_FRACTAIS;WIN_240min_2026_2026.csv;C:\Users\User\projeto_fluxo\TRIN_ROOT\TRIN_HISTORICO\00_DUPLICIDADES_FRACTAIS\0240_240_MIN\win\WIN_240min_2026_2026.csv;275;21;21/01/2026;05/06/2026;0.051;11/06/2026 23:19:35;58b2f4c50836bf7cec84c464f6ea7f5d;ZE_DO_EUCRAZIO;98;WIN,240_MIN,ZE_DO_EUCRAZIO;;;240.0;OK;
WIN_240_MIN_WIN_240min_2026_2026_CANDLES_PARCIAIS.csv;WIN;ativo;240_MIN;00_RELATORIOS;WIN_240min_2026_2026_CANDLES_PARCIAIS.csv;C:\Users\User\projeto_fluxo\TRIN_ROOT\TRIN_HISTORICO\00_RELATORIOS\ze_do_eucrazio\WIN_240min_2026_2026_CANDLES_PARCIAIS.csv;93;21;21/01/2026;05/06/2026;0.017;12/06/2026 21:06:21;0fb03fc3c4192b1ef4d3cdb1eabb0911;ZE_DO_EUCRAZIO;98;WIN,240_MIN,ZE_DO_EUCRAZIO;;;240.0;OK;
WIN_240_MIN_WIN_240min_2026_2026.csv;WIN;ativo;240_MIN;240_240_MIN;WIN_240min_2026_2026.csv;C:\Users\User\projeto_fluxo\TRIN_ROOT\TRIN_HISTORICO\240_240_MIN\win\WIN_240min_2026_2026.csv;275;21;21/01/2026;05/06/2026;0.051;12/06/2026 21:06:21;58b2f4c50836bf7cec84c464f6ea7f5d;ZE_DO_EUCRAZIO;98;WIN,240_MIN,ZE_DO_EUCRAZIO;;;240.0;OK;
WIN_240_MIN_WIN_240min_2026_2026_AUDITOR_SESSOES.csv;WIN;sessao;240_MIN;00_AUDITORIA;WIN_240min_2026_2026_AUDITOR_SESSOES.csv;C:\Users\User\projeto_fluxo\TRIN_ROOT\TRIN_HISTORICO\00_AUDITORIA\ze_do_eucrazio\WIN_240min_2026_2026_AUDITOR_SESSOES.csv;93;7;N/D;N/D;0.004;12/06/2026 21:06:21;4965d70699cb997db89f61440fec0fcd;ZE_DO_EUCRAZIO;70;WIN,240_MIN,ZE_DO_EUCRAZIO,ALERTA;N/D;N/D;N/D;ALERTA;DATA_INVALIDA
WIN_2_MIN_WIN_2min_2026_2026.csv;WIN;WINFUT;2_MIN;002_2_MIN;WIN_2min_2026_2026.csv;C:\Users\User\projeto_fluxo\TRIN_ROOT\TRIN_HISTORICO\002_2_MIN\win\WIN_2min_2026_2026.csv;25801;15;21/01/2026;05/06/2026;2.878;09/06/2026 16:44:46;5a06ce078e3e294feeef3717f636080b;ZE_DO_EUCRAZIO;98;WIN,2_MIN,ZE_DO_EUCRAZIO,MICRO_FRACTAL;275083098203766.53;17449.7;11468909.77;OK;
WIN_30_MIN_WIN_30min_2014_2016.csv;WIN;WINFUT;30_MIN;030_30_MIN;WIN_30min_2014_2016.csv;C:\Users\User\projeto_fluxo\TRIN_ROOT\TRIN_HISTORICO\030_30_MIN\win\WIN_30min_2014_2016.csv;8860;9;02/01/2014;30/12/2015;0.725;07/06/2026 00:26:19;0c113692fc498c458063f99d8ce5ba17;PROFIT;100;WIN,30_MIN,PROFIT;465369032.45;660.3;132809.94;OK;
WIN_30_MIN_WIN_30min_2018_2020.csv;WIN;WINFUT;30_MIN;030_30_MIN;WIN_30min_2018_2020.csv;C:\Users\User\projeto_fluxo\TRIN_ROOT\TRIN_HISTORICO\030_30_MIN\win\WIN_30min_2018_2020.csv;9022;9;02/01/2018;30/12/2019;0.758;07/06/2026 00:31:37;dc05f5e79152dea80a9992c019665ffb;PROFIT;100;WIN,30_MIN,PROFIT;8810453879.91;663.53;165769.7;OK;
WIN_30_MIN_WIN_30min_2020_2022.csv;WIN;WINFUT;30_MIN;030_30_MIN;WIN_30min_2020_2022.csv;C:\Users\User\projeto_fluxo\TRIN_ROOT\TRIN_HISTORICO\030_30_MIN\win\WIN_30min_2020_2022.csv;9081;9;02/01/2020;30/12/2021;0.772;07/06/2026 00:33:11;65f8f9b95e0ca6ed1e8f97c592fe4691;PROFIT;100;WIN,30_MIN,PROFIT;30613842750.28;892.54;181684.02;OK;
WIN_30_MIN_WIN_30min_2026_2026 (2).csv;WIN;WINFUT;30_MIN;030_30_MIN;WIN_30min_2026_2026 (2).csv;C:\Users\User\projeto_fluxo\TRIN_ROOT\TRIN_HISTORICO\030_30_MIN\win\WIN_30min_2026_2026 (2).csv;1987;9;02/01/2026;05/06/2026;0.169;07/06/2026 00:55:47;42895749eead4b4f8e14ad12b66d0d1d;PROFIT;100;WIN,30_MIN,PROFIT;36399337016.47;703.4;186920.58;OK;
WIN_30_MIN_WIN_30min_2022_2024.csv;WIN;WINFUT;30_MIN;030_30_MIN;WIN_30min_2022_2024.csv;C:\Users\User\projeto_fluxo\TRIN_ROOT\TRIN_HISTORICO\030_30_MIN\win\WIN_30min_2022_2024.csv;9119;9;03/01/2022;28/12/2023;0.775;07/06/2026 00:34:47;3970fdc22219fae6c3f4962fc99e18c1;PROFIT;100;WIN,30_MIN,PROFIT;28494976798.42;646.34;163854.11;OK;
WIN_30_MIN_WIN_30min_2016_2018.csv;WIN;WINFUT;30_MIN;030_30_MIN;WIN_30min_2016_2018.csv;C:\Users\User\projeto_fluxo\TRIN_ROOT\TRIN_HISTORICO\030_30_MIN\win\WIN_30min_2016_2018.csv;8646;9;04/01/2016;28/12/2017;0.711;07/06/2026 00:28:45;47c1045a8c1ceb35c2fafa1b9f3dac2e;PROFIT;100;WIN,30_MIN,PROFIT;1267260324.71;532.7;126700.5;OK;
WIN_30_MIN_WIN_30min_2012_2014.csv;WIN;WINFUT;30_MIN;030_30_MIN;WIN_30min_2012_2014.csv;C:\Users\User\projeto_fluxo\TRIN_ROOT\TRIN_HISTORICO\030_30_MIN\win\WIN_30min_2012_2014.csv;6768;9;14/06/2012;30/12/2013;0.551;07/06/2026 00:23:08;14de679946babaaa85d98bbb42459ab0;PROFIT;100;WIN,30_MIN,PROFIT;312583114.47;705.4;154270.39;OK;
WIN_30_MIN_WIN_30min_2026_2026_CANDLES_PARCIAIS.csv;WIN;ativo;30_MIN;00_RELATORIOS;WIN_30min_2026_2026_CANDLES_PARCIAIS.csv;C:\Users\User\projeto_fluxo\TRIN_ROOT\TRIN_HISTORICO\00_RELATORIOS\ze_do_eucrazio\WIN_30min_2026_2026_CANDLES_PARCIAIS.csv;93;21;21/01/2026;05/06/2026;0.017;11/06/2026 23:19:29;bb5b77d51e0de5e6ecac43b482d46c2d;ZE_DO_EUCRAZIO;98;WIN,30_MIN,ZE_DO_EUCRAZIO;;;30.0;OK;
WIN_30_MIN_WIN_30min_2026_2026.csv;WIN;ativo;30_MIN;030_30_MIN;WIN_30min_2026_2026.csv;C:\Users\User\projeto_fluxo\TRIN_ROOT\TRIN_HISTORICO\030_30_MIN\win\WIN_30min_2026_2026.csv;1736;21;21/01/2026;05/06/2026;0.318;11/06/2026 23:19:29;fcd04a4d8e176568c4b91405155199c8;PROFIT;100;WIN,30_MIN,PROFIT;;;30.0;OK;
WIN_3_MIN_WIN_3min_2026_2026.csv;WIN;WINFUT;3_MIN;003_3_MIN;WIN_3min_2026_2026.csv;C:\Users\User\projeto_fluxo\TRIN_ROOT\TRIN_HISTORICO\003_3_MIN\win\WIN_3min_2026_2026.csv;17232;15;21/01/2026;05/06/2026;1.927;09/06/2026 16:44:46;7a13e339673caf97b5a19ca1e8042324;ZE_DO_EUCRAZIO;98;WIN,3_MIN,ZE_DO_EUCRAZIO,MICRO_FRACTAL;112737897011573.3;16877.49;11491587.44;OK;
WIN_45_MIN_WIN_45min_2026_2026_CANDLES_PARCIAIS.csv;WIN;ativo;45_MIN;00_RELATORIOS;WIN_45min_2026_2026_CANDLES_PARCIAIS.csv;C:\Users\User\projeto_fluxo\TRIN_ROOT\TRIN_HISTORICO\00_RELATORIOS\ze_do_eucrazio\WIN_45min_2026_2026_CANDLES_PARCIAIS.csv;93;21;21/01/2026;05/06/2026;0.017;11/06/2026 23:19:31;33822ebeb23b1fad3326d8653f5e5806;ZE_DO_EUCRAZIO;98;WIN,45_MIN,ZE_DO_EUCRAZIO;;;45.0;OK;
WIN_45_MIN_WIN_45min_2026_2026.csv;WIN;ativo;45_MIN;045_45_MIN;WIN_45min_2026_2026.csv;C:\Users\User\projeto_fluxo\TRIN_ROOT\TRIN_HISTORICO\045_45_MIN\win\WIN_45min_2026_2026.csv;1188;21;21/01/2026;05/06/2026;0.218;11/06/2026 23:19:31;fa865f2ab596331501d1edaf5636a3fc;ZE_DO_EUCRAZIO;98;WIN,45_MIN,ZE_DO_EUCRAZIO;;;45.0;OK;
WIN_4_MIN_WIN_4min_2026_2026.csv;WIN;ativo;4_MIN;004_4_MIN;WIN_4min_2026_2026.csv;C:\Users\User\projeto_fluxo\TRIN_ROOT\TRIN_HISTORICO\004_4_MIN\win\WIN_4min_2026_2026.csv;12930;21;21/01/2026;05/06/2026;2.316;11/06/2026 23:18:11;f7fa3fc16a5ffde4a15f750287e6490e;ZE_DO_EUCRAZIO;98;WIN,4_MIN,ZE_DO_EUCRAZIO;;;4.0;OK;
WIN_4_MIN_WIN_4min_2026_2026_CANDLES_PARCIAIS.csv;WIN;ativo;4_MIN;00_RELATORIOS;WIN_4min_2026_2026_CANDLES_PARCIAIS.csv;C:\Users\User\projeto_fluxo\TRIN_ROOT\TRIN_HISTORICO\00_RELATORIOS\ze_do_eucrazio\WIN_4min_2026_2026_CANDLES_PARCIAIS.csv;92;21;21/01/2026;05/06/2026;0.016;11/06/2026 23:18:11;e8588297d08d674a9af5692977521d4a;ZE_DO_EUCRAZIO;98;WIN,4_MIN,ZE_DO_EUCRAZIO;;;4.0;OK;
WIN_5_MIN_WIN_5min_2024_2025.csv;WIN;WINFUT;5_MIN;005_5_MIN;WIN_5min_2024_2025.csv;C:\Users\User\projeto_fluxo\TRIN_ROOT\TRIN_HISTORICO\005_5_MIN\win\WIN_5min_2024_2025.csv;28314;9;02/01/2024;30/12/2024;2.366;07/06/2026 01:37:19;0ca51e38eecf333a6de5ff4c245936c0;PROFIT;100;WIN,5_MIN,PROFIT;4466090425.32;169.99;160398.51;OK;
WIN_5_MIN_WIN_5min_2025_2026.csv;WIN;WINFUT;5_MIN;005_5_MIN;WIN_5min_2025_2026.csv;C:\Users\User\projeto_fluxo\TRIN_ROOT\TRIN_HISTORICO\005_5_MIN\win\WIN_5min_2025_2026.csv;28176;9;02/01/2025;30/12/2025;2.351;07/06/2026 01:40:29;d195ee6b104867122b895b65b35f411b;PROFIT;100;WIN,5_MIN,PROFIT;3989203651.19;185.12;155287.87;OK;
WIN_5_MIN_WIN_5min_2026_2026 (2).csv;WIN;WINFUT;5_MIN;005_5_MIN;WIN_5min_2026_2026 (2).csv;C:\Users\User\projeto_fluxo\TRIN_ROOT\TRIN_HISTORICO\005_5_MIN\win\WIN_5min_2026_2026 (2).csv;11817;9;02/01/2026;05/06/2026;0.99;07/06/2026 01:42:12;3ae7779d2b2447c005642b5f715fe4bd;PROFIT;100;WIN,5_MIN,PROFIT;6120460578.11;285.85;186922.6;OK;
WIN_5_MIN_WIN_5min_2026_2026.csv;WIN;ativo;5_MIN;005_5_MIN;WIN_5min_2026_2026.csv;C:\Users\User\projeto_fluxo\TRIN_ROOT\TRIN_HISTORICO\005_5_MIN\win\WIN_5min_2026_2026.csv;10316;21;21/01/2026;05/06/2026;1.851;11/06/2026 23:18:26;01b8c5d641c8232d708a0122e7c4e38e;PROFIT;100;WIN,5_MIN,PROFIT;;;5.0;OK;
WIN_5_MIN_WIN_5min_2026_2026_CANDLES_PARCIAIS.csv;WIN;ativo;5_MIN;00_RELATORIOS;WIN_5min_2026_2026_CANDLES_PARCIAIS.csv;C:\Users\User\projeto_fluxo\TRIN_ROOT\TRIN_HISTORICO\00_RELATORIOS\ze_do_eucrazio\WIN_5min_2026_2026_CANDLES_PARCIAIS.csv;35;21;21/01/2026;03/06/2026;0.006;11/06/2026 23:18:26;4ad545d1c8c23201326b3eeb728d3ad6;ZE_DO_EUCRAZIO;98;WIN,5_MIN,ZE_DO_EUCRAZIO;;;5.0;OK;
WIN_5_MIN_WIN_5min_2023_2024.csv;WIN;WINFUT;5_MIN;005_5_MIN;WIN_5min_2023_2024.csv;C:\Users\User\projeto_fluxo\TRIN_ROOT\TRIN_HISTORICO\005_5_MIN\win\WIN_5min_2023_2024.csv;9612;9;22/08/2023;28/12/2023;0.804;07/06/2026 01:35:25;b380d0f52c9a594338d794084e47ee8c;PROFIT;100;WIN,5_MIN,PROFIT;4622854785.45;188.69;161143.92;OK;
WIN_60_MIN_WIN_60min_2014_2016.csv;WIN;WINFUT;60_MIN;060_60_MIN;WIN_60min_2014_2016.csv;C:\Users\User\projeto_fluxo\TRIN_ROOT\TRIN_HISTORICO\060_60_MIN\win\WIN_60min_2014_2016.csv;4435;9;02/01/2014;30/12/2015;0.365;07/06/2026 00:05:02;bcbe345ed5f77763e5bd6bc9c42fee2f;PROFIT;100;WIN,60_MIN,PROFIT;929688754.8;942.14;132794.51;OK;
WIN_60_MIN_WIN_60min_2018_2020.csv;WIN;WINFUT;60_MIN;060_60_MIN;WIN_60min_2018_2020.csv;C:\Users\User\projeto_fluxo\TRIN_ROOT\TRIN_HISTORICO\060_60_MIN\win\WIN_60min_2018_2020.csv;4593;9;02/01/2018;30/12/2019;0.388;07/06/2026 00:01:49;d96e7983cb06cdfe281630491f91f011;PROFIT;100;WIN,60_MIN,PROFIT;17306317201.06;929.25;165855.38;OK;
WIN_60_MIN_WIN_60min_2020_2022.csv;WIN;WINFUT;60_MIN;060_60_MIN;WIN_60min_2020_2022.csv;C:\Users\User\projeto_fluxo\TRIN_ROOT\TRIN_HISTORICO\060_60_MIN\win\WIN_60min_2020_2022.csv;4625;9;02/01/2020;30/12/2021;0.395;07/06/2026 00:09:28;7ccad5263b4c0e5d8f4a33006b868ec0;PROFIT;100;WIN,60_MIN,PROFIT;60109039138.37;1250.97;181823.75;OK;
WIN_60_MIN_WIN_60min_2024_2026.csv;WIN;WINFUT;60_MIN;060_60_MIN;WIN_60min_2024_2026.csv;C:\Users\User\projeto_fluxo\TRIN_ROOT\TRIN_HISTORICO\060_60_MIN\win\WIN_60min_2024_2026.csv;5002;9;02/01/2024;30/12/2025;0.427;07/06/2026 00:12:58;9592454a53043940f7fe527338a0b4d8;PROFIT;100;WIN,60_MIN,PROFIT;47751436700.95;594.95;157847.22;OK;
WIN_60_MIN_WIN_60min_2026_2026 (2).csv;WIN;WINFUT;60_MIN;060_60_MIN;WIN_60min_2026_2026 (2).csv;C:\Users\User\projeto_fluxo\TRIN_ROOT\TRIN_HISTORICO\060_60_MIN\win\WIN_60min_2026_2026 (2).csv;1046;9;02/01/2026;05/06/2026;0.089;07/06/2026 00:14:34;52fd42a3f4b65b6a34b00f3122ebbc08;PROFIT;100;WIN,60_MIN,PROFIT;69144820890.1;962.43;186923.42;OK;
WIN_60_MIN_WIN_60min_2022_2024.csv;WIN;WINFUT;60_MIN;060_60_MIN;WIN_60min_2022_2024.csv;C:\Users\User\projeto_fluxo\TRIN_ROOT\TRIN_HISTORICO\060_60_MIN\win\WIN_60min_2022_2024.csv;4645;9;03/01/2022;28/12/2023;0.397;07/06/2026 00:11:08;b34f7ff029ce5fe25ed5b7a7abb1a196;PROFIT;100;WIN,60_MIN,PROFIT;55940945839.5;910.56;163899.16;OK;
WIN_60_MIN_WIN_60min_2016_2018.csv;WIN;WINFUT;60_MIN;060_60_MIN;WIN_60min_2016_2018.csv;C:\Users\User\projeto_fluxo\TRIN_ROOT\TRIN_HISTORICO\060_60_MIN\win\WIN_60min_2016_2018.csv;4415;9;04/01/2016;28/12/2017;0.365;07/06/2026 00:06:34;8a22aee84cec4841b3649bb448e4273b;PROFIT;100;WIN,60_MIN,PROFIT;2481706176.11;745.89;126699.65;OK;
WIN_60_MIN_WIN_60min_2012_2014.csv;WIN;WINFUT;60_MIN;060_60_MIN;WIN_60min_2012_2014.csv;C:\Users\User\projeto_fluxo\TRIN_ROOT\TRIN_HISTORICO\060_60_MIN\win\WIN_60min_2012_2014.csv;3784;9;18/04/2012;30/12/2013;0.31;07/06/2026 00:04:03;4cc2af69726e0a0547fcbd982169fb9d;PROFIT;100;WIN,60_MIN,PROFIT;617526150.44;1017.12;155679.46;OK;
WIN_60_MIN_WIN_60min_2026_2026_CANDLES_PARCIAIS.csv;WIN;ativo;60_MIN;00_RELATORIOS;WIN_60min_2026_2026_CANDLES_PARCIAIS.csv;C:\Users\User\projeto_fluxo\TRIN_ROOT\TRIN_HISTORICO\00_RELATORIOS\ze_do_eucrazio\WIN_60min_2026_2026_CANDLES_PARCIAIS.csv;93;21;21/01/2026;05/06/2026;0.017;11/06/2026 23:19:32;4ae9ae79e643dc43fd017299f3343d21;ZE_DO_EUCRAZIO;98;WIN,60_MIN,ZE_DO_EUCRAZIO;;;60.0;OK;
WIN_60_MIN_WIN_60min_2026_2026.csv;WIN;ativo;60_MIN;060_60_MIN;WIN_60min_2026_2026.csv;C:\Users\User\projeto_fluxo\TRIN_ROOT\TRIN_HISTORICO\060_60_MIN\win\WIN_60min_2026_2026.csv;914;21;21/01/2026;05/06/2026;0.168;11/06/2026 23:19:32;845f027af8d565bb581f0ce252f7fd27;PROFIT;100;WIN,60_MIN,PROFIT;;;60.0;OK;
WIN_6_MIN_WIN_6min_2026_2026.csv;WIN;ativo;6_MIN;006_6_MIN;WIN_6min_2026_2026.csv;C:\Users\User\projeto_fluxo\TRIN_ROOT\TRIN_HISTORICO\006_6_MIN\win\WIN_6min_2026_2026.csv;8640;21;21/01/2026;05/06/2026;1.552;11/06/2026 23:18:38;43a4775f679f8dd1c665872311d4cf8c;ZE_DO_EUCRAZIO;98;WIN,6_MIN,ZE_DO_EUCRAZIO;;;6.0;OK;
WIN_6_MIN_WIN_6min_2026_2026_CANDLES_PARCIAIS.csv;WIN;ativo;6_MIN;00_RELATORIOS;WIN_6min_2026_2026_CANDLES_PARCIAIS.csv;C:\Users\User\projeto_fluxo\TRIN_ROOT\TRIN_HISTORICO\00_RELATORIOS\ze_do_eucrazio\WIN_6min_2026_2026_CANDLES_PARCIAIS.csv;92;21;21/01/2026;05/06/2026;0.016;11/06/2026 23:18:38;aae6920a5d25b75f0deee4c4c104ae36;ZE_DO_EUCRAZIO;98;WIN,6_MIN,ZE_DO_EUCRAZIO;;;6.0;OK;
WIN_7_MIN_WIN_7min_2026_2026.csv;WIN;ativo;7_MIN;007_7_MIN;WIN_7min_2026_2026.csv;C:\Users\User\projeto_fluxo\TRIN_ROOT\TRIN_HISTORICO\007_7_MIN\win\WIN_7min_2026_2026.csv;7395;21;21/01/2026;05/06/2026;1.33;12/06/2026 21:59:29;319e3ac4251bb8c373f41628533f2883;ZE_DO_EUCRAZIO;98;WIN,7_MIN,ZE_DO_EUCRAZIO;;;7.0;OK;
WIN_7_MIN_WIN_7min_2026_2026_CANDLES_PARCIAIS.csv;WIN;ativo;7_MIN;00_RELATORIOS;WIN_7min_2026_2026_CANDLES_PARCIAIS.csv;C:\Users\User\projeto_fluxo\TRIN_ROOT\TRIN_HISTORICO\00_RELATORIOS\ze_do_eucrazio\WIN_7min_2026_2026_CANDLES_PARCIAIS.csv;92;21;22/01/2026;05/06/2026;0.016;12/06/2026 21:59:29;5b8f2239f0a1ec748aee0711ec01e5d9;ZE_DO_EUCRAZIO;98;WIN,7_MIN,ZE_DO_EUCRAZIO;;;7.0;OK;
WIN_7_MIN_WIN_7min_2026_2026_AUDITOR_SESSOES.csv;WIN;sessao;7_MIN;00_AUDITORIA;WIN_7min_2026_2026_AUDITOR_SESSOES.csv;C:\Users\User\projeto_fluxo\TRIN_ROOT\TRIN_HISTORICO\00_AUDITORIA\ze_do_eucrazio\WIN_7min_2026_2026_AUDITOR_SESSOES.csv;93;7;N/D;N/D;0.004;12/06/2026 21:59:29;9b1ee05f361eaa6251ac99ea85b4d01d;ZE_DO_EUCRAZIO;70;WIN,7_MIN,ZE_DO_EUCRAZIO,ALERTA;N/D;N/D;N/D;ALERTA;DATA_INVALIDA
WIN_8_MIN_WIN_8min_2026_2026.csv;WIN;ativo;8_MIN;008_8_MIN;WIN_8min_2026_2026.csv;C:\Users\User\projeto_fluxo\TRIN_ROOT\TRIN_HISTORICO\008_8_MIN\win\WIN_8min_2026_2026.csv;6482;21;21/01/2026;05/06/2026;1.166;11/06/2026 23:18:58;d6434d77d60ba8a68b2feb2076bb5200;ZE_DO_EUCRAZIO;98;WIN,8_MIN,ZE_DO_EUCRAZIO;;;8.0;OK;
WIN_8_MIN_WIN_8min_2026_2026_CANDLES_PARCIAIS.csv;WIN;ativo;8_MIN;00_RELATORIOS;WIN_8min_2026_2026_CANDLES_PARCIAIS.csv;C:\Users\User\projeto_fluxo\TRIN_ROOT\TRIN_HISTORICO\00_RELATORIOS\ze_do_eucrazio\WIN_8min_2026_2026_CANDLES_PARCIAIS.csv;93;21;21/01/2026;05/06/2026;0.017;11/06/2026 23:18:58;84a49c2e5c4f9b044b09761e4009109a;ZE_DO_EUCRAZIO;98;WIN,8_MIN,ZE_DO_EUCRAZIO;;;8.0;OK;
WIN_90_MIN_WIN_90min_2026_2026_CANDLES_PARCIAIS.csv;WIN;ativo;90_MIN;00_RELATORIOS;WIN_90min_2026_2026_CANDLES_PARCIAIS.csv;C:\Users\User\projeto_fluxo\TRIN_ROOT\TRIN_HISTORICO\00_RELATORIOS\ze_do_eucrazio\WIN_90min_2026_2026_CANDLES_PARCIAIS.csv;93;21;21/01/2026;05/06/2026;0.017;11/06/2026 23:19:33;b612eafa97763da31573167c9185d13b;ZE_DO_EUCRAZIO;98;WIN,90_MIN,ZE_DO_EUCRAZIO;;;90.0;OK;
WIN_90_MIN_WIN_90min_2026_2026.csv;WIN;ativo;90_MIN;090_90_MIN;WIN_90min_2026_2026.csv;C:\Users\User\projeto_fluxo\TRIN_ROOT\TRIN_HISTORICO\090_90_MIN\win\WIN_90min_2026_2026.csv;640;21;21/01/2026;05/06/2026;0.118;11/06/2026 23:19:33;7b5ccd4f3a404cf391b8ac07b249d720;ZE_DO_EUCRAZIO;98;WIN,90_MIN,ZE_DO_EUCRAZIO;;;90.0;OK;
WIN_9_MIN_WIN_9min_2026_2026.csv;WIN;ativo;9_MIN;009_9_MIN;WIN_9min_2026_2026.csv;C:\Users\User\projeto_fluxo\TRIN_ROOT\TRIN_HISTORICO\009_9_MIN\win\WIN_9min_2026_2026.csv;5753;21;21/01/2026;05/06/2026;1.036;11/06/2026 23:19:06;0f8909445cba0ad30eb6f5f92e45d500;ZE_DO_EUCRAZIO;98;WIN,9_MIN,ZE_DO_EUCRAZIO;;;9.0;OK;
WIN_9_MIN_WIN_9min_2026_2026_CANDLES_PARCIAIS.csv;WIN;ativo;9_MIN;00_RELATORIOS;WIN_9min_2026_2026_CANDLES_PARCIAIS.csv;C:\Users\User\projeto_fluxo\TRIN_ROOT\TRIN_HISTORICO\00_RELATORIOS\ze_do_eucrazio\WIN_9min_2026_2026_CANDLES_PARCIAIS.csv;93;21;21/01/2026;05/06/2026;0.017;11/06/2026 23:19:06;ed8ae168cee0e040f71361e024cf05c5;ZE_DO_EUCRAZIO;98;WIN,9_MIN,ZE_DO_EUCRAZIO;;;9.0;OK;
WIN_DIARIO_WIN_DIARIO_2007_2008.csv;WIN;WINFUT;DIARIO;120_120_MIN;WIN_DIARIO_2007_2008.csv;C:\Users\User\projeto_fluxo\TRIN_ROOT\TRIN_HISTORICO\120_120_MIN\D01_DIARIO\win\WIN_DIARIO_2007_2008.csv;245;8;02/01/2007;28/12/2007;0.018;06/06/2026 16:51:06;cba238377a4680f263410ec4c6b55fb4;ZE_DO_EUCRAZIO;98;WIN,DIARIO,ZE_DO_EUCRAZIO,MACRO_FRACTAL;43050.31;-2797.14;1969326675.31;OK;
WIN_DIARIO_WIN_DIARIO_2008_2009.csv;WIN;WINFUT;DIARIO;120_120_MIN;WIN_DIARIO_2008_2009.csv;C:\Users\User\projeto_fluxo\TRIN_ROOT\TRIN_HISTORICO\120_120_MIN\D01_DIARIO\win\WIN_DIARIO_2008_2009.csv;249;8;02/01/2008;30/12/2008;0.019;06/06/2026 16:54:16;a02e3311d2426efe8a3c813b7bdc61e4;ZE_DO_EUCRAZIO;98;WIN,DIARIO,ZE_DO_EUCRAZIO,MACRO_FRACTAL;39328.78;-3820.57;1784759438.41;OK;
WIN_DIARIO_WIN_DIARIO_2009_2010.csv;WIN;WINFUT;DIARIO;120_120_MIN;WIN_DIARIO_2009_2010.csv;C:\Users\User\projeto_fluxo\TRIN_ROOT\TRIN_HISTORICO\120_120_MIN\D01_DIARIO\win\WIN_DIARIO_2009_2010.csv;493;8;02/01/2009;30/12/2010;0.037;06/06/2026 22:07:38;999969f8e0ec9a63bc4ebd81a3e4abb2;ZE_DO_EUCRAZIO;98;WIN,DIARIO,ZE_DO_EUCRAZIO,MACRO_FRACTAL;58450.92;-2393.36;2508109707.77;OK;
WIN_DIARIO_WIN_DIARIO_2013_2015.csv;WIN;WINFUT;DIARIO;120_120_MIN;WIN_DIARIO_2013_2015.csv;C:\Users\User\projeto_fluxo\TRIN_ROOT\TRIN_HISTORICO\120_120_MIN\D01_DIARIO\win\WIN_DIARIO_2013_2015.csv;496;8;02/01/2013;30/12/2014;0.037;06/06/2026 22:23:37;d4bce5c3d763fe42bd910548d3888c0f;ZE_DO_EUCRAZIO;98;WIN,DIARIO,ZE_DO_EUCRAZIO,MACRO_FRACTAL;239170.28;-1503.07;6933397417.46;OK;
WIN_DIARIO_WIN_DIARIO_2015_2017.csv;WIN;WINFUT;DIARIO;120_120_MIN;WIN_DIARIO_2015_2017.csv;C:\Users\User\projeto_fluxo\TRIN_ROOT\TRIN_HISTORICO\120_120_MIN\D01_DIARIO\win\WIN_DIARIO_2015_2017.csv;495;8;02/01/2015;29/12/2016;0.037;06/06/2026 22:28:14;d15b24fe8913931f259cb3ed762ddf48;ZE_DO_EUCRAZIO;98;WIN,DIARIO,ZE_DO_EUCRAZIO,MACRO_FRACTAL;484395.26;-1357.6;11689963477.68;OK;
WIN_DIARIO_WIN_DIARIO_2017_2019.csv;WIN;WDOFUT;DIARIO;120_120_MIN;WIN_DIARIO_2017_2019.csv;C:\Users\User\projeto_fluxo\TRIN_ROOT\TRIN_HISTORICO\120_120_MIN\D01_DIARIO\wdo\WIN_DIARIO_2017_2019.csv;491;8;02/01/2017;28/12/2018;0.034;06/06/2026 22:31:17;285ebf14d72244c8a588afb7354144e1;ZE_DO_EUCRAZIO;98;WIN,DIARIO,ZE_DO_EUCRAZIO,MACRO_FRACTAL;838291.86;-30.64;42980006130.09;OK;
WIN_DIARIO_WIN_DIARIO_2019_2020.csv;WIN;WINFUT;DIARIO;120_120_MIN;WIN_DIARIO_2019_2020.csv;C:\Users\User\projeto_fluxo\TRIN_ROOT\TRIN_HISTORICO\120_120_MIN\D01_DIARIO\win\WIN_DIARIO_2019_2020.csv;248;8;02/01/2019;30/12/2019;0.019;06/06/2026 22:33:08;ffeb31a16ade988153ac76cd79902db1;ZE_DO_EUCRAZIO;98;WIN,DIARIO,ZE_DO_EUCRAZIO,MACRO_FRACTAL;6501449.95;-1519.71;232055921323.79;OK;
WIN_DIARIO_WIN_DIARIO_2020_2022.csv;WIN;WINFUT;DIARIO;120_120_MIN;WIN_DIARIO_2020_2022.csv;C:\Users\User\projeto_fluxo\TRIN_ROOT\TRIN_HISTORICO\120_120_MIN\D01_DIARIO\win\WIN_DIARIO_2020_2022.csv;496;8;02/01/2020;30/12/2021;0.039;06/06/2026 22:34:35;4a884bd9117cd895b10dd997cf2aad05;ZE_DO_EUCRAZIO;98;WIN,DIARIO,ZE_DO_EUCRAZIO,MACRO_FRACTAL;15158066.11;-1992.14;559736021166.1;OK;
WIN_DIARIO_WIN_DIARIO_2024_2026.csv;WIN;WINFUT;DIARIO;120_120_MIN;WIN_DIARIO_2024_2026.csv;C:\Users\User\projeto_fluxo\TRIN_ROOT\TRIN_HISTORICO\120_120_MIN\D01_DIARIO\win\WIN_DIARIO_2024_2026.csv;501;8;02/01/2024;30/12/2025;0.039;06/06/2026 22:38:41;6f196639cd96bc62d7d3d28bc6c3d5fb;ZE_DO_EUCRAZIO;98;WIN,DIARIO,ZE_DO_EUCRAZIO,MACRO_FRACTAL;15070177.6;-1047.69;476751372540.12;OK;
WIN_DIARIO_WIN_DIARIO_2026_2026.csv;WIN;WINM26;DIARIO;120_120_MIN;WIN_DIARIO_2026_2026.csv;C:\Users\User\projeto_fluxo\TRIN_ROOT\TRIN_HISTORICO\120_120_MIN\D01_DIARIO\win\WIN_DIARIO_2026_2026.csv;105;8;02/01/2026;05/06/2026;0.008;06/06/2026 23:00:53;5986ae84ff148c186d2788e6199fd87f;ZE_DO_EUCRAZIO;98;WIN,DIARIO,ZE_DO_EUCRAZIO,MACRO_FRACTAL;5795504.85;-1497.33;214331895637.28;OK;
WIN_DIARIO_WIN_DIARIO_2011_2013.csv;WIN;WINFUT;DIARIO;120_120_MIN;WIN_DIARIO_2011_2013.csv;C:\Users\User\projeto_fluxo\TRIN_ROOT\TRIN_HISTORICO\120_120_MIN\D01_DIARIO\win\WIN_DIARIO_2011_2013.csv;495;8;03/01/2011;28/12/2012;0.037;06/06/2026 22:13:58;75171cacd2ebda9d3f2386617b5c293b;ZE_DO_EUCRAZIO;98;WIN,DIARIO,ZE_DO_EUCRAZIO,MACRO_FRACTAL;130475.01;-1811.68;4598278589.28;OK;
WIN_DIARIO_WIN_DIARIO_2022_2024.csv;WIN;WINFUT;DIARIO;120_120_MIN;WIN_DIARIO_2022_2024.csv;C:\Users\User\projeto_fluxo\TRIN_ROOT\TRIN_HISTORICO\120_120_MIN\D01_DIARIO\win\WIN_DIARIO_2022_2024.csv;498;8;03/01/2022;28/12/2023;0.039;06/06/2026 22:36:12;266adb4411cb3da6ab8fd0b62d8b68fd;ZE_DO_EUCRAZIO;98;WIN,DIARIO,ZE_DO_EUCRAZIO,MACRO_FRACTAL;15920611.48;-1535.28;521778470782.33;OK;
WIN_DIARIO_WIN_DIARIO_2010_2011.csv;WIN;WINFUT;DIARIO;120_120_MIN;WIN_DIARIO_2010_2011.csv;C:\Users\User\projeto_fluxo\TRIN_ROOT\TRIN_HISTORICO\120_120_MIN\D01_DIARIO\win\WIN_DIARIO_2010_2011.csv;247;8;04/01/2010;30/12/2010;0.018;06/06/2026 22:52:06;4a1e6100cc7a132ecf47369c700044c3;ZE_DO_EUCRAZIO;98;WIN,DIARIO,ZE_DO_EUCRAZIO,MACRO_FRACTAL;67147.77;-2068.62;3071634360.32;OK;
WIN_DIARIO_WIN_DIARIO_2005_2006.csv;WIN;WINFUT;DIARIO;120_120_MIN;WIN_DIARIO_2005_2006.csv;C:\Users\User\projeto_fluxo\TRIN_ROOT\TRIN_HISTORICO\120_120_MIN\D01_DIARIO\win\WIN_DIARIO_2005_2006.csv;404;8;17/05/2005;28/12/2006;0.029;06/06/2026 16:37:48;7703879d5537c0070b65bdd1b6c2370d;ZE_DO_EUCRAZIO;98;WIN,DIARIO,ZE_DO_EUCRAZIO,MACRO_FRACTAL;9646.3;-1876.56;382529742.73;OK;
WIN_SEMANAL_WIN_SEMANAL_2007_2009.csv;WIN;WINFUT;SEMANAL;S01_SEMANAL;WIN_SEMANAL_2007_2009.csv;C:\Users\User\projeto_fluxo\TRIN_ROOT\TRIN_HISTORICO\S01_SEMANAL\win\WIN_SEMANAL_2007_2009.csv;105;8;02/01/2007;29/12/2008;0.008;06/06/2026 15:22:38;5cb5414a16f805f236e75abdbf4e4c4c;PROFIT;100;WIN,SEMANAL,PROFIT,MACRO_FRACTAL;193827.67;-2043.52;2088802431.49;OK;
WIN_SEMANAL_WIN_SEMANAL_2013_2015.csv;WIN;WINFUT;SEMANAL;S01_SEMANAL;WIN_SEMANAL_2013_2015.csv;C:\Users\User\projeto_fluxo\TRIN_ROOT\TRIN_HISTORICO\S01_SEMANAL\win\WIN_SEMANAL_2013_2015.csv;105;8;02/01/2013;29/12/2014;0.008;06/06/2026 15:33:04;64112be89c3c1da6021b16641990668b;PROFIT;100;WIN,SEMANAL,PROFIT,MACRO_FRACTAL;1132520.68;-1273.14;12079119719.29;OK;
WIN_SEMANAL_WIN_SEMANAL_2017_2019.csv;WIN;WINFUT;SEMANAL;S01_SEMANAL;WIN_SEMANAL_2017_2019.csv;C:\Users\User\projeto_fluxo\TRIN_ROOT\TRIN_HISTORICO\S01_SEMANAL\win\WIN_SEMANAL_2017_2019.csv;104;8;02/01/2017;26/12/2018;0.008;06/06/2026 15:40:10;a54e58681605417ae6a54fe6c9c98795;PROFIT;100;WIN,SEMANAL,PROFIT,MACRO_FRACTAL;9566166.0;-1805.72;150814352711.44;OK;
WIN_SEMANAL_WIN_SEMANAL_2018_2020.csv;WIN;WINFUT;SEMANAL;S01_SEMANAL;WIN_SEMANAL_2018_2020.csv;C:\Users\User\projeto_fluxo\TRIN_ROOT\TRIN_HISTORICO\S01_SEMANAL\win\WIN_SEMANAL_2018_2020.csv;53;8;02/01/2019;30/12/2019;0.004;06/06/2026 15:43:43;020b5783bf0ad56c4fe94f35ef800961;PROFIT;100;WIN,SEMANAL,PROFIT,MACRO_FRACTAL;30734154.4;-2364.25;623698320641.51;OK;
WIN_SEMANAL_WIN_SEMANAL_2024_2026.csv;WIN;WINFUT;SEMANAL;S01_SEMANAL;WIN_SEMANAL_2024_2026.csv;C:\Users\User\projeto_fluxo\TRIN_ROOT\TRIN_HISTORICO\S01_SEMANAL\win\WIN_SEMANAL_2024_2026.csv;105;8;02/01/2024;29/12/2025;0.008;06/06/2026 15:52:38;a7357e6d18b6b371086e8f1e9137ce2b;PROFIT;100;WIN,SEMANAL,PROFIT,MACRO_FRACTAL;72037817.33;-2075.62;1938842806575.24;OK;
WIN_SEMANAL_WIN_SEMANAL_2011_2013.csv;WIN;WINFUT;SEMANAL;S01_SEMANAL;WIN_SEMANAL_2011_2013.csv;C:\Users\User\projeto_fluxo\TRIN_ROOT\TRIN_HISTORICO\S01_SEMANAL\win\WIN_SEMANAL_2011_2013.csv;104;8;03/01/2011;26/12/2012;0.007;06/06/2026 15:30:33;fd4ca7c85973d8d5dc81033fe3d5686c;PROFIT;100;WIN,SEMANAL,PROFIT,MACRO_FRACTAL;621010.85;-1482.79;7406358190.91;OK;
WIN_SEMANAL_WIN_SEMANAL_2022_2024.csv;WIN;WINFUT;SEMANAL;S01_SEMANAL;WIN_SEMANAL_2022_2024.csv;C:\Users\User\projeto_fluxo\TRIN_ROOT\TRIN_HISTORICO\S01_SEMANAL\win\WIN_SEMANAL_2022_2024.csv;104;8;03/01/2022;26/12/2023;0.008;06/06/2026 15:49:23;652d1e2b4c4c57692b409ffdd057bf05;PROFIT;100;WIN,SEMANAL,PROFIT,MACRO_FRACTAL;76235235.76;-2642.16;1718399292974.04;OK;
WIN_SEMANAL_WIN_SEMANAL_2009_2011.csv;WIN;WINFUT;SEMANAL;S01_SEMANAL;WIN_SEMANAL_2009_2011.csv;C:\Users\User\projeto_fluxo\TRIN_ROOT\TRIN_HISTORICO\S01_SEMANAL\win\WIN_SEMANAL_2009_2011.csv;104;8;05/01/2009;27/12/2010;0.007;06/06/2026 15:26:10;109f65a0c78e42b77ba93fff0894d438;PROFIT;100;WIN,SEMANAL,PROFIT,MACRO_FRACTAL;276967.23;-1649.62;3406205631.3;OK;
WIN_SEMANAL_WIN_SEMANAL_2015_2017.csv;WIN;WINFUT;SEMANAL;S01_SEMANAL;WIN_SEMANAL_2015_2017.csv;C:\Users\User\projeto_fluxo\TRIN_ROOT\TRIN_HISTORICO\S01_SEMANAL\win\WIN_SEMANAL_2015_2017.csv;104;8;05/01/2015;26/12/2016;0.008;06/06/2026 15:36:14;0186983c036143c7a91dc16205bb1217;PROFIT;100;WIN,SEMANAL,PROFIT,MACRO_FRACTAL;2302783.06;-1409.86;24526779967.38;OK;
WIN_SEMANAL_WIN_SEMANAL_2026_2026.csv;WIN;WINFUT;SEMANAL;S01_SEMANAL;WIN_SEMANAL_2026_2026.csv;C:\Users\User\projeto_fluxo\TRIN_ROOT\TRIN_HISTORICO\S01_SEMANAL\win\WIN_SEMANAL_2026_2026.csv;22;8;05/01/2026;01/06/2026;0.002;06/06/2026 15:54:50;2cdbe26a070789a944fbb15a7dcd422c;PROFIT;100;WIN,SEMANAL,PROFIT,MACRO_FRACTAL;87197985.32;-3625.0;3201518247772.73;OK;
WIN_SEMANAL_WIN_SEMANAL_2020_2022.csv;WIN;WINFUT;SEMANAL;S01_SEMANAL;WIN_SEMANAL_2020_2022.csv;C:\Users\User\projeto_fluxo\TRIN_ROOT\TRIN_HISTORICO\S01_SEMANAL\win\WIN_SEMANAL_2020_2022.csv;104;8;06/01/2020;27/12/2021;0.008;06/06/2026 15:46:24;a1e5e7cbf1ee5367baa7791f201959ab;PROFIT;100;WIN,SEMANAL,PROFIT,MACRO_FRACTAL;72133174.95;-2646.3;1590009266239.42;OK;
WIN_SEMANAL_WINFUT_F_0_Semanal.csv;WIN;WINFUT;SEMANAL;M01_MENSAL;WINFUT_F_0_Semanal.csv;C:\Users\User\projeto_fluxo\TRIN_ROOT\TRIN_HISTORICO\M01_MENSAL\WINFUT_F_0_Semanal.csv;85;8;17/05/2005;26/12/2006;0.006;06/06/2026 15:02:45;67c73f0bba945e363f81c8e4147a2cd5;PROFIT;100;WIN,SEMANAL,PROFIT,MACRO_FRACTAL;45848.31;-1067.76;385943838.95;OK;
WIN_SEMANAL_WIN_Semanal_2005_2007.csv;WIN;WINFUT;SEMANAL;S01_SEMANAL;WIN_Semanal_2005_2007.csv;C:\Users\User\projeto_fluxo\TRIN_ROOT\TRIN_HISTORICO\S01_SEMANAL\win\WIN_Semanal_2005_2007.csv;85;8;17/05/2005;26/12/2006;0.006;06/06/2026 15:19:44;67c73f0bba945e363f81c8e4147a2cd5;PROFIT;100;WIN,SEMANAL,PROFIT,MACRO_FRACTAL;45848.31;-1067.76;385943838.95;OK;
