codigo_fonte;arquivo;ativo;fractal;data_inicio;data_fim;linhas;qualidade;prioridade_mineracao;elegivel_para_historiador;observacao
REV_SRC_00001;WDO_1min_2025_2026.csv;WDO;1_MIN;25/09/2025;30/12/2025;37436;EXCELENTE;5;SIM;Fonte catalogada para futura mineracao de reversoes
REV_SRC_00002;WDO_1min_2026_2026.csv;WDO;1_MIN;02/01/2026;05/06/2026;59604;EXCELENTE;5;SIM;Fonte catalogada para futura mineracao de reversoes
REV_SRC_00003;WIN_1min_2026_2026.csv;WIN;1_MIN;21/01/2026;05/06/2026;51486;EXCELENTE;5;SIM;Fonte catalogada para futura mineracao de reversoes
REV_SRC_00004;WIN_2min_2026_2026.csv;WIN;2_MIN;21/01/2026;05/06/2026;25801;EXCELENTE;5;SIM;Fonte catalogada para futura mineracao de reversoes
REV_SRC_00005;WIN_3min_2026_2026.csv;WIN;3_MIN;21/01/2026;05/06/2026;17232;EXCELENTE;5;SIM;Fonte catalogada para futura mineracao de reversoes
REV_SRC_00006;WDO_5min_2023_2024.csv;WDO;5_MIN;29/08/2023;28/12/2023;9151;EXCELENTE;4;SIM;Fonte catalogada para futura mineracao de reversoes
REV_SRC_00007;WDO_5min_2024_2025.csv;WDO;5_MIN;02/01/2024;30/12/2024;28554;EXCELENTE;4;SIM;Fonte catalogada para futura mineracao de reversoes
REV_SRC_00008;WDO_5min_2025_2026.csv;WDO;5_MIN;02/01/2025;30/12/2025;28451;EXCELENTE;4;SIM;Fonte catalogada para futura mineracao de reversoes
REV_SRC_00009;WDO_5min_2026_2026.csv;WDO;5_MIN;02/01/2026;05/06/2026;11922;EXCELENTE;4;SIM;Fonte catalogada para futura mineracao de reversoes
REV_SRC_00010;WIN_5min_2023_2024.csv;WIN;5_MIN;22/08/2023;28/12/2023;9612;EXCELENTE;4;SIM;Fonte catalogada para futura mineracao de reversoes
REV_SRC_00011;WIN_5min_2024_2025.csv;WIN;5_MIN;02/01/2024;30/12/2024;28314;EXCELENTE;4;SIM;Fonte catalogada para futura mineracao de reversoes
REV_SRC_00012;WIN_5min_2025_2026.csv;WIN;5_MIN;02/01/2025;30/12/2025;28176;EXCELENTE;4;SIM;Fonte catalogada para futura mineracao de reversoes
REV_SRC_00013;WIN_5min_2026_2026.csv;WIN;5_MIN;02/01/2026;05/06/2026;11817;EXCELENTE;4;SIM;Fonte catalogada para futura mineracao de reversoes
REV_SRC_00014;WDO_10min2022_2023.csv;WDO;10_MIN;11/11/2022;29/12/2022;1913;EXCELENTE;4;SIM;Fonte catalogada para futura mineracao de reversoes
REV_SRC_00015;WDO_10min_2023_2024.csv;WDO;10_MIN;02/01/2023;28/12/2023;13622;EXCELENTE;4;SIM;Fonte catalogada para futura mineracao de reversoes
REV_SRC_00016;WDO_10min_2024_2025.csv;WDO;10_MIN;02/01/2024;30/12/2024;14278;EXCELENTE;4;SIM;Fonte catalogada para futura mineracao de reversoes
REV_SRC_00017;WDO_10min_2025_2026.csv;WDO;10_MIN;02/01/2025;30/12/2025;14226;EXCELENTE;4;SIM;Fonte catalogada para futura mineracao de reversoes
REV_SRC_00018;WDO_10min_2026_2026.csv;WDO;10_MIN;02/01/2026;05/06/2026;5961;EXCELENTE;4;SIM;Fonte catalogada para futura mineracao de reversoes
REV_SRC_00019;WIN_10min_2022_2023.csv;WIN;10_MIN;11/11/2022;29/12/2022;1919;EXCELENTE;4;SIM;Fonte catalogada para futura mineracao de reversoes
REV_SRC_00020;WIN_10min_2023_2024.csv;WIN;10_MIN;02/01/2023;28/12/2023;13622;EXCELENTE;4;SIM;Fonte catalogada para futura mineracao de reversoes
REV_SRC_00021;WIN_10min_2024_2025.csv;WIN;10_MIN;02/01/2024;30/12/2024;14283;EXCELENTE;4;SIM;Fonte catalogada para futura mineracao de reversoes
REV_SRC_00022;WIN_10min_2025_2026.csv;WIN;10_MIN;02/01/2025;30/12/2025;14215;EXCELENTE;4;SIM;Fonte catalogada para futura mineracao de reversoes
REV_SRC_00023;WIN_10min_2026_2026.csv;WIN;10_MIN;02/01/2026;05/06/2026;5961;EXCELENTE;4;SIM;Fonte catalogada para futura mineracao de reversoes
REV_SRC_00024;WDO_15min_2020_2022.csv;WDO;15_MIN;24/09/2020;30/12/2021;11481;EXCELENTE;3;SIM;Fonte catalogada para futura mineracao de reversoes
REV_SRC_00025;WDO_15min_2022_2024.csv;WDO;15_MIN;03/01/2022;28/12/2023;18238;EXCELENTE;3;SIM;Fonte catalogada para futura mineracao de reversoes
REV_SRC_00026;WDO_15min_2024_2026.csv;WDO;15_MIN;02/01/2024;30/12/2025;19003;EXCELENTE;3;SIM;Fonte catalogada para futura mineracao de reversoes
REV_SRC_00027;WDO_15min_2026_2026.csv;WDO;15_MIN;02/01/2026;05/06/2026;3974;EXCELENTE;3;SIM;Fonte catalogada para futura mineracao de reversoes
REV_SRC_00028;WIN_15min_2020_2022.csv;WIN;15_MIN;15/05/2020;30/12/2021;14808;EXCELENTE;3;SIM;Fonte catalogada para futura mineracao de reversoes
REV_SRC_00029;WIN_15min_2022_2024.csv;WIN;15_MIN;03/01/2022;28/12/2023;18238;EXCELENTE;3;SIM;Fonte catalogada para futura mineracao de reversoes
REV_SRC_00030;WIN_15min_2024_2026.csv;WIN;15_MIN;02/01/2024;30/12/2025;19001;EXCELENTE;3;SIM;Fonte catalogada para futura mineracao de reversoes
REV_SRC_00031;WIN_15min_2026_2026.csv;WIN;15_MIN;02/01/2026;05/06/2026;3974;EXCELENTE;3;SIM;Fonte catalogada para futura mineracao de reversoes
REV_SRC_00032;WDO_30min_2014_2016.csv;WDO;30_MIN;05/03/2015;30/12/2015;3666;EXCELENTE;3;SIM;Fonte catalogada para futura mineracao de reversoes
REV_SRC_00033;WDO_30min_2016_2018.csv;WDO;30_MIN;04/01/2016;28/12/2017;7624;EXCELENTE;3;SIM;Fonte catalogada para futura mineracao de reversoes
REV_SRC_00034;WDO_30min_2018_2020.csv;WDO;30_MIN;02/01/2018;30/12/2019;9022;EXCELENTE;3;SIM;Fonte catalogada para futura mineracao de reversoes
REV_SRC_00035;WDO_30min_2020_2022.csv;WDO;30_MIN;02/01/2020;30/12/2021;9080;EXCELENTE;3;SIM;Fonte catalogada para futura mineracao de reversoes
REV_SRC_00036;WDO_30min_2022_2024.csv;WDO;30_MIN;03/01/2022;28/12/2023;9119;EXCELENTE;3;SIM;Fonte catalogada para futura mineracao de reversoes
REV_SRC_00037;WDO_30min_2024_2026.csv;WDO;30_MIN;02/01/2024;30/12/2025;9502;EXCELENTE;3;SIM;Fonte catalogada para futura mineracao de reversoes
REV_SRC_00038;WDO_30min_2026_2026.csv;WDO;30_MIN;02/01/2026;05/06/2026;1987;EXCELENTE;3;SIM;Fonte catalogada para futura mineracao de reversoes
REV_SRC_00039;WIN_30min_2012_2014.csv;WIN;30_MIN;14/06/2012;30/12/2013;6768;EXCELENTE;3;SIM;Fonte catalogada para futura mineracao de reversoes
REV_SRC_00040;WIN_30min_2014_2016.csv;WIN;30_MIN;02/01/2014;30/12/2015;8860;EXCELENTE;3;SIM;Fonte catalogada para futura mineracao de reversoes
REV_SRC_00041;WIN_30min_2016_2018.csv;WIN;30_MIN;04/01/2016;28/12/2017;8646;EXCELENTE;3;SIM;Fonte catalogada para futura mineracao de reversoes
REV_SRC_00042;WIN_30min_2018_2020.csv;WIN;30_MIN;02/01/2018;30/12/2019;9022;EXCELENTE;3;SIM;Fonte catalogada para futura mineracao de reversoes
REV_SRC_00043;WIN_30min_2020_2022.csv;WIN;30_MIN;02/01/2020;30/12/2021;9081;EXCELENTE;3;SIM;Fonte catalogada para futura mineracao de reversoes
REV_SRC_00044;WIN_30min_2022_2024.csv;WIN;30_MIN;03/01/2022;28/12/2023;9119;EXCELENTE;3;SIM;Fonte catalogada para futura mineracao de reversoes
REV_SRC_00045;WIN_30min_2026_2026.csv;WIN;30_MIN;02/01/2026;05/06/2026;1987;EXCELENTE;3;SIM;Fonte catalogada para futura mineracao de reversoes
REV_SRC_00046;WDO_60MIN_2012_2014.csv;WDO;60_MIN;02/01/2014;30/12/2015;4425;EXCELENTE;2;SIM;Fonte catalogada para futura mineracao de reversoes
REV_SRC_00047;WDO_60min_2014_2016.csv;WDO;60_MIN;02/01/2014;30/12/2015;4425;EXCELENTE;2;SIM;Fonte catalogada para futura mineracao de reversoes
REV_SRC_00048;WDO_60min_2016_2018.csv;WDO;60_MIN;04/01/2016;28/12/2017;3888;EXCELENTE;2;SIM;Fonte catalogada para futura mineracao de reversoes
REV_SRC_00049;WDO_60min_2018_2020.csv;WDO;60_MIN;02/01/2018;30/12/2019;4593;EXCELENTE;2;SIM;Fonte catalogada para futura mineracao de reversoes
REV_SRC_00050;WDO_60min_2020_2022.csv;WDO;60_MIN;02/01/2020;30/12/2021;4625;EXCELENTE;2;SIM;Fonte catalogada para futura mineracao de reversoes
REV_SRC_00051;WDO_60min_2022_2024.csv;WDO;60_MIN;03/01/2022;28/12/2023;4645;EXCELENTE;2;SIM;Fonte catalogada para futura mineracao de reversoes
REV_SRC_00052;WDO_60min_2024_2026.csv;WDO;60_MIN;02/01/2024;30/12/2025;5001;EXCELENTE;2;SIM;Fonte catalogada para futura mineracao de reversoes
REV_SRC_00053;WDO_60min_2026_2026.csv;WDO;60_MIN;02/01/2026;05/06/2026;1046;EXCELENTE;2;SIM;Fonte catalogada para futura mineracao de reversoes
REV_SRC_00054;WIN_60min_2012_2014.csv;WIN;60_MIN;18/04/2012;30/12/2013;3784;EXCELENTE;2;SIM;Fonte catalogada para futura mineracao de reversoes
REV_SRC_00055;WIN_60min_2014_2016.csv;WIN;60_MIN;02/01/2014;30/12/2015;4435;EXCELENTE;2;SIM;Fonte catalogada para futura mineracao de reversoes
REV_SRC_00056;WIN_60min_2016_2018.csv;WIN;60_MIN;04/01/2016;28/12/2017;4415;EXCELENTE;2;SIM;Fonte catalogada para futura mineracao de reversoes
REV_SRC_00057;WIN_60min_2018_2020.csv;WIN;60_MIN;02/01/2018;30/12/2019;4593;EXCELENTE;2;SIM;Fonte catalogada para futura mineracao de reversoes
REV_SRC_00058;WIN_60min_2020_2022.csv;WIN;60_MIN;02/01/2020;30/12/2021;4625;EXCELENTE;2;SIM;Fonte catalogada para futura mineracao de reversoes
REV_SRC_00059;WIN_60min_2022_2024.csv;WIN;60_MIN;03/01/2022;28/12/2023;4645;EXCELENTE;2;SIM;Fonte catalogada para futura mineracao de reversoes
REV_SRC_00060;WIN_60min_2024_2026.csv;WIN;60_MIN;02/01/2024;30/12/2025;5002;EXCELENTE;2;SIM;Fonte catalogada para futura mineracao de reversoes
REV_SRC_00061;WIN_60min_2026_2026.csv;WIN;60_MIN;02/01/2026;05/06/2026;1046;EXCELENTE;2;SIM;Fonte catalogada para futura mineracao de reversoes
REV_SRC_00062;WDO_DIARIO_2005_2006.csv;WDO;DIARIO;17/05/2005;28/12/2006;402;EXCELENTE;1;NAO;Fonte catalogada para futura mineracao de reversoes
REV_SRC_00063;WDO_DIARIO_2007_2008.csv;WDO;DIARIO;02/01/2007;28/12/2007;245;EXCELENTE;1;NAO;Fonte catalogada para futura mineracao de reversoes
REV_SRC_00064;WDO_DIARIO_2008_2009.csv;WDO;DIARIO;02/01/2008;30/12/2008;249;EXCELENTE;1;NAO;Fonte catalogada para futura mineracao de reversoes
REV_SRC_00065;WDO_DIARIO_2009_2010.csv;WDO;DIARIO;02/01/2009;30/12/2010;493;EXCELENTE;1;NAO;Fonte catalogada para futura mineracao de reversoes
REV_SRC_00066;WDO_DIARIO_2010_2011.csv;WDO;DIARIO;04/01/2010;30/12/2010;247;EXCELENTE;1;NAO;Fonte catalogada para futura mineracao de reversoes
REV_SRC_00067;WDO_DIARIO_2013_2014.csv;WDO;DIARIO;02/01/2013;30/12/2014;496;EXCELENTE;1;NAO;Fonte catalogada para futura mineracao de reversoes
REV_SRC_00068;WDO_DIARIO_2015_2017.csv;WDO;DIARIO;02/01/2015;29/12/2016;495;EXCELENTE;1;NAO;Fonte catalogada para futura mineracao de reversoes
REV_SRC_00069;WDO_DIARIO_2019_2020.csv;WDO;DIARIO;02/01/2019;30/12/2019;248;EXCELENTE;1;NAO;Fonte catalogada para futura mineracao de reversoes
REV_SRC_00070;WDO_DIARIO_2020_2022.csv;WDO;DIARIO;02/01/2020;30/12/2021;496;EXCELENTE;1;NAO;Fonte catalogada para futura mineracao de reversoes
REV_SRC_00071;WDO_DIARIO_2022_2024.csv;WDO;DIARIO;03/01/2022;28/12/2023;498;EXCELENTE;1;NAO;Fonte catalogada para futura mineracao de reversoes
REV_SRC_00072;WDO_DIARIO_2024_2026.csv;WDO;DIARIO;02/01/2024;30/12/2025;501;EXCELENTE;1;NAO;Fonte catalogada para futura mineracao de reversoes
REV_SRC_00073;WDO_DIARIO_2026_2026.csv;WDO;DIARIO;02/01/2026;05/06/2026;105;EXCELENTE;1;NAO;Fonte catalogada para futura mineracao de reversoes
REV_SRC_00074;WDO_Diário_2011_2013.csv;WDO;DIARIO;03/01/2011;28/12/2012;495;EXCELENTE;1;NAO;Fonte catalogada para futura mineracao de reversoes
REV_SRC_00075;WIN_DIARIO_2017_2019.csv;WIN;DIARIO;02/01/2017;28/12/2018;491;EXCELENTE;1;NAO;Fonte catalogada para futura mineracao de reversoes
REV_SRC_00076;WIN_DIARIO_2005_2006.csv;WIN;DIARIO;17/05/2005;28/12/2006;404;EXCELENTE;1;NAO;Fonte catalogada para futura mineracao de reversoes
REV_SRC_00077;WIN_DIARIO_2007_2008.csv;WIN;DIARIO;02/01/2007;28/12/2007;245;EXCELENTE;1;NAO;Fonte catalogada para futura mineracao de reversoes
REV_SRC_00078;WIN_DIARIO_2008_2009.csv;WIN;DIARIO;02/01/2008;30/12/2008;249;EXCELENTE;1;NAO;Fonte catalogada para futura mineracao de reversoes
REV_SRC_00079;WIN_DIARIO_2009_2010.csv;WIN;DIARIO;02/01/2009;30/12/2010;493;EXCELENTE;1;NAO;Fonte catalogada para futura mineracao de reversoes
REV_SRC_00080;WIN_DIARIO_2010_2011.csv;WIN;DIARIO;04/01/2010;30/12/2010;247;EXCELENTE;1;NAO;Fonte catalogada para futura mineracao de reversoes
REV_SRC_00081;WIN_DIARIO_2011_2013.csv;WIN;DIARIO;03/01/2011;28/12/2012;495;EXCELENTE;1;NAO;Fonte catalogada para futura mineracao de reversoes
REV_SRC_00082;WIN_DIARIO_2013_2015.csv;WIN;DIARIO;02/01/2013;30/12/2014;496;EXCELENTE;1;NAO;Fonte catalogada para futura mineracao de reversoes
REV_SRC_00083;WIN_DIARIO_2015_2017.csv;WIN;DIARIO;02/01/2015;29/12/2016;495;EXCELENTE;1;NAO;Fonte catalogada para futura mineracao de reversoes
REV_SRC_00084;WIN_DIARIO_2019_2020.csv;WIN;DIARIO;02/01/2019;30/12/2019;248;EXCELENTE;1;NAO;Fonte catalogada para futura mineracao de reversoes
REV_SRC_00085;WIN_DIARIO_2020_2022.csv;WIN;DIARIO;02/01/2020;30/12/2021;496;EXCELENTE;1;NAO;Fonte catalogada para futura mineracao de reversoes
REV_SRC_00086;WIN_DIARIO_2022_2024.csv;WIN;DIARIO;03/01/2022;28/12/2023;498;EXCELENTE;1;NAO;Fonte catalogada para futura mineracao de reversoes
REV_SRC_00087;WIN_DIARIO_2024_2026.csv;WIN;DIARIO;02/01/2024;30/12/2025;501;EXCELENTE;1;NAO;Fonte catalogada para futura mineracao de reversoes
REV_SRC_00088;WIN_DIARIO_2026_2026.csv;WIN;DIARIO;02/01/2026;05/06/2026;105;EXCELENTE;1;NAO;Fonte catalogada para futura mineracao de reversoes
REV_SRC_00089;WDO_SEMANAL_2009_2011.csv;WDO;SEMANAL;05/01/2009;27/12/2010;104;EXCELENTE;1;NAO;Fonte catalogada para futura mineracao de reversoes
REV_SRC_00090;WDO_SEMANAL_2011_2013.csv;WDO;SEMANAL;03/01/2011;26/12/2012;104;EXCELENTE;1;NAO;Fonte catalogada para futura mineracao de reversoes
REV_SRC_00091;WDO_SEMANAL_2013_2015.csv;WDO;SEMANAL;02/01/2013;29/12/2014;105;EXCELENTE;1;NAO;Fonte catalogada para futura mineracao de reversoes
REV_SRC_00092;WDO_SEMANAL_2015_2017.csv;WDO;SEMANAL;05/01/2015;26/12/2016;104;EXCELENTE;1;NAO;Fonte catalogada para futura mineracao de reversoes
REV_SRC_00093;WDO_SEMANAL_2017_2019.csv;WDO;SEMANAL;02/01/2017;26/12/2018;104;EXCELENTE;1;NAO;Fonte catalogada para futura mineracao de reversoes
REV_SRC_00094;WDO_SEMANAL_2019_2020.csv;WDO;SEMANAL;02/01/2019;30/12/2019;53;EXCELENTE;1;NAO;Fonte catalogada para futura mineracao de reversoes
REV_SRC_00095;WDO_SEMANAL_2020_2022.csv;WDO;SEMANAL;06/01/2020;27/12/2021;104;EXCELENTE;1;NAO;Fonte catalogada para futura mineracao de reversoes
REV_SRC_00096;WDO_SEMANAL_2024_2026.csv;WDO;SEMANAL;02/01/2024;29/12/2025;105;EXCELENTE;1;NAO;Fonte catalogada para futura mineracao de reversoes
REV_SRC_00097;WDO_SEMANAL_2026_2026.csv;WDO;SEMANAL;05/01/2026;01/06/2026;22;EXCELENTE;1;NAO;Fonte catalogada para futura mineracao de reversoes
REV_SRC_00098;WIN_Semanal_2005_2007.csv;WIN;SEMANAL;17/05/2005;26/12/2006;85;EXCELENTE;1;NAO;Fonte catalogada para futura mineracao de reversoes
REV_SRC_00099;WIN_SEMANAL_2007_2009.csv;WIN;SEMANAL;02/01/2007;29/12/2008;105;EXCELENTE;1;NAO;Fonte catalogada para futura mineracao de reversoes
REV_SRC_00100;WIN_SEMANAL_2009_2011.csv;WIN;SEMANAL;05/01/2009;27/12/2010;104;EXCELENTE;1;NAO;Fonte catalogada para futura mineracao de reversoes
REV_SRC_00101;WIN_SEMANAL_2011_2013.csv;WIN;SEMANAL;03/01/2011;26/12/2012;104;EXCELENTE;1;NAO;Fonte catalogada para futura mineracao de reversoes
REV_SRC_00102;WIN_SEMANAL_2013_2015.csv;WIN;SEMANAL;02/01/2013;29/12/2014;105;EXCELENTE;1;NAO;Fonte catalogada para futura mineracao de reversoes
REV_SRC_00103;WIN_SEMANAL_2015_2017.csv;WIN;SEMANAL;05/01/2015;26/12/2016;104;EXCELENTE;1;NAO;Fonte catalogada para futura mineracao de reversoes
REV_SRC_00104;WIN_SEMANAL_2017_2019.csv;WIN;SEMANAL;02/01/2017;26/12/2018;104;EXCELENTE;1;NAO;Fonte catalogada para futura mineracao de reversoes
REV_SRC_00105;WIN_SEMANAL_2018_2020.csv;WIN;SEMANAL;02/01/2019;30/12/2019;53;EXCELENTE;1;NAO;Fonte catalogada para futura mineracao de reversoes
REV_SRC_00106;WIN_SEMANAL_2020_2022.csv;WIN;SEMANAL;06/01/2020;27/12/2021;104;EXCELENTE;1;NAO;Fonte catalogada para futura mineracao de reversoes
REV_SRC_00107;WIN_SEMANAL_2022_2024.csv;WIN;SEMANAL;03/01/2022;26/12/2023;104;EXCELENTE;1;NAO;Fonte catalogada para futura mineracao de reversoes
REV_SRC_00108;WIN_SEMANAL_2024_2026.csv;WIN;SEMANAL;02/01/2024;29/12/2025;105;EXCELENTE;1;NAO;Fonte catalogada para futura mineracao de reversoes
REV_SRC_00109;WIN_SEMANAL_2026_2026.csv;WIN;SEMANAL;05/01/2026;01/06/2026;22;EXCELENTE;1;NAO;Fonte catalogada para futura mineracao de reversoes
REV_SRC_00110;WDOFUT_F_0_Semanal.csv;WDO;SEMANAL;17/05/2005;26/12/2006;85;EXCELENTE;1;NAO;Fonte catalogada para futura mineracao de reversoes
REV_SRC_00111;WINFUT_F_0_Semanal.csv;WIN;SEMANAL;17/05/2005;26/12/2006;85;EXCELENTE;1;NAO;Fonte catalogada para futura mineracao de reversoes
