arquivo;ativo;fractal;score_confianca_memoria;selo_confianca;motivos
WDO_1min_2025_2026.csv;WDO;1_MIN;100.0;CONFIANCA_MAXIMA;OK
WDO_1min_2026_2026.csv;WDO;1_MIN;100.0;CONFIANCA_MAXIMA;OK
WIN_1min_2026_2026.csv;WIN;1_MIN;100.0;CONFIANCA_MAXIMA;OK
WIN_2min_2026_2026.csv;WIN;2_MIN;99.6;CONFIANCA_MAXIMA;OK
WIN_3min_2026_2026.csv;WIN;3_MIN;99.6;CONFIANCA_MAXIMA;OK
WDO_5min_2023_2024.csv;WDO;5_MIN;100.0;CONFIANCA_MAXIMA;OK
WDO_5min_2024_2025.csv;WDO;5_MIN;100.0;CONFIANCA_MAXIMA;OK
WDO_5min_2025_2026.csv;WDO;5_MIN;100.0;CONFIANCA_MAXIMA;OK
WDO_5min_2026_2026.csv;WDO;5_MIN;100.0;CONFIANCA_MAXIMA;OK
WIN_5min_2023_2024.csv;WIN;5_MIN;100.0;CONFIANCA_MAXIMA;OK
WIN_5min_2024_2025.csv;WIN;5_MIN;100.0;CONFIANCA_MAXIMA;OK
WIN_5min_2025_2026.csv;WIN;5_MIN;100.0;CONFIANCA_MAXIMA;OK
WIN_5min_2026_2026.csv;WIN;5_MIN;100.0;CONFIANCA_MAXIMA;OK
WDO_10min2022_2023.csv;WDO;10_MIN;100.0;CONFIANCA_MAXIMA;OK
WDO_10min_2023_2024.csv;WDO;10_MIN;100.0;CONFIANCA_MAXIMA;OK
WDO_10min_2024_2025.csv;WDO;10_MIN;100.0;CONFIANCA_MAXIMA;OK
WDO_10min_2025_2026.csv;WDO;10_MIN;100.0;CONFIANCA_MAXIMA;OK
WDO_10min_2026_2026.csv;WDO;10_MIN;100.0;CONFIANCA_MAXIMA;OK
WIN_10min_2022_2023.csv;WIN;10_MIN;100.0;CONFIANCA_MAXIMA;OK
WIN_10min_2023_2024.csv;WIN;10_MIN;100.0;CONFIANCA_MAXIMA;OK
WIN_10min_2024_2025.csv;WIN;10_MIN;100.0;CONFIANCA_MAXIMA;OK
WIN_10min_2025_2026.csv;WIN;10_MIN;100.0;CONFIANCA_MAXIMA;OK
WIN_10min_2026_2026.csv;WIN;10_MIN;100.0;CONFIANCA_MAXIMA;OK
WDO_15min_2020_2022.csv;WDO;15_MIN;100.0;CONFIANCA_MAXIMA;OK
WDO_15min_2022_2024.csv;WDO;15_MIN;100.0;CONFIANCA_MAXIMA;OK
WDO_15min_2024_2026.csv;WDO;15_MIN;100.0;CONFIANCA_MAXIMA;OK
WDO_15min_2026_2026.csv;WDO;15_MIN;100.0;CONFIANCA_MAXIMA;OK
WIN_15min_2020_2022.csv;WIN;15_MIN;100.0;CONFIANCA_MAXIMA;OK
WIN_15min_2022_2024.csv;WIN;15_MIN;100.0;CONFIANCA_MAXIMA;OK
WIN_15min_2024_2026.csv;WIN;15_MIN;100.0;CONFIANCA_MAXIMA;OK
WIN_15min_2026_2026.csv;WIN;15_MIN;100.0;CONFIANCA_MAXIMA;OK
WDO_30min_2014_2016.csv;WDO;30_MIN;100.0;CONFIANCA_MAXIMA;OK
WDO_30min_2016_2018.csv;WDO;30_MIN;100.0;CONFIANCA_MAXIMA;OK
WDO_30min_2018_2020.csv;WDO;30_MIN;100.0;CONFIANCA_MAXIMA;OK
WDO_30min_2020_2022.csv;WDO;30_MIN;100.0;CONFIANCA_MAXIMA;OK
WDO_30min_2022_2024.csv;WDO;30_MIN;100.0;CONFIANCA_MAXIMA;OK
WDO_30min_2024_2026.csv;WDO;30_MIN;100.0;CONFIANCA_MAXIMA;OK
WDO_30min_2026_2026.csv;WDO;30_MIN;100.0;CONFIANCA_MAXIMA;OK
WIN_30min_2012_2014.csv;WIN;30_MIN;100.0;CONFIANCA_MAXIMA;OK
WIN_30min_2014_2016.csv;WIN;30_MIN;100.0;CONFIANCA_MAXIMA;OK
WIN_30min_2016_2018.csv;WIN;30_MIN;100.0;CONFIANCA_MAXIMA;OK
WIN_30min_2018_2020.csv;WIN;30_MIN;100.0;CONFIANCA_MAXIMA;OK
WIN_30min_2020_2022.csv;WIN;30_MIN;100.0;CONFIANCA_MAXIMA;OK
WIN_30min_2022_2024.csv;WIN;30_MIN;100.0;CONFIANCA_MAXIMA;OK
WIN_30min_2026_2026.csv;WIN;30_MIN;100.0;CONFIANCA_MAXIMA;OK
WDO_60MIN_2012_2014.csv;WDO;60_MIN;97.25;CONFIANCA_MAXIMA;HIGIENIZACAO_1_OCORRENCIAS
WDO_60min_2014_2016.csv;WDO;60_MIN;97.25;CONFIANCA_MAXIMA;HIGIENIZACAO_1_OCORRENCIAS
WDO_60min_2016_2018.csv;WDO;60_MIN;100.0;CONFIANCA_MAXIMA;OK
WDO_60min_2018_2020.csv;WDO;60_MIN;100.0;CONFIANCA_MAXIMA;OK
WDO_60min_2020_2022.csv;WDO;60_MIN;100.0;CONFIANCA_MAXIMA;OK
WDO_60min_2022_2024.csv;WDO;60_MIN;100.0;CONFIANCA_MAXIMA;OK
WDO_60min_2024_2026.csv;WDO;60_MIN;100.0;CONFIANCA_MAXIMA;OK
WDO_60min_2026_2026.csv;WDO;60_MIN;100.0;CONFIANCA_MAXIMA;OK
WIN_60min_2012_2014.csv;WIN;60_MIN;100.0;CONFIANCA_MAXIMA;OK
WIN_60min_2014_2016.csv;WIN;60_MIN;100.0;CONFIANCA_MAXIMA;OK
WIN_60min_2016_2018.csv;WIN;60_MIN;100.0;CONFIANCA_MAXIMA;OK
WIN_60min_2018_2020.csv;WIN;60_MIN;100.0;CONFIANCA_MAXIMA;OK
WIN_60min_2020_2022.csv;WIN;60_MIN;100.0;CONFIANCA_MAXIMA;OK
WIN_60min_2022_2024.csv;WIN;60_MIN;100.0;CONFIANCA_MAXIMA;OK
WIN_60min_2024_2026.csv;WIN;60_MIN;100.0;CONFIANCA_MAXIMA;OK
WIN_60min_2026_2026.csv;WIN;60_MIN;100.0;CONFIANCA_MAXIMA;OK
WDO_DIARIO_2005_2006.csv;WDO;DIARIO;100.0;CONFIANCA_MAXIMA;OK
WDO_DIARIO_2007_2008.csv;WDO;DIARIO;100.0;CONFIANCA_MAXIMA;OK
WDO_DIARIO_2008_2009.csv;WDO;DIARIO;100.0;CONFIANCA_MAXIMA;OK
WDO_DIARIO_2009_2010.csv;WDO;DIARIO;100.0;CONFIANCA_MAXIMA;OK
WDO_DIARIO_2010_2011.csv;WDO;DIARIO;100.0;CONFIANCA_MAXIMA;OK
WDO_DIARIO_2013_2014.csv;WDO;DIARIO;100.0;CONFIANCA_MAXIMA;OK
WDO_DIARIO_2015_2017.csv;WDO;DIARIO;100.0;CONFIANCA_MAXIMA;OK
WDO_DIARIO_2019_2020.csv;WDO;DIARIO;100.0;CONFIANCA_MAXIMA;OK
WDO_DIARIO_2020_2022.csv;WDO;DIARIO;100.0;CONFIANCA_MAXIMA;OK
WDO_DIARIO_2022_2024.csv;WDO;DIARIO;100.0;CONFIANCA_MAXIMA;OK
WDO_DIARIO_2024_2026.csv;WDO;DIARIO;100.0;CONFIANCA_MAXIMA;OK
WDO_DIARIO_2026_2026.csv;WDO;DIARIO;100.0;CONFIANCA_MAXIMA;OK
WDO_Diário_2011_2013.csv;WDO;DIARIO;100.0;CONFIANCA_MAXIMA;OK
WIN_DIARIO_2017_2019.csv;WIN;DIARIO;100.0;CONFIANCA_MAXIMA;OK
WIN_DIARIO_2005_2006.csv;WIN;DIARIO;100.0;CONFIANCA_MAXIMA;OK
WIN_DIARIO_2007_2008.csv;WIN;DIARIO;100.0;CONFIANCA_MAXIMA;OK
WIN_DIARIO_2008_2009.csv;WIN;DIARIO;100.0;CONFIANCA_MAXIMA;OK
WIN_DIARIO_2009_2010.csv;WIN;DIARIO;100.0;CONFIANCA_MAXIMA;OK
WIN_DIARIO_2010_2011.csv;WIN;DIARIO;100.0;CONFIANCA_MAXIMA;OK
WIN_DIARIO_2011_2013.csv;WIN;DIARIO;100.0;CONFIANCA_MAXIMA;OK
WIN_DIARIO_2013_2015.csv;WIN;DIARIO;100.0;CONFIANCA_MAXIMA;OK
WIN_DIARIO_2015_2017.csv;WIN;DIARIO;100.0;CONFIANCA_MAXIMA;OK
WIN_DIARIO_2019_2020.csv;WIN;DIARIO;100.0;CONFIANCA_MAXIMA;OK
WIN_DIARIO_2020_2022.csv;WIN;DIARIO;100.0;CONFIANCA_MAXIMA;OK
WIN_DIARIO_2022_2024.csv;WIN;DIARIO;100.0;CONFIANCA_MAXIMA;OK
WIN_DIARIO_2024_2026.csv;WIN;DIARIO;100.0;CONFIANCA_MAXIMA;OK
WIN_DIARIO_2026_2026.csv;WIN;DIARIO;100.0;CONFIANCA_MAXIMA;OK
WDO_SEMANAL_2009_2011.csv;WDO;SEMANAL;100.0;CONFIANCA_MAXIMA;OK
WDO_SEMANAL_2011_2013.csv;WDO;SEMANAL;100.0;CONFIANCA_MAXIMA;OK
WDO_SEMANAL_2013_2015.csv;WDO;SEMANAL;100.0;CONFIANCA_MAXIMA;OK
WDO_SEMANAL_2015_2017.csv;WDO;SEMANAL;100.0;CONFIANCA_MAXIMA;OK
WDO_SEMANAL_2017_2019.csv;WDO;SEMANAL;100.0;CONFIANCA_MAXIMA;OK
WDO_SEMANAL_2019_2020.csv;WDO;SEMANAL;100.0;CONFIANCA_MAXIMA;OK
WDO_SEMANAL_2020_2022.csv;WDO;SEMANAL;100.0;CONFIANCA_MAXIMA;OK
WDO_SEMANAL_2024_2026.csv;WDO;SEMANAL;100.0;CONFIANCA_MAXIMA;OK
WDO_SEMANAL_2026_2026.csv;WDO;SEMANAL;100.0;CONFIANCA_MAXIMA;OK
WIN_Semanal_2005_2007.csv;WIN;SEMANAL;97.25;CONFIANCA_MAXIMA;HIGIENIZACAO_1_OCORRENCIAS
WIN_SEMANAL_2007_2009.csv;WIN;SEMANAL;100.0;CONFIANCA_MAXIMA;OK
WIN_SEMANAL_2009_2011.csv;WIN;SEMANAL;100.0;CONFIANCA_MAXIMA;OK
WIN_SEMANAL_2011_2013.csv;WIN;SEMANAL;100.0;CONFIANCA_MAXIMA;OK
WIN_SEMANAL_2013_2015.csv;WIN;SEMANAL;100.0;CONFIANCA_MAXIMA;OK
WIN_SEMANAL_2015_2017.csv;WIN;SEMANAL;100.0;CONFIANCA_MAXIMA;OK
WIN_SEMANAL_2017_2019.csv;WIN;SEMANAL;100.0;CONFIANCA_MAXIMA;OK
WIN_SEMANAL_2018_2020.csv;WIN;SEMANAL;100.0;CONFIANCA_MAXIMA;OK
WIN_SEMANAL_2020_2022.csv;WIN;SEMANAL;100.0;CONFIANCA_MAXIMA;OK
WIN_SEMANAL_2022_2024.csv;WIN;SEMANAL;100.0;CONFIANCA_MAXIMA;OK
WIN_SEMANAL_2024_2026.csv;WIN;SEMANAL;100.0;CONFIANCA_MAXIMA;OK
WIN_SEMANAL_2026_2026.csv;WIN;SEMANAL;100.0;CONFIANCA_MAXIMA;OK
WDOFUT_F_0_Semanal.csv;WDO;SEMANAL;100.0;CONFIANCA_MAXIMA;OK
WINFUT_F_0_Semanal.csv;WIN;SEMANAL;97.25;CONFIANCA_MAXIMA;HIGIENIZACAO_1_OCORRENCIAS
