WDOFUT;26/12/2006;2148,00;2149,50;2137,50;2137,50;1629911433,00;151961
WDOFUT;18/12/2006;2145,50;2164,00;2145,00;2150,00;2528491053,00;234627
WDOFUT;11/12/2006;2145,00;2158,50;2142,50;2148,50;2802194208,00;260822
WDOFUT;04/12/2006;2176,00;2183,00;2143,50;2150,00;2963064243,00;274320
WDOFUT;27/11/2006;2175,00;2207,00;2161,00;2181,00;1231492865,00;112910
WDOFUT;21/11/2006;2163,50;2179,00;2161,00;2173,50;1307244193,00;120542
WDOFUT;13/11/2006;2160,50;2178,00;2150,00;2168,50;1156152378,00;106884
WDOFUT;06/11/2006;2147,00;2165,00;2142,00;2165,00;1036116893,00;96349
WDOFUT;30/10/2006;2142,00;2161,50;2139,00;2149,00;294463455,00;27422
WDOFUT;23/10/2006;2144,00;2161,00;2132,00;2132,00;1181489623,00;110200
WDOFUT;16/10/2006;2144,00;2155,00;2132,50;2144,00;1108757793,00;103441
WDOFUT;09/10/2006;2174,00;2174,50;2144,50;2145,00;549738920,00;50826
WDOFUT;02/10/2006;2188,00;2193,00;2167,00;2172,50;1012512060,00;93002
WDOFUT;25/09/2006;2200,00;2238,00;2166,50;2175,00;771363027,50;70205
WDOFUT;18/09/2006;2157,00;2235,00;2147,50;2213,00;1082460475,00;99727
WDOFUT;11/09/2006;2174,00;2197,50;2156,00;2158,50;1258752988,00;115755
WDOFUT;04/09/2006;2145,00;2172,50;2133,00;2170,00;689756497,50;64217
WDOFUT;28/08/2006;2157,50;2167,00;2129,00;2150,00;756405357,50;70542
WDOFUT;21/08/2006;2150,00;2172,00;2132,00;2165,00;959352770,00;89346
WDOFUT;14/08/2006;2172,00;2175,00;2134,50;2151,50;957275360,00;88981
WDOFUT;07/08/2006;2197,00;2200,00;2165,00;2176,00;1063098998,00;97327
WDOFUT;31/07/2006;2174,00;2210,50;2172,00;2194,50;694198755,00;63169
WDOFUT;24/07/2006;2194,00;2217,50;2175,00;2178,50;693599026,00;63112
WDOFUT;17/07/2006;2225,00;2229,50;2180,00;2208,00;885789668,00;80512
WDOFUT;10/07/2006;2188,00;2233,00;2180,50;2225,00;509718205,50;46217
WDOFUT;03/07/2006;2175,00;2223,00;2172,50;2188,00;467771706,00;42686
WDOFUT;26/06/2006;2225,00;2247,00;2160,00;2164,00;490740041,50;44158
WDOFUT;19/06/2006;2258,00;2275,00;2233,00;2233,00;776538093,00;69015
WDOFUT;12/06/2006;2277,00;2342,00;2249,10;2249,10;408710767,00;35667
WDOFUT;05/06/2006;2265,00;2307,00;2249,00;2278,00;748609698,00;65741
WDOFUT;29/05/2006;2242,00;2370,00;2227,00;2286,10;457970348,50;40180
WDOFUT;22/05/2006;2270,00;2407,70;2238,00;2247,30;596678727,00;51846
WDOFUT;15/05/2006;2180,00;2228,10;2139,00;2208,10;912767616,00;83669
WDOFUT;08/05/2006;2073,00;2162,00;2063,00;2160,00;999482951,50;95547
WDOFUT;02/05/2006;2107,00;2107,50;2068,50;2070,00;668543778,50;64123
WDOFUT;24/04/2006;2117,00;2142,00;2090,00;2090,00;770570616,50;72652
WDOFUT;17/04/2006;2144,00;2147,10;2113,00;2124,10;827488041,00;77665
WDOFUT;10/04/2006;2167,00;2171,00;2133,00;2148,00;954362382,50;88681
WDOFUT;04/04/2006;2143,00;2173,00;2130,00;2164,90;771945222,50;71952
WDOFUT;27/03/2006;2177,00;2250,00;2171,00;2173,00;1100878485,00;99717
WDOFUT;20/03/2006;2128,00;2186,00;2128,00;2159,50;1655536883,00;153336
WDOFUT;13/03/2006;2142,00;2161,00;2109,00;2136,00;1522339069,00;142548
WDOFUT;06/03/2006;2140,00;2213,00;2132,50;2156,00;919685670,50;84736
WDOFUT;02/03/2006;2130,00;2146,00;2124,00;2131,10;306435486,50;28707
WDOFUT;20/02/2006;2125,00;2188,00;2111,00;2136,00;1064176928,00;99874
WDOFUT;13/02/2006;2180,00;2182,00;2108,50;2125,00;1304091604,00;121986
WDOFUT;06/02/2006;2208,00;2219,00;2157,00;2173,50;1571725790,00;143342
WDOFUT;30/01/2006;2218,00;2253,60;2198,10;2228,00;844253667,50;75760
WDOFUT;23/01/2006;2280,00;2280,00;2203,10;2210,00;596016931,00;52880
WDOFUT;16/01/2006;2293,00;2348,00;2274,00;2280,00;1309945460,00;113375
WDOFUT;09/01/2006;2288,00;2297,90;2259,50;2277,00;1444547872,00;126662
WDOFUT;02/01/2006;2360,00;2375,00;2285,50;2296,00;939995906,00;80878
WDOFUT;26/12/2005;2332,00;2367,00;2325,00;2341,00;258820171,50;22083
WDOFUT;19/12/2005;2370,00;2408,00;2300,00;2322,90;1039341331,00;88498
WDOFUT;12/12/2005;2280,00;2360,00;2258,00;2347,00;1352629324,00;118028
WDOFUT;05/12/2005;2226,00;2271,00;2177,00;2265,50;1086657471,00;98028
WDOFUT;28/11/2005;2237,10;2248,00;2187,00;2231,00;630297879,50;56748
WDOFUT;21/11/2005;2233,00;2274,00;2219,50;2237,00;547212775,00;48815
WDOFUT;14/11/2005;2200,00;2240,00;2192,00;2239,90;500395730,00;45293
WDOFUT;07/11/2005;2226,00;2230,00;2173,00;2175,00;425135656,00;38675
WDOFUT;31/10/2005;2268,00;2282,50;2230,00;2231,00;154497065,00;13658
WDOFUT;24/10/2005;2266,00;2297,00;2262,00;2265,00;385525694,00;33891
WDOFUT;17/10/2005;2254,00;2286,00;2241,00;2272,00;310933113,00;27584
WDOFUT;10/10/2005;2265,00;2297,00;2248,00;2262,00;216733728,50;19132
WDOFUT;03/10/2005;2261,00;2323,00;2252,00;2265,00;280034234,50;24522
WDOFUT;26/09/2005;2268,00;2277,00;2211,00;2221,50;50510863,00;4486
WDOFUT;19/09/2005;2309,00;2315,00;2270,00;2276,00;66539202,00;5810
WDOFUT;12/09/2005;2336,00;2353,00;2300,50;2315,00;49539655,00;4253
WDOFUT;05/09/2005;2347,00;2367,00;2330,00;2338,00;36565822,50;3113
WDOFUT;29/08/2005;2395,00;2417,00;2354,00;2361,00;29778899,50;2501
WDOFUT;22/08/2005;2416,00;2463,00;2390,00;2408,00;37621908,00;3105
WDOFUT;15/08/2005;2368,00;2490,00;2335,00;2459,00;54371256,50;4570
WDOFUT;08/08/2005;2330,00;2415,00;2289,00;2393,00;59211177,00;5055
WDOFUT;01/08/2005;2425,00;2425,00;2315,00;2335,00;24145930,50;2040
WDOFUT;25/07/2005;2412,00;2505,00;2390,00;2393,00;25426950,00;2088
WDOFUT;18/07/2005;2340,00;2407,00;2336,00;2403,00;11751080,50;995
WDOFUT;11/07/2005;2388,00;2388,00;2340,00;2355,00;15525271,50;1315
WDOFUT;04/07/2005;2400,00;2427,00;2379,00;2388,00;18705542,50;1558
WDOFUT;27/06/2005;2390,00;2390,00;2346,00;2371,00;11087947,50;938
WDOFUT;20/06/2005;2404,00;2416,00;2371,00;2390,00;8802272,00;735
WDOFUT;13/06/2005;2486,00;2494,00;2400,00;2400,00;19477333,50;1588
WDOFUT;06/06/2005;2480,00;2530,00;2466,00;2497,00;16743150,50;1343
WDOFUT;30/05/2005;2376,00;2480,00;2369,00;2450,00;16409577,00;1344
WDOFUT;23/05/2005;2443,00;2443,00;2389,00;2389,00;5718667,50;472
WDOFUT;17/05/2005;2487,00;2502,00;2450,00;2451,00;9291177,50;751
