WINFUT;05/06/2026;18:00:00;169355,00;169525,00;169255,00;169520,00;3718162804,00;109755
WINFUT;05/06/2026;17:00:00;169610,00;169630,00;169075,00;169355,00;2,761579016E10;815449
WINFUT;05/06/2026;16:00:00;169980,00;170000,00;169500,00;169615,00;4,717453733E10;1389786
WINFUT;05/06/2026;15:00:00;170015,00;170470,00;169685,00;169980,00;5,656881575E10;1663594
WINFUT;05/06/2026;14:00:00;169825,00;170200,00;169545,00;170020,00;4,515761586E10;1329573
WINFUT;05/06/2026;13:00:00;169845,00;170040,00;169635,00;169825,00;4,75055676E10;1398436
WINFUT;05/06/2026;12:00:00;170735,00;170965,00;169770,00;169850,00;6,451830171E10;1893305
WINFUT;05/06/2026;11:00:00;170555,00;171055,00;170210,00;170735,00;8,186849138E10;2398347
WINFUT;05/06/2026;10:00:00;170885,00;171200,00;169945,00;170560,00;1,446807384E11;4240126
WINFUT;05/06/2026;09:00:00;171095,00;171675,00;170565,00;170880,00;9,390213369E10;2745468
WINFUT;03/06/2026;18:00:00;170920,00;170940,00;170640,00;170725,00;5089188591,00;149004
WINFUT;03/06/2026;17:00:00;170930,00;171015,00;170805,00;170925,00;1,604925894E10;469516
WINFUT;03/06/2026;16:00:00;170970,00;171090,00;170720,00;170930,00;3,790835612E10;1109055
WINFUT;03/06/2026;15:00:00;170840,00;171095,00;170650,00;170965,00;5,39939331E10;1579877
WINFUT;03/06/2026;14:00:00;171085,00;171295,00;170755,00;170835,00;4,674473547E10;1366433
WINFUT;03/06/2026;13:00:00;171535,00;171540,00;170885,00;171090,00;5,726128559E10;1672501
WINFUT;03/06/2026;12:00:00;172000,00;172215,00;171365,00;171535,00;6,522425761E10;1899627
WINFUT;03/06/2026;11:00:00;172680,00;172775,00;171540,00;172000,00;1,136658316E11;3303414
WINFUT;03/06/2026;10:00:00;172330,00;173070,00;171885,00;172685,00;1,380119548E11;4000053
WINFUT;03/06/2026;09:00:00;174615,00;174685,00;171690,00;172330,00;1,190654436E11;3445400
WINFUT;02/06/2026;18:00:00;175290,00;175340,00;175130,00;175230,00;5526409273,00;157710
WINFUT;02/06/2026;17:00:00;175245,00;175590,00;175015,00;175295,00;2,754835217E10;785742
WINFUT;02/06/2026;16:00:00;175475,00;175540,00;175160,00;175250,00;3,400928059E10;969918
WINFUT;02/06/2026;15:00:00;175025,00;175790,00;175025,00;175475,00;4,720004444E10;1345421
WINFUT;02/06/2026;14:00:00;175210,00;175255,00;174650,00;175020,00;5,596790868E10;1599581
WINFUT;02/06/2026;13:00:00;175680,00;175690,00;175135,00;175205,00;4,066984574E10;1159560
WINFUT;02/06/2026;12:00:00;175395,00;175795,00;175205,00;175675,00;5,359378869E10;1526720
WINFUT;02/06/2026;11:00:00;174245,00;175855,00;173760,00;175395,00;1,248206648E11;3567354
WINFUT;02/06/2026;10:00:00;173975,00;174940,00;173715,00;174240,00;1,505665481E11;4319943
WINFUT;02/06/2026;09:00:00;173200,00;174300,00;173105,00;173975,00;1,139134863E11;3276494
WINFUT;01/06/2026;18:00:00;173055,00;173150,00;172805,00;172855,00;5171267684,00;149474
WINFUT;01/06/2026;17:00:00;173260,00;173380,00;172940,00;173055,00;2,383781206E10;688531
WINFUT;01/06/2026;16:00:00;173325,00;173655,00;173140,00;173260,00;3,815094622E10;1100454
WINFUT;01/06/2026;15:00:00;173345,00;173475,00;173165,00;173330,00;3,534537151E10;1019540
WINFUT;01/06/2026;14:00:00;173535,00;173790,00;173090,00;173345,00;5,866377135E10;1692217
WINFUT;01/06/2026;13:00:00;173230,00;173560,00;172645,00;173535,00;5,40583881E10;1562170
WINFUT;01/06/2026;12:00:00;172935,00;173690,00;172805,00;173230,00;5,622720807E10;1622770
WINFUT;01/06/2026;11:00:00;173445,00;173985,00;172845,00;172940,00;9,397073537E10;2710011
WINFUT;01/06/2026;10:00:00;175030,00;175225,00;173030,00;173445,00;1,353424955E11;3890550
WINFUT;01/06/2026;09:00:00;175280,00;176325,00;174845,00;175025,00;8,963760716E10;2555515
WINFUT;29/05/2026;18:00:00;174880,00;175165,00;174720,00;174755,00;4825193594,00;137943
WINFUT;29/05/2026;17:00:00;175055,00;175240,00;174815,00;174880,00;1,843278977E10;526430
WINFUT;29/05/2026;16:00:00;174920,00;175420,00;174805,00;175055,00;4,732904589E10;1350776
WINFUT;29/05/2026;15:00:00;174925,00;175085,00;174715,00;174920,00;3,779073302E10;1080321
WINFUT;29/05/2026;14:00:00;174290,00;175105,00;174280,00;174925,00;4,529549615E10;1295657
WINFUT;29/05/2026;13:00:00;174455,00;174520,00;174225,00;174295,00;3,609631654E10;1035050
WINFUT;29/05/2026;12:00:00;174500,00;175135,00;174205,00;174455,00;6,567821241E10;1880823
WINFUT;29/05/2026;11:00:00;174370,00;174640,00;173675,00;174505,00;1,058023504E11;3038665
WINFUT;29/05/2026;10:00:00;175740,00;176095,00;173905,00;174370,00;1,720531839E11;4917274
WINFUT;29/05/2026;09:00:00;176000,00;176370,00;175505,00;175735,00;1,089686738E11;3096818
WINFUT;28/05/2026;18:00:00;175700,00;175785,00;175450,00;175550,00;6632252141,00;188822
WINFUT;28/05/2026;17:00:00;176280,00;176305,00;175645,00;175700,00;2,626613846E10;746241
WINFUT;28/05/2026;16:00:00;176635,00;176650,00;176210,00;176275,00;3,418631849E10;968788
WINFUT;28/05/2026;15:00:00;177195,00;177225,00;176470,00;176635,00;4,029402268E10;1139446
WINFUT;28/05/2026;14:00:00;177005,00;177250,00;176610,00;177190,00;4,50210799E10;1272292
WINFUT;28/05/2026;13:00:00;176715,00;177100,00;176560,00;177005,00;4,241627921E10;1198958
WINFUT;28/05/2026;12:00:00;176855,00;177145,00;176630,00;176715,00;5,587191983E10;1579366
WINFUT;28/05/2026;11:00:00;176775,00;177990,00;176465,00;176850,00;1,070929727E11;3022117
WINFUT;28/05/2026;10:00:00;177115,00;177680,00;175715,00;176780,00;1,417311485E11;4010390
WINFUT;28/05/2026;09:00:00;175870,00;177600,00;175695,00;177115,00;9,728839284E10;2751840
WINFUT;27/05/2026;18:00:00;176995,00;177030,00;176770,00;176875,00;5522112753,00;156081
WINFUT;27/05/2026;17:00:00;177080,00;177200,00;176880,00;176995,00;1,786785611E10;504680
WINFUT;27/05/2026;16:00:00;177095,00;177250,00;176930,00;177085,00;3,152778832E10;890096
WINFUT;27/05/2026;15:00:00;177160,00;177445,00;176850,00;177090,00;4,444112277E10;1254115
WINFUT;27/05/2026;14:00:00;177580,00;177630,00;176650,00;177155,00;4,90317983E10;1384309
WINFUT;27/05/2026;13:00:00;177880,00;177970,00;177530,00;177580,00;3,684480515E10;1036302
WINFUT;27/05/2026;12:00:00;178245,00;178415,00;177590,00;177880,00;6,636499792E10;1863497
WINFUT;27/05/2026;11:00:00;178400,00;178440,00;177370,00;178245,00;9,344489137E10;2627041
WINFUT;27/05/2026;10:00:00;178935,00;179250,00;177595,00;178400,00;1,465901682E11;4106598
WINFUT;27/05/2026;09:00:00;177360,00;179655,00;177025,00;178935,00;1,45716213E11;4075285
WINFUT;26/05/2026;18:00:00;177975,00;177985,00;177660,00;177725,00;5761072579,00;162013
WINFUT;26/05/2026;17:00:00;177710,00;177990,00;177660,00;177980,00;2,210465567E10;621534
WINFUT;26/05/2026;16:00:00;177155,00;177725,00;177055,00;177710,00;3,470510076E10;978182
WINFUT;26/05/2026;15:00:00;177170,00;177380,00;176960,00;177160,00;3,774704353E10;1065318
WINFUT;26/05/2026;14:00:00;177050,00;177335,00;176900,00;177175,00;3,595316857E10;1014990
WINFUT;26/05/2026;13:00:00;177325,00;177415,00;176765,00;177050,00;4,165636745E10;1176520
WINFUT;26/05/2026;12:00:00;177705,00;177710,00;176865,00;177320,00;5,595437815E10;1578211
WINFUT;26/05/2026;11:00:00;177260,00;177775,00;176780,00;177705,00;8,453221657E10;2382926
WINFUT;26/05/2026;10:00:00;178640,00;178930,00;176985,00;177265,00;1,529402163E11;4294385
WINFUT;26/05/2026;09:00:00;178910,00;179235,00;178365,00;178635,00;1,044511738E11;2921956
WINFUT;25/05/2026;18:00:00;179370,00;179470,00;179290,00;179290,00;6476909932,00;180538
WINFUT;25/05/2026;17:00:00;179170,00;179475,00;179115,00;179370,00;2,180924954E10;608120
WINFUT;25/05/2026;16:00:00;179105,00;179185,00;178700,00;179175,00;3,551934734E10;992475
WINFUT;25/05/2026;15:00:00;178735,00;179130,00;178680,00;179110,00;3,36979508E10;942031
WINFUT;25/05/2026;14:00:00;178415,00;178910,00;178355,00;178735,00;3,70933529E10;1038153
WINFUT;25/05/2026;13:00:00;178230,00;178460,00;177845,00;178410,00;3,865258982E10;1085020
WINFUT;25/05/2026;12:00:00;178175,00;178495,00;178030,00;178225,00;4,385075802E10;1229851
WINFUT;25/05/2026;11:00:00;178175,00;178410,00;178010,00;178175,00;4,467936267E10;1253689
WINFUT;25/05/2026;10:00:00;178660,00;178795,00;178080,00;178170,00;8,160194663E10;2287155
WINFUT;25/05/2026;09:00:00;179270,00;180275,00;178570,00;178660,00;8,997301605E10;2509416
WINFUT;22/05/2026;18:00:00;177765,00;177915,00;177715,00;177745,00;4610410529,00;129655
WINFUT;22/05/2026;17:00:00;177680,00;178020,00;177580,00;177760,00;1,911031654E10;537382
WINFUT;22/05/2026;16:00:00;177880,00;178030,00;177530,00;177675,00;3,654568827E10;1027926
WINFUT;22/05/2026;15:00:00;177850,00;177975,00;177620,00;177885,00;3,383064243E10;951494
WINFUT;22/05/2026;14:00:00;177450,00;178240,00;177390,00;177850,00;5,73796378E10;1613925
WINFUT;22/05/2026;13:00:00;177035,00;177505,00;176990,00;177450,00;3,998503902E10;1127703
WINFUT;22/05/2026;12:00:00;176415,00;177165,00;176310,00;177030,00;5,312635461E10;1502337
WINFUT;22/05/2026;11:00:00;178015,00;178025,00;176400,00;176420,00;9,172539848E10;2591806
WINFUT;22/05/2026;10:00:00;178020,00;178205,00;177365,00;178015,00;1,255050771E11;3528649
WINFUT;22/05/2026;09:00:00;178495,00;178910,00;177675,00;178015,00;9,746263332E10;2733853
WINFUT;21/05/2026;18:00:00;179110,00;179140,00;178700,00;178700,00;7415299651,00;207282
WINFUT;21/05/2026;17:00:00;179370,00;179380,00;178905,00;179105,00;2,110350688E10;589187
WINFUT;21/05/2026;16:00:00;178835,00;179495,00;178825,00;179375,00;4,452128649E10;1242655
WINFUT;21/05/2026;15:00:00;179670,00;179785,00;178675,00;178830,00;6,174966662E10;1721927
WINFUT;21/05/2026;14:00:00;178425,00;180355,00;178425,00;179665,00;1,080698202E11;3010642
WINFUT;21/05/2026;13:00:00;178235,00;178595,00;178210,00;178425,00;4,059830829E10;1137542
WINFUT;21/05/2026;12:00:00;178040,00;178420,00;177825,00;178240,00;5,325761499E10;1495101
WINFUT;21/05/2026;11:00:00;178345,00;178430,00;177625,00;178045,00;8,28986521E10;2328120
WINFUT;21/05/2026;10:00:00;177860,00;178810,00;177305,00;178345,00;1,320519869E11;3709580
WINFUT;21/05/2026;09:00:00;178060,00;178855,00;177415,00;177865,00;9,804100622E10;2754979
WINFUT;20/05/2026;18:00:00;178805,00;178890,00;178455,00;178650,00;5914120847,00;165498
WINFUT;20/05/2026;17:00:00;179300,00;179305,00;178745,00;178805,00;2,595909142E10;725216
WINFUT;20/05/2026;16:00:00;179700,00;179890,00;179215,00;179305,00;4,181934067E10;1164390
WINFUT;20/05/2026;15:00:00;179475,00;179835,00;179355,00;179705,00;3,887016429E10;1081858
WINFUT;20/05/2026;14:00:00;179700,00;179945,00;179410,00;179480,00;4,570685924E10;1271778
WINFUT;20/05/2026;13:00:00;179025,00;179765,00;178985,00;179695,00;4,952799779E10;1380622
WINFUT;20/05/2026;12:00:00;178675,00;179665,00;178600,00;179025,00;7,751301543E10;2164198
WINFUT;20/05/2026;11:00:00;178925,00;179315,00;177830,00;178670,00;1,171323299E11;3277859
WINFUT;20/05/2026;10:00:00;176800,00;179095,00;176705,00;178920,00;1,433055992E11;4026724
WINFUT;20/05/2026;09:00:00;176465,00;177520,00;176180,00;176800,00;8,050186541E10;2275699
WINFUT;19/05/2026;18:00:00;176190,00;176555,00;176175,00;176465,00;6583415983,00;186607
WINFUT;19/05/2026;17:00:00;175685,00;176230,00;175650,00;176195,00;2,423702893E10;688515
WINFUT;19/05/2026;16:00:00;175895,00;175930,00;175485,00;175685,00;4,864177415E10;1384091
WINFUT;19/05/2026;15:00:00;176460,00;176500,00;175775,00;175900,00;5,516592516E10;1566359
WINFUT;19/05/2026;14:00:00;176965,00;177020,00;176390,00;176460,00;5,344358924E10;1512011
WINFUT;19/05/2026;13:00:00;176275,00;177085,00;175945,00;176960,00;6,645585009E10;1883722
WINFUT;19/05/2026;12:00:00;176385,00;176655,00;176040,00;176275,00;6,604005676E10;1872603
WINFUT;19/05/2026;11:00:00;177160,00;177720,00;176130,00;176380,00;1,165428372E11;3293538
WINFUT;19/05/2026;10:00:00;176535,00;177280,00;175200,00;177155,00;1,647788963E11;4677361
WINFUT;19/05/2026;09:00:00;178560,00;178700,00;176425,00;176530,00;1,130467796E11;3187301
WINFUT;18/05/2026;18:00:00;179225,00;179530,00;179185,00;179530,00;5747693460,00;160246
WINFUT;18/05/2026;17:00:00;179165,00;179310,00;178890,00;179220,00;2,572438177E10;718018
WINFUT;18/05/2026;16:00:00;177710,00;179190,00;177660,00;179165,00;7,264722578E10;2035622
WINFUT;18/05/2026;15:00:00;178270,00;178280,00;177580,00;177710,00;5,916300711E10;1663362
WINFUT;18/05/2026;14:00:00;178730,00;178780,00;178220,00;178270,00;4,006984462E10;1122095
WINFUT;18/05/2026;13:00:00;178740,00;178920,00;178400,00;178725,00;4,670903862E10;1307284
WINFUT;18/05/2026;12:00:00;178490,00;178920,00;178210,00;178740,00;5,992080505E10;1678020
WINFUT;18/05/2026;11:00:00;178700,00;178785,00;177830,00;178490,00;8,866240914E10;2486633
WINFUT;18/05/2026;10:00:00;178400,00;178955,00;177845,00;178705,00;1,297961689E11;3636562
WINFUT;18/05/2026;09:00:00;179000,00;179550,00;178050,00;178395,00;1,061804718E11;2975656
WINFUT;15/05/2026;18:00:00;179210,00;179425,00;179055,00;179360,00;4063671257,00;113366
WINFUT;15/05/2026;17:00:00;179275,00;179305,00;178840,00;179210,00;2,426667985E10;677395
WINFUT;15/05/2026;16:00:00;178610,00;179405,00;178440,00;179280,00;4,794666462E10;1339874
WINFUT;15/05/2026;15:00:00;178960,00;179135,00;178335,00;178615,00;5,696027373E10;1593668
WINFUT;15/05/2026;14:00:00;178725,00;179025,00;178615,00;178955,00;4,259600624E10;1190901
WINFUT;15/05/2026;13:00:00;178470,00;178960,00;178335,00;178725,00;4,385231692E10;1227213
WINFUT;15/05/2026;12:00:00;178100,00;178690,00;178095,00;178475,00;5,617441114E10;1574753
WINFUT;15/05/2026;11:00:00;177825,00;178935,00;177530,00;178105,00;1,040937063E11;2917653
WINFUT;15/05/2026;10:00:00;177510,00;178150,00;177220,00;177825,00;1,222840833E11;3441055
WINFUT;15/05/2026;09:00:00;179000,00;179270,00;177460,00;177505,00;1,075924606E11;3021443
WINFUT;14/05/2026;18:00:00;180645,00;180720,00;180510,00;180675,00;5083680722,00;140745
WINFUT;14/05/2026;17:00:00;180485,00;180745,00;180385,00;180635,00;1,898947831E10;525760
WINFUT;14/05/2026;16:00:00;180555,00;180815,00;180375,00;180490,00;4,48134095E10;1240918
WINFUT;14/05/2026;15:00:00;181120,00;181135,00;180435,00;180550,00;5,323531466E10;1472250
WINFUT;14/05/2026;14:00:00;181025,00;181550,00;181000,00;181125,00;5,280246791E10;1456104
WINFUT;14/05/2026;13:00:00;181070,00;181220,00;180725,00;181020,00;4,846330082E10;1338791
WINFUT;14/05/2026;12:00:00;180965,00;181185,00;180845,00;181070,00;5,256616598E10;1451887
WINFUT;14/05/2026;11:00:00;180105,00;181110,00;180035,00;180960,00;9,902495212E10;2739140
WINFUT;14/05/2026;10:00:00;180675,00;180865,00;179705,00;180105,00;1,364510363E11;3782584
WINFUT;14/05/2026;09:00:00;179055,00;180785,00;179055,00;180680,00;9,307341947E10;2581187
WINFUT;13/05/2026;18:00:00;179225,00;179260,00;178935,00;179105,00;5181376292,00;144668
WINFUT;13/05/2026;17:00:00;179170,00;179350,00;178845,00;179230,00;2,665178717E10;743911
WINFUT;13/05/2026;16:00:00;179590,00;179670,00;178890,00;179170,00;5,155843185E10;1438179
WINFUT;13/05/2026;15:00:00;180575,00;180860,00;178790,00;179595,00;1,141971124E11;3172286
WINFUT;13/05/2026;14:00:00;182105,00;182125,00;180385,00;180575,00;7,605486442E10;2094015
WINFUT;13/05/2026;13:00:00;182465,00;182740,00;182080,00;182105,00;5,24583126E10;1437402
WINFUT;13/05/2026;12:00:00;182350,00;182560,00;182155,00;182465,00;5,134226404E10;1407471
WINFUT;13/05/2026;11:00:00;181950,00;182565,00;181805,00;182350,00;8,269773068E10;2268332
WINFUT;13/05/2026;10:00:00;182075,00;182440,00;180825,00;181955,00;1,431767323E11;3939597
WINFUT;13/05/2026;09:00:00;182750,00;182900,00;181560,00;182075,00;9,097079844E10;2498825
WINFUT;12/05/2026;18:00:00;182855,00;182960,00;182700,00;182770,00;5552003403,00;151815
WINFUT;12/05/2026;17:00:00;182775,00;182880,00;182585,00;182855,00;1,840358762E10;503560
WINFUT;12/05/2026;16:00:00;182665,00;183185,00;182660,00;182775,00;5,327231885E10;1456312
WINFUT;12/05/2026;15:00:00;182350,00;182965,00;182170,00;182670,00;5,342546088E10;1463048
WINFUT;12/05/2026;14:00:00;182330,00;182775,00;182280,00;182350,00;5,057671129E10;1385406
WINFUT;12/05/2026;13:00:00;182445,00;182600,00;182160,00;182330,00;4,773035372E10;1308412
WINFUT;12/05/2026;12:00:00;182480,00;182880,00;182145,00;182445,00;6,223519661E10;1705517
WINFUT;12/05/2026;11:00:00;183470,00;183645,00;182205,00;182480,00;1,0871512E11;2972953
WINFUT;12/05/2026;10:00:00;183540,00;184090,00;182520,00;183470,00;1,614850517E11;4403138
WINFUT;12/05/2026;09:00:00;183800,00;183935,00;183115,00;183545,00;9,969017219E10;2716121
WINFUT;11/05/2026;18:00:00;184365,00;184965,00;184310,00;184600,00;7698781060,00;208545
WINFUT;11/05/2026;17:00:00;184370,00;184450,00;184165,00;184365,00;1,898547939E10;515068
WINFUT;11/05/2026;16:00:00;184450,00;184475,00;183940,00;184365,00;5,14224732E10;1395786
WINFUT;11/05/2026;15:00:00;184400,00;184675,00;184205,00;184445,00;4,618288475E10;1251885
WINFUT;11/05/2026;14:00:00;184490,00;184610,00;184180,00;184395,00;4,876822572E10;1322414
WINFUT;11/05/2026;13:00:00;184655,00;184660,00;184040,00;184495,00;5,849905323E10;1586575
WINFUT;11/05/2026;12:00:00;184965,00;185055,00;184525,00;184655,00;6,274387202E10;1698064
WINFUT;11/05/2026;11:00:00;185650,00;185755,00;184840,00;184965,00;1,127162605E11;3043938
WINFUT;11/05/2026;10:00:00;185920,00;186955,00;185460,00;185655,00;1,63129957E11;4379078
WINFUT;11/05/2026;09:00:00;187400,00;187400,00;185670,00;185920,00;1,014019271E11;2725455
WINFUT;08/05/2026;18:00:00;187000,00;187190,00;186855,00;187190,00;5874204545,00;157064
WINFUT;08/05/2026;17:00:00;186925,00;187130,00;186635,00;186995,00;2,288906952E10;612569
WINFUT;08/05/2026;16:00:00;187180,00;187305,00;186700,00;186925,00;3,919068468E10;1048136
WINFUT;08/05/2026;15:00:00;187085,00;187485,00;187005,00;187175,00;4,388012908E10;1171726
WINFUT;08/05/2026;14:00:00;187145,00;187320,00;186890,00;187080,00;4,233971E10;1131323
WINFUT;08/05/2026;13:00:00;187100,00;187515,00;187090,00;187140,00;4,41566607E10;1178713
WINFUT;08/05/2026;12:00:00;187590,00;187650,00;187005,00;187105,00;6,002915289E10;1602588
WINFUT;08/05/2026;11:00:00;187595,00;188065,00;187035,00;187590,00;1,023961883E11;2730148
WINFUT;08/05/2026;10:00:00;187730,00;188255,00;187210,00;187595,00;1,511296444E11;4024618
WINFUT;08/05/2026;09:00:00;186000,00;187850,00;185800,00;187730,00;1,155211293E11;3089496
WINFUT;07/05/2026;18:00:00;185500,00;185525,00;185180,00;185260,00;6482412111,00;174863
WINFUT;07/05/2026;17:00:00;185605,00;185840,00;185360,00;185495,00;2,694938228E10;725988
WINFUT;07/05/2026;16:00:00;186060,00;186115,00;185385,00;185605,00;4,932894252E10;1327318
WINFUT;07/05/2026;15:00:00;186145,00;186380,00;185815,00;186065,00;6,154090217E10;1653809
WINFUT;07/05/2026;14:00:00;186250,00;186440,00;185430,00;186145,00;8,334773962E10;2240794
WINFUT;07/05/2026;13:00:00;186485,00;186765,00;186160,00;186250,00;5,821206822E10;1560604
WINFUT;07/05/2026;12:00:00;186950,00;187230,00;186360,00;186490,00;7,469108221E10;1999450
WINFUT;07/05/2026;11:00:00;186585,00;187045,00;186280,00;186950,00;9,616547623E10;2575737
WINFUT;07/05/2026;10:00:00;189625,00;189685,00;186430,00;186590,00;1,787362359E11;4753279
WINFUT;07/05/2026;09:00:00;190300,00;190575,00;189200,00;189625,00;1,140722706E11;3008115
WINFUT;06/05/2026;18:00:00;190000,00;190080,00;189955,00;190000,00;4540558356,00;119480
WINFUT;06/05/2026;17:00:00;190590,00;190660,00;189870,00;190000,00;2,788317476E10;732925
WINFUT;06/05/2026;16:00:00;190720,00;191010,00;190435,00;190590,00;5,338289843E10;1399342
WINFUT;06/05/2026;15:00:00;190300,00;190740,00;190230,00;190715,00;4,088582023E10;1073529
WINFUT;06/05/2026;14:00:00;190545,00;191010,00;190145,00;190305,00;5,215260078E10;1368312
WINFUT;06/05/2026;13:00:00;190710,00;191115,00;190440,00;190540,00;5,582029496E10;1462678
WINFUT;06/05/2026;12:00:00;190490,00;190940,00;190195,00;190710,00;6,453714942E10;1692560
WINFUT;06/05/2026;11:00:00;190195,00;191130,00;189635,00;190485,00;1,209650884E11;3180161
WINFUT;06/05/2026;10:00:00;191390,00;191530,00;190145,00;190200,00;1,622271999E11;4247420
WINFUT;06/05/2026;09:00:00;191440,00;192560,00;191000,00;191390,00;1,318385359E11;3438302
WINFUT;05/05/2026;18:00:00;189465,00;189615,00;189345,00;189400,00;5728152821,00;151154
WINFUT;05/05/2026;17:00:00;189360,00;189650,00;189340,00;189465,00;2,049674917E10;540793
WINFUT;05/05/2026;16:00:00;189655,00;189725,00;189300,00;189350,00;3,939423234E10;1039062
WINFUT;05/05/2026;15:00:00;189315,00;189730,00;189275,00;189660,00;4,791028769E10;1263766
WINFUT;05/05/2026;14:00:00;189370,00;189495,00;189040,00;189315,00;5,636463371E10;1488763
WINFUT;05/05/2026;13:00:00;190155,00;190245,00;189320,00;189370,00;4,776726304E10;1257664
WINFUT;05/05/2026;12:00:00;189340,00;190225,00;189065,00;190150,00;6,986423251E10;1841520
WINFUT;05/05/2026;11:00:00;189010,00;189450,00;188600,00;189335,00;1,006524569E11;2661825
WINFUT;05/05/2026;10:00:00;188155,00;189375,00;188080,00;189010,00;1,626398066E11;4306001
WINFUT;05/05/2026;09:00:00;189525,00;189600,00;188040,00;188155,00;1,026043209E11;2722277
WINFUT;04/05/2026;18:00:00;188350,00;188580,00;188335,00;188580,00;6622742318,00;175682
WINFUT;04/05/2026;17:00:00;188380,00;188485,00;188195,00;188355,00;2,038779098E10;541272
WINFUT;04/05/2026;16:00:00;188615,00;188790,00;188355,00;188380,00;4,403513576E10;1167391
WINFUT;04/05/2026;15:00:00;188605,00;188815,00;188390,00;188620,00;4,885239223E10;1295243
WINFUT;04/05/2026;14:00:00;188490,00;188895,00;188395,00;188610,00;4,949619768E10;1311851
WINFUT;04/05/2026;13:00:00;189025,00;189175,00;188415,00;188485,00;6,631717634E10;1755866
WINFUT;04/05/2026;12:00:00;189630,00;189975,00;188760,00;189030,00;9,559445935E10;2525106
WINFUT;04/05/2026;11:00:00;189930,00;190440,00;189545,00;189630,00;9,667913109E10;2543265
WINFUT;04/05/2026;10:00:00;190280,00;190700,00;189685,00;189930,00;1,299649508E11;3417210
WINFUT;04/05/2026;09:00:00;189490,00;190870,00;189490,00;190285,00;1,074268685E11;2822334
WINFUT;30/04/2026;18:00:00;190130,00;190215,00;189960,00;189980,00;5213860222,00;137153
WINFUT;30/04/2026;17:00:00;190720,00;190780,00;190100,00;190135,00;3,124490586E10;820478
WINFUT;30/04/2026;16:00:00;190685,00;191035,00;190670,00;190715,00;4,526923857E10;1185761
WINFUT;30/04/2026;15:00:00;190370,00;190775,00;190360,00;190690,00;3,756615274E10;985457
WINFUT;30/04/2026;14:00:00;190130,00;190535,00;190120,00;190365,00;4,350768391E10;1142786
WINFUT;30/04/2026;13:00:00;190185,00;190325,00;189870,00;190130,00;4,4794282E10;1177911
WINFUT;30/04/2026;12:00:00;190010,00;190350,00;189805,00;190180,00;5,574224756E10;1466203
WINFUT;30/04/2026;11:00:00;189860,00;190310,00;189315,00;190010,00;1,051192358E11;2768130
WINFUT;30/04/2026;10:00:00;188905,00;189990,00;188810,00;189865,00;1,241128231E11;3276322
WINFUT;30/04/2026;09:00:00;188500,00;189225,00;188305,00;188910,00;8,673555522E10;2295935
WINFUT;29/04/2026;18:00:00;187255,00;187265,00;186865,00;186900,00;7401412953,00;197842
WINFUT;29/04/2026;17:00:00;187725,00;187905,00;187200,00;187260,00;3,46564918E10;924047
WINFUT;29/04/2026;16:00:00;188205,00;188265,00;187495,00;187720,00;5,439879948E10;1447518
WINFUT;29/04/2026;15:00:00;188775,00;188805,00;187880,00;188210,00;7,590618389E10;2015962
WINFUT;29/04/2026;14:00:00;188870,00;188950,00;188510,00;188775,00;4,386151641E10;1161759
WINFUT;29/04/2026;13:00:00;188925,00;189155,00;188755,00;188870,00;4,708538865E10;1246072
WINFUT;29/04/2026;12:00:00;189930,00;189985,00;188685,00;188925,00;8,548487463E10;2257521
WINFUT;29/04/2026;11:00:00;189560,00;189940,00;189300,00;189930,00;8,349206935E10;2201664
WINFUT;29/04/2026;10:00:00;190705,00;190800,00;189480,00;189555,00;1,346155616E11;3538601
WINFUT;29/04/2026;09:00:00;191670,00;191695,00;190640,00;190705,00;8,787377934E10;2299512
WINFUT;28/04/2026;18:00:00;191895,00;191940,00;191645,00;191890,00;6974164943,00;181786
WINFUT;28/04/2026;17:00:00;191825,00;191960,00;191765,00;191895,00;1,950172795E10;508213
WINFUT;28/04/2026;16:00:00;191800,00;192005,00;191670,00;191820,00;3,980150241E10;1037423
WINFUT;28/04/2026;15:00:00;192070,00;192180,00;191745,00;191800,00;4,9668093E10;1293702
WINFUT;28/04/2026;14:00:00;191990,00;192310,00;191735,00;192070,00;5,006819869E10;1303623
WINFUT;28/04/2026;13:00:00;191820,00;192095,00;191635,00;191990,00;4,67376986E10;1218353
WINFUT;28/04/2026;12:00:00;191080,00;191860,00;191065,00;191815,00;7,046126682E10;1839520
WINFUT;28/04/2026;11:00:00;191445,00;191790,00;190640,00;191085,00;1,131371355E11;2958286
WINFUT;28/04/2026;10:00:00;191455,00;191915,00;190550,00;191450,00;1,449139154E11;3790106
WINFUT;28/04/2026;09:00:00;192075,00;192195,00;191210,00;191455,00;1,050213917E11;2741986
WINFUT;27/04/2026;18:00:00;192790,00;192845,00;192600,00;192755,00;5393518661,00;139900
WINFUT;27/04/2026;17:00:00;192970,00;193025,00;192745,00;192790,00;2,173493816E10;563358
WINFUT;27/04/2026;16:00:00;193360,00;193450,00;192930,00;192965,00;4,554848417E10;1178900
WINFUT;27/04/2026;15:00:00;193595,00;193760,00;193310,00;193360,00;4,127060872E10;1066069
WINFUT;27/04/2026;14:00:00;193370,00;193715,00;193085,00;193595,00;5,445785907E10;1407925
WINFUT;27/04/2026;13:00:00;193815,00;193825,00;193250,00;193370,00;4,697813552E10;1213352
WINFUT;27/04/2026;12:00:00;193520,00;193850,00;193335,00;193815,00;6,403515519E10;1654014
WINFUT;27/04/2026;11:00:00;194435,00;194725,00;193440,00;193515,00;9,548831225E10;2458633
WINFUT;27/04/2026;10:00:00;194485,00;194800,00;193835,00;194435,00;1,49642784E11;3849852
WINFUT;27/04/2026;09:00:00;194760,00;195245,00;194315,00;194485,00;9,418143879E10;2419111
WINFUT;24/04/2026;18:00:00;194345,00;194565,00;194320,00;194355,00;5016433101,00;129014
WINFUT;24/04/2026;17:00:00;194160,00;194440,00;194110,00;194350,00;2,215136567E10;570084
WINFUT;24/04/2026;16:00:00;194195,00;194295,00;193845,00;194165,00;4,318114856E10;1112743
WINFUT;24/04/2026;15:00:00;193855,00;194240,00;193630,00;194195,00;4,393716668E10;1132912
WINFUT;24/04/2026;14:00:00;193690,00;194065,00;193485,00;193860,00;4,512177961E10;1164406
WINFUT;24/04/2026;13:00:00;194045,00;194065,00;193430,00;193690,00;4,900506086E10;1265117
WINFUT;24/04/2026;12:00:00;193775,00;194250,00;193520,00;194045,00;7,131426044E10;1839246
WINFUT;24/04/2026;11:00:00;194660,00;194675,00;193440,00;193775,00;1,037531915E11;2672385
WINFUT;24/04/2026;10:00:00;194645,00;195025,00;193550,00;194655,00;1,472045763E11;3787989
WINFUT;24/04/2026;09:00:00;195330,00;195430,00;194135,00;194640,00;1,003534973E11;2576098
WINFUT;23/04/2026;18:00:00;194875,00;194875,00;194520,00;194520,00;6463909120,00;166006
WINFUT;23/04/2026;17:00:00;195155,00;195185,00;194740,00;194870,00;2,134019203E10;547309
WINFUT;23/04/2026;16:00:00;195570,00;195620,00;194905,00;195155,00;5,482241169E10;1403910
WINFUT;23/04/2026;15:00:00;195515,00;195930,00;195425,00;195575,00;6,680821266E10;1707131
WINFUT;23/04/2026;14:00:00;196200,00;196250,00;194425,00;195515,00;1,432037544E11;3667441
WINFUT;23/04/2026;13:00:00;195740,00;196420,00;195420,00;196200,00;6,224737975E10;1588362
WINFUT;23/04/2026;12:00:00;195980,00;196310,00;195640,00;195740,00;6,966424638E10;1777778
WINFUT;23/04/2026;11:00:00;196160,00;196480,00;195780,00;195975,00;9,655007784E10;2461457
WINFUT;23/04/2026;10:00:00;196385,00;197040,00;195620,00;196160,00;1,454904059E11;3702777
WINFUT;23/04/2026;09:00:00;196275,00;196630,00;195965,00;196385,00;9,206342721E10;2343946
WINFUT;22/04/2026;18:00:00;196490,00;196515,00;196120,00;196135,00;9022041524,00;229750
WINFUT;22/04/2026;17:00:00;196605,00;196705,00;196430,00;196490,00;2,061734828E10;524335
WINFUT;22/04/2026;16:00:00;196690,00;196765,00;196365,00;196605,00;5,139430095E10;1307369
WINFUT;22/04/2026;15:00:00;196735,00;196960,00;196575,00;196690,00;3,865141599E10;982224
WINFUT;22/04/2026;14:00:00;196745,00;197065,00;196580,00;196740,00;5,359161478E10;1361334
WINFUT;22/04/2026;13:00:00;197410,00;197510,00;196540,00;196745,00;6,475665397E10;1644075
WINFUT;22/04/2026;12:00:00;197465,00;197530,00;196990,00;197410,00;5,895768402E10;1494473
WINFUT;22/04/2026;11:00:00;198615,00;198865,00;197020,00;197470,00;1,148250897E11;2902301
WINFUT;22/04/2026;10:00:00;198950,00;199765,00;198000,00;198610,00;1,573592872E11;3954554
WINFUT;22/04/2026;09:00:00;200550,00;200660,00;198590,00;198950,00;1,349527686E11;3386834
WINFUT;20/04/2026;18:00:00;200135,00;200430,00;200115,00;200430,00;4127255976,00;103054
WINFUT;20/04/2026;17:00:00;200280,00;200305,00;200040,00;200135,00;1,759636116E10;439597
WINFUT;20/04/2026;16:00:00;200090,00;200345,00;199930,00;200280,00;3,974492686E10;992914
WINFUT;20/04/2026;15:00:00;200055,00;200385,00;200000,00;200095,00;4,171640446E10;1041869
WINFUT;20/04/2026;14:00:00;200270,00;200455,00;199885,00;200055,00;4,606789553E10;1150983
WINFUT;20/04/2026;13:00:00;200655,00;200785,00;200255,00;200275,00;4,288140104E10;1069008
WINFUT;20/04/2026;12:00:00;200215,00;200740,00;199940,00;200655,00;6,256101843E10;1560938
WINFUT;20/04/2026;11:00:00;199830,00;200580,00;199175,00;200210,00;1,109151819E11;2773336
WINFUT;20/04/2026;10:00:00;200180,00;200745,00;199490,00;199830,00;1,424480815E11;3559148
WINFUT;20/04/2026;09:00:00;199660,00;200300,00;199290,00;200180,00;8,874268029E10;2219128
WINFUT;17/04/2026;18:00:00;199910,00;199960,00;199500,00;199650,00;6725914711,00;168340
WINFUT;17/04/2026;17:00:00;199605,00;200220,00;199600,00;199910,00;2,879414934E10;719995
WINFUT;17/04/2026;16:00:00;199765,00;199985,00;199580,00;199605,00;4,725080738E10;1182487
WINFUT;17/04/2026;15:00:00;200485,00;200505,00;199345,00;199770,00;5,896214069E10;1474067
WINFUT;17/04/2026;14:00:00;200485,00;200620,00;200115,00;200485,00;5,636620984E10;1406242
WINFUT;17/04/2026;13:00:00;200265,00;200590,00;200075,00;200490,00;4,722445803E10;1178525
WINFUT;17/04/2026;12:00:00;200130,00;200550,00;199780,00;200270,00;7,336623338E10;1832059
WINFUT;17/04/2026;11:00:00;201745,00;201765,00;199565,00;200130,00;1,289799956E11;3212450
WINFUT;17/04/2026;10:00:00;202960,00;203470,00;201270,00;201745,00;1,633768907E11;4040178
WINFUT;17/04/2026;09:00:00;201525,00;203195,00;201165,00;202955,00;1,259772975E11;3117587
WINFUT;16/04/2026;18:00:00;200925,00;200970,00;200705,00;200750,00;4922332045,00;122532
WINFUT;16/04/2026;17:00:00;200930,00;201140,00;200820,00;200930,00;1,914452831E10;476334
WINFUT;16/04/2026;16:00:00;200660,00;201025,00;200640,00;200930,00;4,034557713E10;1004354
WINFUT;16/04/2026;15:00:00;200760,00;201075,00;200535,00;200660,00;5,285066556E10;1315764
WINFUT;16/04/2026;14:00:00;201140,00;201175,00;200600,00;200765,00;4,922746491E10;1225184
WINFUT;16/04/2026;13:00:00;201485,00;201655,00;200885,00;201140,00;5,48190318E10;1361580
WINFUT;16/04/2026;12:00:00;200800,00;201560,00;200785,00;201480,00;7,275347323E10;1808147
WINFUT;16/04/2026;11:00:00;201545,00;201770,00;200640,00;200805,00;1,079909359E11;2685287
WINFUT;16/04/2026;10:00:00;202785,00;202835,00;201360,00;201545,00;1,583165925E11;3915190
WINFUT;16/04/2026;09:00:00;202065,00;202975,00;202005,00;202785,00;1,121934327E11;2770958
WINFUT;15/04/2026;18:00:00;201820,00;201930,00;201720,00;201720,00;4746878877,00;117599
WINFUT;15/04/2026;17:00:00;201810,00;202000,00;201715,00;201815,00;2,512197572E10;622194
WINFUT;15/04/2026;16:00:00;202275,00;202320,00;201605,00;201810,00;4,803591632E10;1189361
WINFUT;15/04/2026;15:00:00;201670,00;202500,00;201475,00;202275,00;5,863319389E10;1451121
WINFUT;15/04/2026;14:00:00;201450,00;201750,00;201350,00;201670,00;4,547571237E10;1128133
WINFUT;15/04/2026;13:00:00;201655,00;201800,00;201210,00;201445,00;4,587858919E10;1138256
WINFUT;15/04/2026;12:00:00;201900,00;202195,00;201515,00;201655,00;5,489150806E10;1359690
WINFUT;15/04/2026;11:00:00;202635,00;202770,00;201635,00;201900,00;8,474242419E10;2096819
WINFUT;15/04/2026;10:00:00;202235,00;203495,00;201870,00;202630,00;1,481723457E11;3655558
WINFUT;15/04/2026;09:00:00;202885,00;203005,00;201860,00;202235,00;9,15076427E10;2262453
WINFUT;14/04/2026;18:00:00;202929,59;203016,41;202710,00;202710,00;4933111382,00;121591
WINFUT;14/04/2026;17:00:00;203276,86;203317,71;202796,82;202929,59;2,248428783E10;553690
WINFUT;14/04/2026;16:00:00;202960,23;203414,74;202960,23;203276,86;4,690783444E10;1154017
WINFUT;14/04/2026;15:00:00;203026,62;203195,15;202689,57;202960,23;4,847060047E10;1194031
WINFUT;14/04/2026;14:00:00;203001,09;203419,85;202914,27;203026,62;5,486925622E10;1350344
WINFUT;14/04/2026;13:00:00;202822,35;203123,65;202689,57;202995,98;5,075434449E10;1250798
WINFUT;14/04/2026;12:00:00;203082,80;203287,07;202648,72;202822,35;7,254527681E10;1787372
WINFUT;14/04/2026;11:00:00;203567,95;203833,50;203057,26;203082,80;9,716565076E10;2388685
WINFUT;14/04/2026;10:00:00;202965,34;203675,19;202403,59;203562,84;1,460611175E11;3596513
WINFUT;14/04/2026;09:00:00;202898,95;203455,60;202337,20;202970,45;1,09161902E11;2691630
WINFUT;13/04/2026;18:00:00;202408,70;202475,09;202143,14;202143,14;6943609600,00;171603
WINFUT;13/04/2026;17:00:00;202572,12;202643,61;202178,89;202408,70;2,949564744E10;728764
WINFUT;13/04/2026;16:00:00;202434,23;202704,89;202275,92;202572,12;5,572669108E10;1375827
WINFUT;13/04/2026;15:00:00;202398,48;202592,54;202076,75;202434,23;6,473691691E10;1599589
WINFUT;13/04/2026;14:00:00;201622,25;202469,98;201566,07;202398,48;7,078352591E10;1750982
WINFUT;13/04/2026;13:00:00;201040,07;201877,59;201014,54;201622,25;9,89497242E10;2455029
WINFUT;13/04/2026;12:00:00;201091,14;201106,46;200575,35;201045,18;6,691209245E10;1665504
WINFUT;13/04/2026;11:00:00;201126,89;201382,23;200912,40;201091,14;9,499624239E10;2361460
WINFUT;13/04/2026;10:00:00;200953,25;201622,25;200631,53;201131,99;1,518821262E11;3775777
WINFUT;13/04/2026;09:00:00;201060,50;201433,30;200488,53;200958,36;9,081391115E10;2259594
WINFUT;10/04/2026;18:00:00;202061,43;202822,35;201903,12;202822,35;7915040556,00;195704
WINFUT;10/04/2026;17:00:00;201765,24;202153,36;201596,71;202061,43;2,492373106E10;617207
WINFUT;10/04/2026;16:00:00;201361,80;201872,48;201351,59;201765,24;4,304225217E10;1067459
WINFUT;10/04/2026;15:00:00;201121,78;201785,67;200840,90;201356,69;6,056175005E10;1504018
WINFUT;10/04/2026;14:00:00;201060,50;201172,85;200728,55;201126,89;4,817448222E10;1198804
WINFUT;10/04/2026;13:00:00;200958,36;201326,05;200800,05;201060,50;5,215683937E10;1297375
WINFUT;10/04/2026;12:00:00;201285,20;201806,09;200805,16;200963,47;8,27886321E10;2055519
WINFUT;10/04/2026;11:00:00;202086,97;202204,43;201183,06;201290,30;1,165775038E11;2888938
WINFUT;10/04/2026;10:00:00;200519,18;202127,82;200396,61;202086,97;1,549663174E11;3853070
WINFUT;10/04/2026;09:00:00;200110,63;200687,70;199686,76;200524,28;1,209619944E11;3020630
WINFUT;09/04/2026;18:00:00;200090,20;200340,44;200008,49;200340,44;8934540807,00;223200
WINFUT;09/04/2026;17:00:00;199906,36;200161,70;199783,79;200090,20;2,523672485E10;630954
WINFUT;09/04/2026;16:00:00;199732,73;200182,13;199630,59;199911,46;6,208966432E10;1552665
WINFUT;09/04/2026;15:00:00;199860,40;199921,68;199339,50;199732,73;6,639989487E10;1663076
WINFUT;09/04/2026;14:00:00;199589,73;200182,13;199502,92;199855,29;6,491468602E10;1623805
WINFUT;09/04/2026;13:00:00;199584,63;199778,69;199308,86;199589,73;5,777405308E10;1447758
WINFUT;09/04/2026;12:00:00;198854,35;200110,63;198471,34;199579,52;1,008365842E11;2528424
WINFUT;09/04/2026;11:00:00;198849,25;199119,91;198062,80;198859,46;1,125606221E11;2833367
WINFUT;09/04/2026;10:00:00;197940,23;199278,22;197475,51;198854,35;1,565409533E11;3946254
WINFUT;09/04/2026;09:00:00;196188,59;198006,62;196183,49;197940,23;1,221483556E11;3095928
WINFUT;08/04/2026;18:00:00;197082,29;197123,14;196510,32;196510,32;6019896836,00;152858
WINFUT;08/04/2026;17:00:00;197015,90;197281,45;196826,95;197077,18;3,043435162E10;772238
WINFUT;08/04/2026;16:00:00;196387,76;197215,06;196234,56;197015,90;6,173737036E10;1568519
WINFUT;08/04/2026;15:00:00;197107,82;197388,70;196341,80;196392,87;7,623356627E10;1936632
WINFUT;08/04/2026;14:00:00;197240,60;197511,26;196786,09;197102,71;6,982644306E10;1771196
WINFUT;08/04/2026;13:00:00;196816,73;197342,74;196392,87;197245,71;6,526956515E10;1658091
WINFUT;08/04/2026;12:00:00;196117,10;196918,87;196055,82;196816,73;7,854485294E10;1997831
WINFUT;08/04/2026;11:00:00;196275,41;196816,73;195662,59;196117,10;1,349206299E11;3438045
WINFUT;08/04/2026;10:00:00;198956,49;199605,06;196157,95;196275,41;1,854997981E11;4689123
WINFUT;08/04/2026;09:00:00;198282,39;199119,91;197572,54;198956,49;1,372917454E11;3461572
WINFUT;07/04/2026;18:00:00;193328,78;193579,01;193109,18;193303,24;8259518368,00;213613
WINFUT;07/04/2026;17:00:00;192746,60;193527,94;192690,42;193323,67;4,182159696E10;1083231
WINFUT;07/04/2026;16:00:00;191403,51;192869,16;191168,59;192741,49;8,557132723E10;2228368
WINFUT;07/04/2026;15:00:00;192031,65;192195,06;191163,49;191403,51;5,183336675E10;1351176
WINFUT;07/04/2026;14:00:00;191806,95;192562,75;191745,66;192036,75;6,49525327E10;1690865
WINFUT;07/04/2026;13:00:00;191566,92;192108,25;191454,57;191812,05;6,165357311E10;1606881
WINFUT;07/04/2026;12:00:00;191403,51;191725,24;190719,19;191572,03;7,067722437E10;1847118
WINFUT;07/04/2026;11:00:00;190754,94;192169,53;190315,75;191398,40;1,118984216E11;2924475
WINFUT;07/04/2026;10:00:00;191669,06;192302,31;190499,60;190749,83;1,286169846E11;3357484
WINFUT;07/04/2026;09:00:00;192179,74;192884,48;191183,91;191663,95;1,224343916E11;3191909
WINFUT;06/04/2026;18:00:00;192884,48;193017,26;192741,49;192828,31;5090850896,00;131968
WINFUT;06/04/2026;17:00:00;193073,44;193114,29;192782,35;192879,38;2,384982418E10;618017
WINFUT;06/04/2026;16:00:00;192955,98;193226,64;192746,60;193078,54;4,229342246E10;1095861
WINFUT;06/04/2026;15:00:00;192639,36;193190,89;192419,76;192950,87;6,055419429E10;1569976
WINFUT;06/04/2026;14:00:00;193058,12;193109,18;192501,47;192644,46;6,525686791E10;1692494
WINFUT;06/04/2026;13:00:00;193104,08;193425,81;192833,42;193058,12;4,948575647E10;1280989
WINFUT;06/04/2026;12:00:00;192976,41;193359,42;192501,47;193104,08;6,302162156E10;1633117
WINFUT;06/04/2026;11:00:00;193619,87;193956,92;192659,78;192976,41;7,254848791E10;1876594
WINFUT;06/04/2026;10:00:00;193349,20;194048,84;192373,80;193619,87;1,404161269E11;3633763
WINFUT;06/04/2026;09:00:00;193241,96;193962,02;192904,91;193349,20;8,531339739E10;2204790
WINFUT;02/04/2026;18:00:00;192511,69;192690,42;192373,80;192690,42;5926092193,00;153858
WINFUT;02/04/2026;17:00:00;192741,49;192894,70;192440,19;192511,69;2,107254631E10;546960
WINFUT;02/04/2026;16:00:00;192465,72;192971,30;192348,27;192741,49;5,155732702E10;1338118
WINFUT;02/04/2026;15:00:00;192144,00;192675,10;191929,51;192465,72;4,892305559E10;1272208
WINFUT;02/04/2026;14:00:00;192317,63;192675,10;191837,59;192144,00;5,526159678E10;1436819
WINFUT;02/04/2026;13:00:00;192930,45;193098,97;192072,50;192312,52;6,248140703E10;1622476
WINFUT;02/04/2026;12:00:00;192986,62;194166,29;192746,60;192925,34;8,237800779E10;2129816
WINFUT;02/04/2026;11:00:00;191658,85;193711,79;191485,22;192986,62;1,407640798E11;3656406
WINFUT;02/04/2026;10:00:00;189743,79;191858,01;189289,28;191663,95;1,516233804E11;3984051
WINFUT;02/04/2026;09:00:00;190085,95;190596,63;189319,93;189748,90;1,222831297E11;3220220
WINFUT;01/04/2026;18:00:00;192746,60;193037,69;192664,89;192833,42;6199652268,00;160721
WINFUT;01/04/2026;17:00:00;192838,52;192986,62;192567,86;192741,49;2,942833143E10;763207
WINFUT;01/04/2026;16:00:00;192685,32;193364,52;192394,23;192838,52;7,086011678E10;1836481
WINFUT;01/04/2026;15:00:00;193507,52;193589,22;192475,94;192685,32;8,586856218E10;2226082
WINFUT;01/04/2026;14:00:00;193844,57;194140,76;193430,91;193502,41;5,882132181E10;1517395
WINFUT;01/04/2026;13:00:00;193466,66;194023,30;193098,97;193844,57;7,009315382E10;1810619
WINFUT;01/04/2026;12:00:00;193333,88;193885,42;193017,26;193466,66;8,428573569E10;2178455
WINFUT;01/04/2026;11:00:00;193098,97;193369,63;192077,61;193338,99;1,276435264E11;3312923
WINFUT;01/04/2026;10:00:00;193231,75;193982,45;192782,35;193098,97;1,445040617E11;3737838
WINFUT;01/04/2026;09:00:00;193880,31;194319,50;193098,97;193226,64;1,268707312E11;3275859
WINFUT;31/03/2026;18:00:00;192639,36;193170,47;192368,70;192920,23;7550343197,00;195928
WINFUT;31/03/2026;17:00:00;192639,36;192996,83;192404,44;192639,36;3,004399731E10;779741
WINFUT;31/03/2026;16:00:00;192246,13;192690,42;191873,33;192644,46;5,417407428E10;1408641
WINFUT;31/03/2026;15:00:00;191735,45;192572,97;191709,92;192241,02;6,333574707E10;1647338
WINFUT;31/03/2026;14:00:00;191858,01;192486,15;191633,31;191735,45;8,503142763E10;2213813
WINFUT;31/03/2026;13:00:00;190111,48;192343,16;190009,35;191863,12;9,917609736E10;2592960
WINFUT;31/03/2026;12:00:00;189355,67;190627,27;189355,67;190111,48;8,221672561E10;2162348
WINFUT;31/03/2026;11:00:00;191102,20;191459,68;189253,54;189355,67;1,122249981E11;2947033
WINFUT;31/03/2026;10:00:00;190402,57;191418,83;189840,82;191117,53;1,451829005E11;3808525
WINFUT;31/03/2026;09:00:00;188850,10;191025,60;188604,97;190402,57;1,285528382E11;3378073
WINFUT;30/03/2026;18:00:00;187542,75;187614,25;187129,10;187195,49;6157917775,00;164308
WINFUT;30/03/2026;17:00:00;187527,43;187757,24;187200,60;187537,65;2,877580868E10;767480
WINFUT;30/03/2026;16:00:00;187180,17;187624,46;186700,13;187532,54;6,507351036E10;1738574
WINFUT;30/03/2026;15:00:00;187660,21;187823,63;187037,18;187180,17;5,964018913E10;1590833
WINFUT;30/03/2026;14:00:00;188364,95;188569,22;187307,84;187665,32;7,586411369E10;2019161
WINFUT;30/03/2026;13:00:00;189156,51;189192,26;188252,60;188370,06;5,862109948E10;1553463
WINFUT;30/03/2026;12:00:00;189008,41;189447,60;188507,94;189156,51;7,499414622E10;1983749
WINFUT;30/03/2026;11:00:00;187522,33;189079,91;187512,11;189003,30;1,139051178E11;3027880
WINFUT;30/03/2026;10:00:00;188099,40;188921,59;187272,09;187512,11;1,375039806E11;3650406
WINFUT;30/03/2026;09:00:00;186802,26;188196,43;185821,76;188104,50;9,308254585E10;2484716
WINFUT;27/03/2026;18:00:00;186245,62;186306,90;185898,36;186005,60;5177444426,00;139100
WINFUT;27/03/2026;17:00:00;186312,01;186695,02;185954,53;186245,62;2,927421628E10;785674
WINFUT;27/03/2026;16:00:00;186409,04;186511,18;185898,36;186317,12;5,143400906E10;1381024
WINFUT;27/03/2026;15:00:00;186500,96;186623,53;186107,74;186414,15;5,113557212E10;1372045
WINFUT;27/03/2026;14:00:00;187333,37;187374,23;186424,36;186500,96;5,823459133E10;1558549
WINFUT;27/03/2026;13:00:00;187813,41;187920,66;187159,74;187333,37;5,786518198E10;1542788
WINFUT;27/03/2026;12:00:00;187838,95;188594,76;187711,28;187808,31;8,279175537E10;2200685
WINFUT;27/03/2026;11:00:00;186792,05;187930,87;186679,70;187838,95;1,000479809E11;2671758
WINFUT;27/03/2026;10:00:00;187256,77;187440,62;186138,38;186786,94;1,334564738E11;3575104
WINFUT;27/03/2026;09:00:00;187215,92;187803,20;186577,56;187256,77;1,042518992E11;2785802
WINFUT;26/03/2026;18:00:00;188232,17;188416,02;188089,18;188273,03;4561883009,00;121151
WINFUT;26/03/2026;17:00:00;187670,42;189932,74;187660,21;188232,17;5,27270594E10;1398651
WINFUT;26/03/2026;16:00:00;188467,09;188492,62;187650,00;187675,53;5,833246547E10;1552259
WINFUT;26/03/2026;15:00:00;187895,12;188492,62;187798,09;188461,98;5,128896967E10;1363389
WINFUT;26/03/2026;14:00:00;188574,33;188814,35;187757,24;187890,02;6,428210727E10;1707065
WINFUT;26/03/2026;13:00:00;189411,85;189442,49;188140,25;188574,33;6,15572864E10;1631201
WINFUT;26/03/2026;12:00:00;189452,70;189616,12;189023,73;189411,85;7,650158984E10;2020245
WINFUT;26/03/2026;11:00:00;189687,62;190300,43;188528,37;189452,70;1,270460677E11;3351253
WINFUT;26/03/2026;10:00:00;188507,94;189999,13;188405,81;189682,51;1,510479095E11;3991915
WINFUT;26/03/2026;09:00:00;188844,99;189314,82;187833,84;188507,94;1,136137393E11;3014380
WINFUT;25/03/2026;18:00:00;190954,11;190969,43;190484,28;190841,76;7739809313,00;202866
WINFUT;25/03/2026;17:00:00;190846,86;191204,34;190617,06;190954,11;3,737712902E10;978929
WINFUT;25/03/2026;16:00:00;190765,15;190877,50;190213,62;190846,86;6,136024612E10;1610021
WINFUT;25/03/2026;15:00:00;190913,25;191602,67;190239,15;190765,15;7,328399451E10;1917315
WINFUT;25/03/2026;14:00:00;190846,86;191434,15;190550,67;190908,15;7,198940926E10;1885306
WINFUT;25/03/2026;13:00:00;190846,86;191245,20;190177,87;190846,86;7,086371876E10;1857604
WINFUT;25/03/2026;12:00:00;191296,26;191372,87;189958,28;190846,86;8,514658884E10;2232281
WINFUT;25/03/2026;11:00:00;190295,33;191822,27;189891,89;191301,37;1,220586667E11;3200017
WINFUT;25/03/2026;10:00:00;190310,65;191214,55;189432,28;190295,33;1,568847077E11;4123646
WINFUT;25/03/2026;09:00:00;190872,40;191510,75;189411,85;190310,65;1,321792908E11;3473261
WINFUT;24/03/2026;18:00:00;189529,30;190034,88;189381,21;189631,44;6377995591,00;168098
WINFUT;24/03/2026;17:00:00;187747,03;190770,26;187721,49;189529,30;6,581215336E10;1738183
WINFUT;24/03/2026;16:00:00;187282,31;188012,58;187282,31;187747,03;5,772860945E10;1537919
WINFUT;24/03/2026;15:00:00;186843,12;187609,14;186623,53;187282,31;7,791190352E10;2081724
WINFUT;24/03/2026;14:00:00;186996,32;187098,46;186087,31;186848,23;9,711569752E10;2604052
WINFUT;24/03/2026;13:00:00;187190,38;187450,83;186812,48;186996,32;6,413654487E10;1713733
WINFUT;24/03/2026;12:00:00;187123,99;187981,94;187016,75;187185,28;7,709209772E10;2056490
WINFUT;24/03/2026;11:00:00;186204,77;187823,63;186102,63;187118,89;1,492305476E11;3989166
WINFUT;24/03/2026;10:00:00;186352,86;186592,89;185014,88;186199,66;1,494770028E11;4022805
WINFUT;24/03/2026;09:00:00;187420,19;187624,46;186169,02;186352,86;1,243425641E11;3328300
WINFUT;23/03/2026;18:00:00;188119,82;188232,17;187777,67;188135,14;7503928246,00;199530
WINFUT;23/03/2026;17:00:00;187685,74;188324,10;187369,12;188119,82;3,807768028E10;1013110
WINFUT;23/03/2026;16:00:00;188109,61;188201,53;187455,94;187680,64;6,287892083E10;1673950
WINFUT;23/03/2026;15:00:00;187455,94;188543,69;186516,28;188104,50;8,380779648E10;2234169
WINFUT;23/03/2026;14:00:00;186894,19;187915,55;186664,38;187450,83;7,559417161E10;2019006
WINFUT;23/03/2026;13:00:00;186654,17;187353,80;186225,19;186889,08;8,410686123E10;2250921
WINFUT;23/03/2026;12:00:00;187900,23;188354,74;186582,67;186649,06;9,50930749E10;2534567
WINFUT;23/03/2026;11:00:00;186674,59;188237,28;186628,63;187900,23;1,263829659E11;3370526
WINFUT;23/03/2026;10:00:00;184529,73;186689,91;183865,84;186679,70;1,558290662E11;4210007
WINFUT;23/03/2026;09:00:00;183646,25;184723,79;181751,62;184529,73;1,440370281E11;3927448
WINFUT;20/03/2026;18:00:00;181879,29;184100,76;181537,14;184100,76;9975281892,00;273489
WINFUT;20/03/2026;17:00:00;180975,39;181981,43;180822,18;181879,29;3,235378227E10;891672
WINFUT;20/03/2026;16:00:00;180577,05;181123,48;180153,19;180980,49;6,671071562E10;1845829
WINFUT;20/03/2026;15:00:00;181501,39;181695,45;180178,72;180582,16;7,672105287E10;2121474
WINFUT;20/03/2026;14:00:00;181818,01;181935,47;181041,77;181501,39;7,144166307E10;1968835
WINFUT;20/03/2026;13:00:00;182098,89;182425,72;181552,46;181818,01;5,755299046E10;1581396
WINFUT;20/03/2026;12:00:00;182262,30;182972,15;181991,64;182103,99;7,869537645E10;2157040
WINFUT;20/03/2026;11:00:00;182640,21;182783,20;181409,47;182267,41;1,20875389E11;3318179
WINFUT;20/03/2026;10:00:00;184759,54;185009,77;182308,27;182640,21;1,433446485E11;3899466
WINFUT;20/03/2026;09:00:00;184279,50;185479,60;183891,38;184759,54;1,102807204E11;2984253
WINFUT;19/03/2026;18:00:00;186097,52;186276,26;185796,22;185883,04;4632236829,00;124542
WINFUT;19/03/2026;17:00:00;185602,16;186531,60;185525,56;186097,52;3,075225388E10;826428
WINFUT;19/03/2026;16:00:00;184999,56;187154,63;184963,81;185602,16;1,043890023E11;2806296
WINFUT;19/03/2026;15:00:00;184019,05;185071,05;183850,52;184999,56;5,939437806E10;1611661
WINFUT;19/03/2026;14:00:00;184085,44;184483,77;183615,61;184024,16;5,928320786E10;1609795
WINFUT;19/03/2026;13:00:00;184407,17;184708,47;183753,49;184080,33;6,650723613E10;1805131
WINFUT;19/03/2026;12:00:00;184202,89;185065,95;183544,12;184407,17;8,596898282E10;2331532
WINFUT;19/03/2026;11:00:00;183722,85;184565,48;183283,67;184202,89;1,112033203E11;3021573
WINFUT;19/03/2026;10:00:00;182236,77;183727,96;181465,64;183722,85;1,439036277E11;3940248
WINFUT;19/03/2026;09:00:00;183865,84;184008,84;181271,58;182231,66;1,326945578E11;3634826
WINFUT;18/03/2026;18:00:00;184463,34;184943,38;184182,47;184815,71;8041450196,00;217956
WINFUT;18/03/2026;17:00:00;185295,75;185321,29;184264,18;184463,34;3,439409992E10;930539
WINFUT;18/03/2026;16:00:00;185643,02;186169,02;185280,43;185295,75;7,296646801E10;1964792
WINFUT;18/03/2026;15:00:00;186950,36;187226,13;185602,16;185643,02;8,249936468E10;2212404
WINFUT;18/03/2026;14:00:00;186909,51;187374,23;186061,78;186950,36;6,844918565E10;1834353
WINFUT;18/03/2026;13:00:00;185786,01;186955,47;185500,03;186909,51;6,995862054E10;1879116
WINFUT;18/03/2026;12:00:00;185898,36;186260,94;185377,46;185786,01;6,737636367E10;1813288
WINFUT;18/03/2026;11:00:00;186526,50;186853,33;185423,42;185898,36;1,133277068E11;3045804
WINFUT;18/03/2026;10:00:00;184820,82;186536,71;184723,79;186526,50;1,307945494E11;3521313
WINFUT;18/03/2026;09:00:00;186986,11;187154,63;184764,64;184815,71;1,357031227E11;3651687
WINFUT;17/03/2026;18:00:00;186194,55;186306,90;186046,46;186133,27;4460680160,00;119798
WINFUT;17/03/2026;17:00:00;185852,40;186276,26;185786,01;186189,45;2,522114878E10;677546
WINFUT;17/03/2026;16:00:00;186266,05;186439,68;185586,84;185852,40;6,138421276E10;1650566
WINFUT;17/03/2026;15:00:00;187425,30;187787,88;185786,01;186260,94;8,865225528E10;2373985
WINFUT;17/03/2026;14:00:00;187129,10;187583,61;186924,83;187425,30;5,640086129E10;1506419
WINFUT;17/03/2026;13:00:00;186546,92;187338,48;186332,44;187129,10;6,852130998E10;1833175
WINFUT;17/03/2026;12:00:00;187650,00;187680,64;185980,07;186546,92;8,363714756E10;2240740
WINFUT;17/03/2026;11:00:00;188410,91;188630,51;187353,80;187650,00;9,725727648E10;2588074
WINFUT;17/03/2026;10:00:00;185898,36;188610,08;185586,84;188410,91;1,44722039E11;3865477
WINFUT;17/03/2026;09:00:00;185831,97;186756,30;184667,62;185893,25;1,320148482E11;3547439
WINFUT;16/03/2026;18:00:00;185949,43;186071,99;185867,72;186036,24;5187914178,00;139485
WINFUT;16/03/2026;17:00:00;186082,20;186102,63;185602,16;185954,53;2,603476887E10;700262
WINFUT;16/03/2026;16:00:00;186659,27;187011,64;185801,33;186087,31;6,72117264E10;1802777
WINFUT;16/03/2026;15:00:00;186230,30;186868,65;186225,19;186659,27;6,029754909E10;1615188
WINFUT;16/03/2026;14:00:00;185551,09;186383,51;185520,45;186225,19;6,129942432E10;1647995
WINFUT;16/03/2026;13:00:00;185939,21;186128,16;185193,62;185545,99;6,427581161E10;1730617
WINFUT;16/03/2026;12:00:00;186077,10;186312,01;185673,66;185939,21;6,248182184E10;1679584
WINFUT;16/03/2026;11:00:00;187021,86;187129,10;185658,34;186077,10;9,089681708E10;2437991
WINFUT;16/03/2026;10:00:00;186214,98;187215,92;186036,24;187011,64;1,191929888E11;3193938
WINFUT;16/03/2026;09:00:00;185683,87;187236,34;185137,44;186209,87;1,030099899E11;2762747
WINFUT;13/03/2026;18:00:00;183503,26;183743,28;183212,17;183743,28;4940959675,00;134668
WINFUT;13/03/2026;17:00:00;183717,75;183932,23;183319,42;183498,15;2,448852967E10;666755
WINFUT;13/03/2026;16:00:00;184305,03;184345,89;183089,61;183717,75;6,211118042E10;1691277
WINFUT;13/03/2026;15:00:00;184044,58;184831,03;183809,67;184305,03;7,150021344E10;1940035
WINFUT;13/03/2026;14:00:00;185111,91;185183,40;183503,26;184039,48;8,709189376E10;2361921
WINFUT;13/03/2026;13:00:00;184611,44;185336,61;184448,02;185111,91;7,051590966E10;1907407
WINFUT;13/03/2026;12:00:00;185178,30;185316,18;184208,00;184606,33;1,000808054E11;2708224
WINFUT;13/03/2026;11:00:00;186792,05;186894,19;185050,63;185178,30;1,120474136E11;3013552
WINFUT;13/03/2026;10:00:00;185786,01;187098,46;185607,27;186781,84;1,238675732E11;3320026
WINFUT;13/03/2026;09:00:00;186112,84;186552,03;185428,53;185786,01;1,063120159E11;2857255
WINFUT;12/03/2026;18:00:00;184974,02;185137,44;184805,50;185076,16;7026097646,00;189897
WINFUT;12/03/2026;17:00:00;185009,77;185341,71;184774,86;184968,92;3,02571503E10;817526
WINFUT;12/03/2026;16:00:00;185469,39;185888,14;184866,78;185004,66;6,482799039E10;1748385
WINFUT;12/03/2026;15:00:00;185331,50;185602,16;185019,99;185464,28;6,423629086E10;1733318
WINFUT;12/03/2026;14:00:00;185709,41;186123,06;185055,73;185336,61;6,93140906E10;1866589
WINFUT;12/03/2026;13:00:00;185423,42;185995,39;185234,47;185714,51;7,279264076E10;1960676
WINFUT;12/03/2026;12:00:00;185203,83;185837,08;184376,53;185428,53;1,096207492E11;2961377
WINFUT;12/03/2026;11:00:00;185627,70;186112,84;185076,16;185198,72;1,225569575E11;3301885
WINFUT;12/03/2026;10:00:00;187609,14;188007,47;185127,23;185627,70;1,690208499E11;4529072
WINFUT;12/03/2026;09:00:00;189294,39;189319,93;187266,98;187604,03;1,100815841E11;2929487
WINFUT;11/03/2026;18:00:00;190045,09;190228,94;189631,44;189983,81;7580854174,00;199565
WINFUT;11/03/2026;17:00:00;190152,34;190371,93;189973,60;190050,20;2,306154142E10;606413
WINFUT;11/03/2026;16:00:00;189641,65;190274,90;189289,28;190157,44;5,317541492E10;1400708
WINFUT;11/03/2026;15:00:00;189222,90;189835,71;188916,49;189641,65;5,90732686E10;1559185
WINFUT;11/03/2026;14:00:00;189779,54;189840,82;188727,53;189217,79;7,457114146E10;1969109
WINFUT;11/03/2026;13:00:00;189559,95;189856,14;189151,40;189784,65;6,427030514E10;1695859
WINFUT;11/03/2026;12:00:00;191046,03;191199,23;189508,88;189559,95;8,576096885E10;2254172
WINFUT;11/03/2026;11:00:00;191408,61;192184,85;190627,27;191051,14;1,232589081E11;3220756
WINFUT;11/03/2026;10:00:00;187854,27;191551,60;187818,52;191413,72;1,585827063E11;4175546
WINFUT;11/03/2026;09:00:00;189973,60;190366,82;187547,86;187859,38;1,13987145E11;3021059
WINFUT;10/03/2026;18:00:00;190177,87;190218,73;189677,40;189922,53;7040163936,00;185276
WINFUT;10/03/2026;17:00:00;189590,59;190274,90;189508,88;190172,76;3,088092502E10;812977
WINFUT;10/03/2026;16:00:00;190320,86;190657,91;189376,10;189585,48;7,962109353E10;2095414
WINFUT;10/03/2026;15:00:00;191025,60;191224,77;189845,93;190320,86;1,018544389E11;2672917
WINFUT;10/03/2026;14:00:00;190749,83;191852,91;190729,41;191030,71;8,964948306E10;2343477
WINFUT;10/03/2026;13:00:00;190448,53;190882,61;190009,35;190749,83;6,480470943E10;1702013
WINFUT;10/03/2026;12:00:00;190285,11;190581,31;189692,72;190448,53;8,589053518E10;2258031
WINFUT;10/03/2026;11:00:00;187614,25;190305,54;186843,12;190285,11;1,325161682E11;3517521
WINFUT;10/03/2026;10:00:00;188737,75;188936,91;187292,52;187609,14;1,470915174E11;3915522
WINFUT;10/03/2026;09:00:00;187716,38;189033,94;187057,61;188732,64;1,267708268E11;3371211
WINFUT;09/03/2026;18:00:00;187930,87;188094,29;187624,46;187624,46;7046991415,00;187605
WINFUT;09/03/2026;17:00:00;187721,49;188068,76;187021,86;187930,87;4,165063172E10;1110231
WINFUT;09/03/2026;16:00:00;185969,85;188467,09;185939,21;187716,38;1,234886482E11;3293189
WINFUT;09/03/2026;15:00:00;185122,12;186352,86;185122,12;185964,75;6,692984504E10;1799985
WINFUT;09/03/2026;14:00:00;185770,69;185872,82;185014,88;185122,12;6,057555069E10;1633954
WINFUT;09/03/2026;13:00:00;186005,60;186419,25;185581,74;185765,58;7,153549255E10;1923493
WINFUT;09/03/2026;12:00:00;184907,64;186577,56;184841,25;186000,49;9,155905991E10;2461926
WINFUT;09/03/2026;11:00:00;184994,45;185188,51;183819,88;184912,74;1,333360758E11;3610540
WINFUT;09/03/2026;10:00:00;184856,57;185668,55;184754,43;184994,45;1,514671726E11;4088355
WINFUT;09/03/2026;09:00:00;184437,81;185367,25;184151,83;184856,57;1,019424847E11;2758337
WINFUT;06/03/2026;18:00:00;185985,17;186158,81;185653,23;185944,32;9773681940,00;262879
WINFUT;06/03/2026;17:00:00;186199,66;186597,99;185019,99;185980,07;5,507536816E10;1481403
WINFUT;06/03/2026;16:00:00;186373,29;186689,91;185969,85;186204,77;6,063533083E10;1626814
WINFUT;06/03/2026;15:00:00;185678,76;186894,19;185622,59;186378,40;6,797555059E10;1823655
WINFUT;06/03/2026;14:00:00;186031,14;186480,54;185469,39;185673,66;7,881433152E10;2119247
WINFUT;06/03/2026;13:00:00;186322,22;186848,23;185872,82;186036,24;8,097897345E10;2172448
WINFUT;06/03/2026;12:00:00;185122,12;186531,60;184876,99;186327,33;9,136327013E10;2457639
WINFUT;06/03/2026;11:00:00;185643,02;186031,14;184902,53;185122,12;1,260452885E11;3397686
WINFUT;06/03/2026;10:00:00;185923,89;187716,38;185382,57;185643,02;1,305028412E11;3496967
WINFUT;06/03/2026;09:00:00;185377,46;186638,85;184887,21;185929,00;1,14525325E11;3080170
WINFUT;05/03/2026;18:00:00;187231,24;187272,09;186597,99;186710,34;1,383860177E10;370180
WINFUT;05/03/2026;17:00:00;187042,28;188135,14;186807,37;187231,24;7,609571284E10;2030127
WINFUT;05/03/2026;16:00:00;187129,10;187706,17;186659,27;187042,28;7,339888615E10;1961434
WINFUT;05/03/2026;15:00:00;187399,76;187552,97;186337,54;187129,10;8,103402828E10;2166607
WINFUT;05/03/2026;14:00:00;188334,31;188523,26;186812,48;187404,87;9,003765194E10;2399169
WINFUT;05/03/2026;13:00:00;188130,04;188604,97;187266,98;188329,20;9,063107243E10;2410924
WINFUT;05/03/2026;12:00:00;189151,40;189575,27;187670,42;188130,04;1,013944387E11;2691389
WINFUT;05/03/2026;11:00:00;190111,48;190525,13;188267,92;189151,40;1,376673049E11;3635234
WINFUT;05/03/2026;10:00:00;191132,85;191439,25;190111,48;190116,59;1,176551041E11;3080004
WINFUT;05/03/2026;09:00:00;190994,96;192435,08;190351,50;191137,95;1,172935001E11;3066080
WINFUT;04/03/2026;18:00:00;192138,89;192256,35;191449,47;191694,60;1,149416754E10;299478
WINFUT;04/03/2026;17:00:00;192516,79;192976,41;192016,32;192144,00;5,21208679E10;1353626
WINFUT;04/03/2026;16:00:00;192031,65;192675,10;191771,20;192516,79;5,441735302E10;1415865
WINFUT;04/03/2026;15:00:00;191520,96;192138,89;191046,03;192031,65;5,804041165E10;1514626
WINFUT;04/03/2026;14:00:00;191255,41;191776,30;191030,71;191515,86;6,68238719E10;1744872
WINFUT;04/03/2026;13:00:00;191040,92;191265,62;190392,36;191255,41;6,396558403E10;1675965
WINFUT;04/03/2026;12:00:00;190535,35;191332,01;190300,43;191040,92;8,533941307E10;2235353
WINFUT;04/03/2026;11:00:00;192118,46;192363,59;190045,09;190535,35;1,247005847E11;3261258
WINFUT;04/03/2026;10:00:00;192389,12;193293,03;191791,62;192118,46;1,182512664E11;3071346
WINFUT;04/03/2026;09:00:00;189968,49;192445,30;189907,21;192394,23;1,118810439E11;2921431
WINFUT;03/03/2026;18:00:00;189682,51;189743,79;188901,17;188952,23;1,369213275E10;361525
WINFUT;03/03/2026;17:00:00;189902,10;190474,07;189345,46;189682,51;6,006638799E10;1581301
WINFUT;03/03/2026;16:00:00;191086,88;191393,29;189728,47;189902,10;1,009448876E11;2649909
WINFUT;03/03/2026;15:00:00;189764,22;191674,17;189667,19;191086,88;8,907588146E10;2333799
WINFUT;03/03/2026;14:00:00;189554,84;190137,02;189028,84;189764,22;8,109280237E10;2138211
WINFUT;03/03/2026;13:00:00;188354,74;189713,15;188339,42;189549,73;1,036030968E11;2739252
WINFUT;03/03/2026;12:00:00;187731,71;188390,48;187088,25;188359,84;1,121359181E11;2986541
WINFUT;03/03/2026;11:00:00;189575,27;189733,58;187312,95;187736,81;1,454677204E11;3854582
WINFUT;03/03/2026;10:00:00;191265,62;191469,90;189309,71;189585,48;1,339161506E11;3520509
WINFUT;03/03/2026;09:00:00;192782,35;192782,35;190857,08;191265,62;1,299942432E11;3390930
WINFUT;02/03/2026;18:00:00;196265,20;196561,39;196239,66;196510,32;9219143498,00;234715
WINFUT;02/03/2026;17:00:00;197015,90;197046,54;195953,68;196265,20;6,463311552E10;1645756
WINFUT;02/03/2026;16:00:00;196254,98;197378,48;196249,88;197015,90;6,475328308E10;1643458
WINFUT;02/03/2026;15:00:00;196142,63;196413,29;195907,72;196260,09;5,534967156E10;1410815
WINFUT;02/03/2026;14:00:00;195453,21;196214,13;195391,93;196137,53;5,889278621E10;1503656
WINFUT;02/03/2026;13:00:00;195085,52;195958,79;194937,42;195448,11;7,310743549E10;1870081
WINFUT;02/03/2026;12:00:00;195463,43;196239,66;195034,45;195090,63;8,731498571E10;2232343
WINFUT;02/03/2026;11:00:00;193793,50;195841,33;193604,55;195458,32;1,220355228E11;3134313
WINFUT;02/03/2026;10:00:00;193931,38;195254,05;193732,22;193793,50;1,195369469E11;3071836
WINFUT;02/03/2026;09:00:00;194196,94;195294,90;193757,75;193931,38;1,030213914E11;2647892
WINFUT;27/02/2026;18:00:00;196020,07;196117,10;195642,17;195642,17;8489794612,00;216667
WINFUT;27/02/2026;17:00:00;195933,25;196520,54;195749,41;196020,07;4,594236509E10;1171237
WINFUT;27/02/2026;16:00:00;196964,83;197041,43;195744,30;195928,15;5,975619145E10;1522532
WINFUT;27/02/2026;15:00:00;196571,61;197010,79;196561,39;196964,83;4,619943436E10;1173650
WINFUT;27/02/2026;14:00:00;196918,87;197209,96;196362,23;196571,61;5,816810948E10;1478518
WINFUT;27/02/2026;13:00:00;197613,40;197832,99;196883,12;196918,87;5,392280859E10;1366387
WINFUT;27/02/2026;12:00:00;197189,53;197822,78;196949,51;197613,40;8,100272224E10;2051391
WINFUT;27/02/2026;11:00:00;197220,17;198348,78;197015,90;197189,53;1,117405011E11;2829201
WINFUT;27/02/2026;10:00:00;197751,28;197832,99;196632,89;197215,06;1,016570228E11;2577155
WINFUT;27/02/2026;09:00:00;198302,82;198450,91;196275,41;197756,39;1,145371926E11;2901830
WINFUT;26/02/2026;18:00:00;198471,34;198639,87;198231,32;198404,95;9130410561,00;230089
WINFUT;26/02/2026;17:00:00;198292,60;198680,72;198261,96;198476,45;3,504755915E10;882862
WINFUT;26/02/2026;16:00:00;197940,23;198410,06;197914,70;198292,60;4,30553376E10;1086151
WINFUT;26/02/2026;15:00:00;197424,44;198108,76;197347,84;197945,34;5,165116167E10;1305946
WINFUT;26/02/2026;14:00:00;197460,19;197802,35;197174,21;197429,55;5,483333212E10;1388473
WINFUT;26/02/2026;13:00:00;197501,05;198185,36;197358,06;197460,19;6,607219513E10;1670630
WINFUT;26/02/2026;12:00:00;197480,62;197674,68;196275,41;197506,15;1,062836645E11;2697567
WINFUT;26/02/2026;11:00:00;198389,63;198706,26;197174,21;197480,62;1,089205515E11;2750210
WINFUT;26/02/2026;10:00:00;198445,81;199201,62;197690,00;198389,63;1,198503475E11;3019092
WINFUT;26/02/2026;09:00:00;198149,61;198808,39;197955,55;198445,81;1,093287281E11;2755622
WINFUT;25/02/2026;18:00:00;198650,08;198803,28;198461,13;198461,13;8838551328,00;222506
WINFUT;25/02/2026;17:00:00;198241,53;198823,71;197960,66;198650,08;4,605807298E10;1160683
WINFUT;25/02/2026;16:00:00;198461,13;198476,45;197807,46;198241,53;5,231169897E10;1319934
WINFUT;25/02/2026;15:00:00;199247,58;199283,33;198338,56;198461,13;4,600836376E10;1156955
WINFUT;25/02/2026;14:00:00;198798,18;199313,97;198644,97;199242,47;4,55527759E10;1144876
WINFUT;25/02/2026;13:00:00;198696,04;198956,49;198583,69;198803,28;4,710170698E10;1184878
WINFUT;25/02/2026;12:00:00;198680,72;198793,07;198205,79;198701,15;6,978974594E10;1757535
WINFUT;25/02/2026;11:00:00;199130,12;199804,22;198507,09;198680,72;1,002078413E11;2514403
WINFUT;25/02/2026;10:00:00;200861,33;200912,40;198818,61;199130,12;1,006709857E11;2520331
WINFUT;25/02/2026;09:00:00;200697,91;201984,83;200018,71;200861,33;1,019632477E11;2537212
WINFUT;24/02/2026;18:00:00;199354,82;199380,36;199130,12;199196,51;8354013674,00;209641
WINFUT;24/02/2026;17:00:00;199170,98;199553,99;198823,71;199354,82;3,439607802E10;863877
WINFUT;24/02/2026;16:00:00;199094,37;199324,18;198644,97;199176,08;5,053165641E10;1269488
WINFUT;24/02/2026;15:00:00;199104,59;199380,36;198966,70;199099,48;4,294551802E10;1078169
WINFUT;24/02/2026;14:00:00;198997,34;199569,31;198997,34;199109,69;5,011871305E10;1257212
WINFUT;24/02/2026;13:00:00;198910,53;199467,17;198787,96;198997,34;6,269209305E10;1574456
WINFUT;24/02/2026;12:00:00;198083,22;199130,12;197909,59;198910,53;8,857103547E10;2228485
WINFUT;24/02/2026;11:00:00;197638,93;198277,28;197281,45;198083,22;1,032922255E11;2611053
WINFUT;24/02/2026;10:00:00;197638,93;198440,70;197031,22;197638,93;1,177260325E11;2977636
WINFUT;24/02/2026;09:00:00;196837,16;198364,10;196627,78;197638,93;1,054840004E11;2669724
WINFUT;23/02/2026;18:00:00;196627,78;196694,17;196428,61;196586,93;8756980155,00;222746
WINFUT;23/02/2026;17:00:00;196459,26;196801,41;196326,48;196627,78;3,414639317E10;868643
WINFUT;23/02/2026;16:00:00;196867,80;196913,76;196229,45;196459,26;4,575478102E10;1164262
WINFUT;23/02/2026;15:00:00;196780,99;197118,04;196745,24;196862,69;4,836562274E10;1228036
WINFUT;23/02/2026;14:00:00;196454,15;196954,62;196214,13;196786,09;6,022848967E10;1532416
WINFUT;23/02/2026;13:00:00;196586,93;196663,53;196152,85;196459,26;6,671028235E10;1698111
WINFUT;23/02/2026;12:00:00;198593,91;198706,26;196510,32;196581,82;8,654905899E10;2191272
WINFUT;23/02/2026;11:00:00;197148,68;198833,93;197010,79;198588,80;1,127543128E11;2849899
WINFUT;23/02/2026;10:00:00;196673,74;197511,26;196673,74;197148,68;1,079230283E11;2738411
WINFUT;23/02/2026;09:00:00;197725,75;197970,87;196566,50;196673,74;9,747182074E10;2472751
WINFUT;20/02/2026;18:00:00;198277,28;198420,27;197884,06;197884,06;9228251084,00;232773
WINFUT;20/02/2026;17:00:00;198011,73;198553,05;197960,66;198272,18;4,0359985E10;1017773
WINFUT;20/02/2026;16:00:00;197082,29;198190,47;196949,51;198006,62;5,201796971E10;1316160
WINFUT;20/02/2026;15:00:00;196546,07;197455,09;196546,07;197082,29;7,435726706E10;1887275
WINFUT;20/02/2026;14:00:00;196331,59;196663,53;195427,68;196551,18;7,134461982E10;1819485
WINFUT;20/02/2026;13:00:00;196357,12;196428,61;195938,36;196336,69;5,595016973E10;1425801
WINFUT;20/02/2026;12:00:00;195494,07;196745,24;195494,07;196357,12;1,119774477E11;2854167
WINFUT;20/02/2026;11:00:00;194666,76;195560,46;194365,46;195488,96;1,015862444E11;2603797
WINFUT;20/02/2026;10:00:00;194779,11;195019,13;194324,61;194671,87;9,80126522E10;2516897
WINFUT;20/02/2026;09:00:00;196454,15;196586,93;194656,55;194774,01;8,708524383E10;2229608
WINFUT;19/02/2026;18:00:00;196234,56;196510,32;196168,17;196357,12;9106270712,00;231894
WINFUT;19/02/2026;17:00:00;195769,84;196367,33;195545,14;196239,66;4,165719959E10;1062958
WINFUT;19/02/2026;16:00:00;196091,56;196132,42;195621,74;195769,84;4,423049916E10;1128983
WINFUT;19/02/2026;15:00:00;196152,85;196377,55;195912,83;196091,56;4,698740979E10;1197942
WINFUT;19/02/2026;14:00:00;196265,20;196678,85;195953,68;196157,95;5,638700789E10;1435930
WINFUT;19/02/2026;13:00:00;196392,87;196556,29;196030,28;196265,20;5,710186768E10;1454187
WINFUT;19/02/2026;12:00:00;194569,73;196403,08;194498,24;196387,76;9,933558182E10;2538162
WINFUT;19/02/2026;11:00:00;194299,07;194646,34;193701,57;194569,73;8,563991115E10;2205634
WINFUT;19/02/2026;10:00:00;194651,44;194871,04;193747,54;194304,18;1,082177763E11;2785617
WINFUT;19/02/2026;09:00:00;194533,99;194779,11;193762,86;194651,44;9,631002382E10;2477881
WINFUT;18/02/2026;18:00:00;193967,13;194253,11;193895,63;194237,79;9284918538,00;239173
WINFUT;18/02/2026;17:00:00;193109,18;194094,80;192889,59;193962,02;4,658143214E10;1204630
WINFUT;18/02/2026;16:00:00;193497,30;193706,68;192812,99;193114,29;4,973139702E10;1287587
WINFUT;18/02/2026;15:00:00;194248,00;194339,93;193216,43;193502,41;6,430429794E10;1660828
WINFUT;18/02/2026;14:00:00;194033,52;194804,65;193584,12;194248,00;7,528349112E10;1937248
WINFUT;18/02/2026;13:00:00;194528,88;195790,26;193916,06;194033,52;9,868223837E10;2536167
WINFUT;13/02/2026;18:00:00;194186,11;194576,78;194029,85;194477,81;7681610563,00;197634
WINFUT;13/02/2026;17:00:00;193857,96;194342,38;193566,26;194191,32;2,691462891E10;693878
WINFUT;13/02/2026;16:00:00;194149,65;194279,87;193410,00;193857,96;5,255083541E10;1355041
WINFUT;13/02/2026;15:00:00;194019,43;194394,47;193545,43;194149,65;5,441231439E10;1402053
WINFUT;13/02/2026;14:00:00;193383,95;194149,65;193232,89;194019,43;5,339613553E10;1378795
WINFUT;13/02/2026;13:00:00;192675,55;193717,32;192435,94;193383,95;5,933448585E10;1536327
WINFUT;13/02/2026;12:00:00;191727,54;193545,43;191659,82;192670,34;8,711879398E10;2262122
WINFUT;13/02/2026;11:00:00;192941,20;193175,60;191399,38;191727,54;1,027460245E11;2670405
WINFUT;13/02/2026;10:00:00;193159,97;194170,49;192258,84;192946,41;1,078636348E11;2794355
WINFUT;13/02/2026;09:00:00;195123,71;195373,73;192769,31;193165,18;1,076994491E11;2782704
WINFUT;12/02/2026;18:00:00;195977,96;195993,59;195608,13;195858,16;1,087367129E10;277679
WINFUT;12/02/2026;17:00:00;196040,47;196535,31;195832,11;195983,17;5,57721866E10;1421849
WINFUT;12/02/2026;16:00:00;195712,31;196311,33;195623,76;196045,68;6,801288438E10;1735115
WINFUT;12/02/2026;15:00:00;196399,88;196405,09;194936,19;195707,10;8,967768601E10;2292979
WINFUT;12/02/2026;14:00:00;196556,14;196962,43;196222,78;196399,88;7,338535244E10;1866287
WINFUT;12/02/2026;13:00:00;197488,53;197592,71;196274,87;196550,94;1,054939145E11;2680517
WINFUT;12/02/2026;12:00:00;197483,32;198233,40;197426,02;197493,74;7,914815775E10;2000936
WINFUT;12/02/2026;11:00:00;196863,47;198092,76;196827,00;197478,11;1,187504038E11;3006809
WINFUT;12/02/2026;10:00:00;197035,36;197863,57;196748,87;196868,68;1,247268412E11;3160571
WINFUT;12/02/2026;09:00:00;198707,40;199212,66;196743,66;197030,15;1,042189846E11;2640690
WINFUT;11/02/2026;18:00:00;198249,02;198301,11;197639,59;197811,48;1,210328146E10;305675
WINFUT;11/02/2026;17:00:00;198061,50;198519,88;197795,85;198249,02;4,446228891E10;1121997
WINFUT;11/02/2026;16:00:00;197759,39;198665,73;197733,35;198061,50;5,567597757E10;1403738
WINFUT;11/02/2026;15:00:00;198598,02;198618,85;197681,26;197754,18;6,479448529E10;1636167
WINFUT;11/02/2026;14:00:00;198749,07;198926,17;198394,87;198598,02;5,964019951E10;1501135
WINFUT;11/02/2026;13:00:00;197347,89;198931,38;197342,68;198749,07;8,763495619E10;2209815
WINFUT;11/02/2026;12:00:00;197071,82;197478,11;196358,21;197347,89;9,571977758E10;2431564
WINFUT;11/02/2026;11:00:00;196592,61;197795,85;196405,09;197077,03;1,20119407E11;3044416
WINFUT;11/02/2026;10:00:00;196274,87;196889,51;195649,80;196587,40;1,156825409E11;2947219
WINFUT;11/02/2026;09:00:00;194811,18;196530,10;194727,84;196274,87;1,200108869E11;3062227
WINFUT;10/02/2026;18:00:00;193998,60;194217,37;193946,51;194097,56;7134131195,00;183791
WINFUT;10/02/2026;17:00:00;193998,60;194717,42;193873,58;194003,80;4,87617376E10;1254467
WINFUT;10/02/2026;16:00:00;193566,26;194024,64;193441,25;193998,60;4,516191935E10;1165571
WINFUT;10/02/2026;15:00:00;194066,31;194139,24;193311,03;193566,26;5,690173563E10;1468454
WINFUT;10/02/2026;14:00:00;194420,51;194524,69;194003,80;194071,52;4,643384553E10;1195105
WINFUT;10/02/2026;13:00:00;194795,55;195014,32;194259,04;194420,51;6,408798891E10;1646615
WINFUT;10/02/2026;12:00:00;194222,58;195175,80;194081,94;194790,34;8,862331785E10;2275876
WINFUT;10/02/2026;11:00:00;193550,63;194363,22;193389,16;194217,37;1,234546476E11;3183151
WINFUT;10/02/2026;10:00:00;193628,77;194165,28;193206,85;193555,84;1,144480097E11;2954564
WINFUT;10/02/2026;09:00:00;193727,74;194576,78;193290,19;193628,77;1,060393232E11;2735298
WINFUT;09/02/2026;18:00:00;194613,24;194686,16;194441,35;194592,41;9882131673,00;253949
WINFUT;09/02/2026;17:00:00;194373,63;194873,68;194326,75;194618,45;4,524927913E10;1162829
WINFUT;09/02/2026;16:00:00;194134,03;194555,94;193993,39;194373,63;4,928662872E10;1268160
WINFUT;09/02/2026;15:00:00;193639,19;194170,49;193123,51;194134,03;7,124482784E10;1838166
WINFUT;09/02/2026;14:00:00;192967,24;193706,90;192915,15;193639,19;6,256351202E10;1617135
WINFUT;09/02/2026;13:00:00;191821,29;193061,00;191675,45;192967,24;6,198741368E10;1611555
WINFUT;09/02/2026;12:00:00;192279,67;192441,15;191779,62;191821,29;7,115441603E10;1851759
WINFUT;09/02/2026;11:00:00;191519,18;192795,35;191461,88;192284,88;1,081796103E11;2817588
WINFUT;09/02/2026;10:00:00;192003,60;192154,66;191248,32;191524,39;1,122650851E11;2929315
WINFUT;09/02/2026;09:00:00;191456,67;192816,19;191373,33;192008,81;1,139558394E11;2968152
WINFUT;06/02/2026;18:00:00;191274,36;191373,33;190810,78;191039,97;8713597933,00;227983
WINFUT;06/02/2026;17:00:00;190430,53;191597,31;190399,28;191269,16;4,504803906E10;1178511
WINFUT;06/02/2026;16:00:00;190289,89;190649,30;190243,01;190430,53;3,642589554E10;956144
WINFUT;06/02/2026;15:00:00;190774,31;190805,57;189888,81;190284,68;6,304731051E10;1655983
WINFUT;06/02/2026;14:00:00;191092,05;191185,81;190675,35;190774,31;5,275268462E10;1381445
WINFUT;06/02/2026;13:00:00;190175,30;191201,44;190060,70;191097,26;6,117590233E10;1603460
WINFUT;06/02/2026;12:00:00;189966,94;190581,59;189524,19;190170,09;7,884642368E10;2073146
WINFUT;06/02/2026;11:00:00;190013,82;191008,71;189701,29;189972,15;1,270074781E11;3333506
WINFUT;06/02/2026;10:00:00;190404,49;190680,56;189831,51;190019,03;1,093046169E11;2872915
WINFUT;06/02/2026;09:00:00;191540,02;192373,43;190362,82;190404,49;1,192754185E11;3122472
WINFUT;05/02/2026;18:00:00;190451,37;190753,48;190310,73;190623,26;9988548931,00;262135
WINFUT;05/02/2026;17:00:00;191316,04;191467,09;190003,40;190451,37;5,218253111E10;1368535
WINFUT;05/02/2026;16:00:00;191456,67;191816,09;190894,12;191310,83;4,91754805E10;1284407
WINFUT;05/02/2026;15:00:00;191540,02;191805,67;191201,44;191451,47;4,977566797E10;1299390
WINFUT;05/02/2026;14:00:00;191404,59;191920,26;190826,40;191545,23;7,098048959E10;1854002
WINFUT;05/02/2026;13:00:00;191154,56;191508,76;190810,78;191404,59;7,635795573E10;1996663
WINFUT;05/02/2026;12:00:00;191540,02;191842,13;189690,87;191159,77;1,133407493E11;2970212
WINFUT;05/02/2026;11:00:00;190857,66;192592,21;190852,45;191540,02;1,441558425E11;3761731
WINFUT;05/02/2026;10:00:00;190352,40;191383,75;190201,34;190862,87;1,10531003E11;2896203
WINFUT;05/02/2026;09:00:00;189987,78;190847,24;189628,37;190352,40;1,164477508E11;3060196
WINFUT;04/02/2026;18:00:00;189560,65;190154,46;189550,23;190003,40;1,238200005E10;325905
WINFUT;04/02/2026;17:00:00;189331,46;190019,03;189295,00;189560,65;5,384097657E10;1419522
WINFUT;04/02/2026;16:00:00;188768,91;189420,01;188492,84;189326,25;6,437255702E10;1703745
WINFUT;04/02/2026;15:00:00;189326,25;189477,31;188602,22;188758,49;6,751651901E10;1785113
WINFUT;04/02/2026;14:00:00;190237,80;190274,26;188946,01;189321,04;7,909867848E10;2086168
WINFUT;04/02/2026;13:00:00;190967,04;191029,55;189690,87;190237,80;7,28850611E10;1914546
WINFUT;04/02/2026;12:00:00;191243,11;192055,69;190935,79;190967,04;8,109311558E10;2117026
WINFUT;04/02/2026;11:00:00;192441,15;192514,07;191144,14;191243,11;1,230982688E11;3207278
WINFUT;04/02/2026;10:00:00;192909,95;193436,04;192425,52;192435,94;1,133020096E11;2936479
WINFUT;04/02/2026;09:00:00;194998,70;195264,35;192826,60;192915,15;1,270458653E11;3283653
WINFUT;03/02/2026;18:00:00;194425,72;194493,44;194055,89;194253,83;8969679018,00;230859
WINFUT;03/02/2026;17:00:00;193811,08;194639,29;193644,39;194425,72;3,998240193E10;1029860
WINFUT;03/02/2026;16:00:00;193602,72;194264,25;193321,44;193811,08;7,723557619E10;1992231
WINFUT;03/02/2026;15:00:00;194009,01;194076,73;193451,67;193607,93;6,159431397E10;1590110
WINFUT;03/02/2026;14:00:00;194654,91;194707,00;193607,93;194009,01;8,167611207E10;2103050
WINFUT;03/02/2026;13:00:00;195175,80;195248,72;194608,03;194660,12;5,941735459E10;1523413
WINFUT;03/02/2026;12:00:00;195576,88;195660,22;194852,85;195170,59;9,373149637E10;2400543
WINFUT;03/02/2026;11:00:00;194925,77;196181,11;194759,09;195576,88;1,324881014E11;3388791
WINFUT;03/02/2026;10:00:00;193597,51;194930,98;192889,11;194920,56;1,34549606E11;3469880
WINFUT;03/02/2026;09:00:00;192206,75;193936,09;192196,33;193602,72;1,228369126E11;3178896
WINFUT;02/02/2026;18:00:00;191540,02;191748,37;191279,57;191326,45;1,067480545E10;278707
WINFUT;02/02/2026;17:00:00;190466,99;191654,61;190347,19;191540,02;4,526903901E10;1185192
WINFUT;02/02/2026;16:00:00;190565,96;190685,76;190185,71;190461,78;4,478960294E10;1176035
WINFUT;02/02/2026;15:00:00;191092,05;191107,68;190508,66;190565,96;4,252375936E10;1114895
WINFUT;02/02/2026;14:00:00;191149,35;191326,45;190795,15;191092,05;5,11937236E10;1339675
WINFUT;02/02/2026;13:00:00;190430,53;191274,36;190097,16;191149,35;6,284783711E10;1647283
WINFUT;02/02/2026;12:00:00;190196,13;191024,34;189930,48;190430,53;7,715864817E10;2024378
WINFUT;02/02/2026;11:00:00;191383,75;191612,94;190013,82;190190,92;1,149508499E11;3012750
WINFUT;02/02/2026;10:00:00;190685,76;191571,27;189982,57;191378,54;1,127420834E11;2954388
WINFUT;02/02/2026;09:00:00;188373,03;190758,69;188373,03;190685,76;9,495669136E10;2496737
WINFUT;30/01/2026;18:00:00;189909,64;190326,35;189711,71;190326,35;9906684156,00;260708
WINFUT;30/01/2026;17:00:00;190086,75;190383,65;189159,57;189909,64;5,377322491E10;1417408
WINFUT;30/01/2026;16:00:00;190050,28;190592,00;189758,59;190086,75;7,623446746E10;2004341
WINFUT;30/01/2026;15:00:00;189998,20;190243,01;188628,27;190045,08;9,843222734E10;2599236
WINFUT;30/01/2026;14:00:00;191092,05;191133,73;189899,23;189998,20;9,305698931E10;2443769
WINFUT;30/01/2026;13:00:00;191800,46;191800,46;190935,79;191092,05;8,074153537E10;2109919
WINFUT;30/01/2026;12:00:00;191550,43;192482,82;191331,66;191800,46;8,77755316E10;2286839
WINFUT;30/01/2026;11:00:00;191508,76;192112,99;191284,78;191545,23;9,733619922E10;2539655
WINFUT;30/01/2026;10:00:00;191112,89;192300,51;190873,28;191508,76;1,178075636E11;3074798
WINFUT;30/01/2026;09:00:00;190852,45;191899,43;190425,32;191107,68;1,183288134E11;3093682
WINFUT;29/01/2026;18:00:00;192008,81;192206,75;191810,88;191935,89;8674770268,00;225901
WINFUT;29/01/2026;17:00:00;191883,80;192623,46;191862,97;192008,81;4,098259648E10;1065705
WINFUT;29/01/2026;16:00:00;191826,50;192701,59;191722,33;191889,01;5,288408686E10;1375869
WINFUT;29/01/2026;15:00:00;191816,09;192284,88;191435,84;191816,09;5,37672057E10;1400665
WINFUT;29/01/2026;14:00:00;191279,57;192805,77;191248,32;191816,09;6,59756455E10;1717943
WINFUT;29/01/2026;13:00:00;190586,80;191774,42;190524,29;191279,57;6,757630945E10;1766282
WINFUT;29/01/2026;12:00:00;193154,76;193628,77;190274,26;190586,80;1,21087944E11;3151068
WINFUT;29/01/2026;11:00:00;195139,34;195358,11;193066,21;193159,97;1,331295579E11;3419943
WINFUT;29/01/2026;10:00:00;195701,89;195806,07;194514,27;195134,13;1,295898301E11;3321943
WINFUT;29/01/2026;09:00:00;195540,42;196665,53;194910,15;195696,68;1,109940184E11;2837168
WINFUT;28/01/2026;18:00:00;193821,50;194081,94;193581,89;194081,94;1,145682844E10;295464
WINFUT;28/01/2026;17:00:00;192352,60;193982,97;192347,39;193816,29;5,781796086E10;1496611
WINFUT;28/01/2026;16:00:00;192066,11;192935,99;191373,33;192357,81;7,286865779E10;1895839
WINFUT;28/01/2026;15:00:00;192534,91;192675,55;191519,18;192060,90;5,272562656E10;1370546
WINFUT;28/01/2026;14:00:00;192842,23;192988,08;192222,38;192540,12;6,393170001E10;1659956
WINFUT;28/01/2026;13:00:00;192670,34;193165,18;192566,16;192847,44;5,823797922E10;1509660
WINFUT;28/01/2026;12:00:00;193712,11;193972,55;192258,84;192675,55;9,4630246E10;2452630
WINFUT;28/01/2026;11:00:00;193284,98;194248,62;192654,71;193712,11;1,26133229E11;3261990
WINFUT;28/01/2026;10:00:00;191967,14;193660,02;191618,15;193284,98;1,316787831E11;3415960
WINFUT;28/01/2026;09:00:00;192086,95;192269,26;191138,93;191972,35;1,05899643E11;2762788
WINFUT;27/01/2026;18:00:00;191164,98;191237,90;190368,02;190743,06;1,31333112E10;344205
WINFUT;27/01/2026;17:00:00;191076,43;191915,05;191013,92;191164,98;5,344455095E10;1396235
WINFUT;27/01/2026;16:00:00;191024,34;191321,24;190894,12;191076,43;3,909674699E10;1022873
WINFUT;27/01/2026;15:00:00;191180,61;191498,35;190685,76;191019,13;5,722643606E10;1496883
WINFUT;27/01/2026;14:00:00;192352,60;192467,19;191164,98;191185,81;6,086229999E10;1586519
WINFUT;27/01/2026;13:00:00;191623,36;192503,65;191529,60;192352,60;7,027323693E10;1829703
WINFUT;27/01/2026;12:00:00;191618,15;192201,54;191430,63;191623,36;7,943462603E10;2071314
WINFUT;27/01/2026;11:00:00;190925,37;191956,72;190847,24;191612,94;1,177212407E11;3074162
WINFUT;27/01/2026;10:00:00;189935,69;190993,09;189472,10;190925,37;1,373318673E11;3609832
WINFUT;27/01/2026;09:00:00;188935,59;190529,50;188841,83;189930,48;1,23561838E11;3257253
WINFUT;26/01/2026;18:00:00;187857,36;187872,98;187253,13;187258,34;1,19594861E10;318879
WINFUT;26/01/2026;17:00:00;187258,34;188060,50;187232,29;187867,77;4,259576744E10;1134727
WINFUT;26/01/2026;16:00:00;187466,69;187482,32;186747,87;187258,34;5,421105608E10;1448643
WINFUT;26/01/2026;15:00:00;187362,51;187763,60;187060,40;187466,69;4,366418717E10;1165079
WINFUT;26/01/2026;14:00:00;187284,38;188326,15;187232,29;187367,72;6,025885274E10;1605147
WINFUT;26/01/2026;13:00:00;187576,08;187716,72;186862,46;187284,38;4,833462221E10;1290816
WINFUT;26/01/2026;12:00:00;187581,29;188044,87;187029,15;187576,08;6,698766011E10;1786409
WINFUT;26/01/2026;11:00:00;186940,60;189175,20;186617,65;187576,08;1,070967873E11;2858303
WINFUT;26/01/2026;10:00:00;188862,67;188893,92;186727,03;186945,81;1,413589686E11;3763756
WINFUT;26/01/2026;09:00:00;188664,73;191045,18;188279,27;188862,67;1,378850499E11;3642673
WINFUT;23/01/2026;18:00:00;188055,29;188315,74;187622,96;188164,68;1,175470319E10;312558
WINFUT;23/01/2026;17:00:00;187164,58;189862,77;187055,19;188055,29;8,858988472E10;2349446
WINFUT;23/01/2026;16:00:00;186591,60;187451,07;186518,68;187164,58;5,353324465E10;1431006
WINFUT;23/01/2026;15:00:00;185867,57;186695,78;185617,55;186596,81;5,945870176E10;1597033
WINFUT;23/01/2026;14:00:00;186232,19;186378,04;185758,19;185867,57;6,113229867E10;1642798
WINFUT;23/01/2026;13:00:00;186430,13;186674,95;186154,06;186226,98;5,184752351E10;1391241
WINFUT;23/01/2026;12:00:00;185133,12;186862,46;185028,95;186435,34;1,060419667E11;2851090
WINFUT;23/01/2026;11:00:00;185206,05;185497,74;184580,99;185138,33;1,054724369E11;2850288
WINFUT;23/01/2026;10:00:00;185435,24;185825,90;185065,41;185206,05;1,072393397E11;2891341
WINFUT;23/01/2026;09:00:00;185966,54;186466,59;184966,44;185430,03;1,06247618E11;2862866
WINFUT;22/01/2026;18:00:00;184674,75;184997,69;184445,56;184768,51;8333317907,00;225512
WINFUT;22/01/2026;17:00:00;184674,75;185101,87;184200,74;184669,54;4,174472478E10;1130869
WINFUT;22/01/2026;16:00:00;185034,16;185310,23;184403,89;184674,75;5,092869994E10;1377317
WINFUT;22/01/2026;15:00:00;185310,23;186164,48;184862,26;185039,37;5,562325553E10;1500068
WINFUT;22/01/2026;14:00:00;185799,86;186034,26;184758,09;185315,43;7,530305041E10;2029922
WINFUT;22/01/2026;13:00:00;185961,33;186362,41;185403,99;185794,65;6,989998296E10;1880436
WINFUT;22/01/2026;12:00:00;183862,16;187216,67;183632,97;185956,12;1,183477387E11;3194428
WINFUT;22/01/2026;11:00:00;181872,38;184205,95;181835,92;183862,16;1,44979536E11;3953781
WINFUT;22/01/2026;10:00:00;181773,41;182143,24;181341,08;181872,38;1,140926552E11;3137711
WINFUT;22/01/2026;09:00:00;181038,96;181945,31;180591,00;181773,41;1,229401402E11;3388059
WINFUT;21/01/2026;18:00:00;181085,84;181106,68;180653,51;180856,65;1,192023E10;329581
WINFUT;21/01/2026;17:00:00;180434,74;181226,48;180309,73;181085,84;5,484939936E10;1518230
WINFUT;21/01/2026;16:00:00;179653,41;180486,83;179439,85;180434,74;7,511473853E10;2088219
WINFUT;21/01/2026;15:00:00;178767,90;179736,75;178674,14;179648,20;7,113684507E10;1984589
WINFUT;21/01/2026;14:00:00;178814,78;178934,59;178429,33;178773,11;4,883481875E10;1366303
WINFUT;21/01/2026;13:00:00;178538,71;178991,88;178517,88;178814,78;6,806132289E10;1903606
WINFUT;21/01/2026;12:00:00;178356,40;178596,01;178080,34;178538,71;7,288234163E10;2043537
WINFUT;21/01/2026;11:00:00;177580,29;178653,31;177481,32;178356,40;1,215727758E11;3414531
WINFUT;21/01/2026;10:00:00;176804,17;177674,04;176804,17;177580,29;1,200383649E11;3386124
WINFUT;21/01/2026;09:00:00;174803,97;176923,97;174803,97;176809,37;1,120417335E11;3179197
WINFUT;20/01/2026;18:00:00;174824,80;174887,31;174673,74;174699,79;7369354299,00;210818
WINFUT;20/01/2026;17:00:00;174564,36;174892,52;174408,09;174824,80;2,737230447E10;783790
WINFUT;20/01/2026;16:00:00;174314,33;174637,28;174251,83;174564,36;3,37646999E10;967890
WINFUT;20/01/2026;15:00:00;174673,74;174725,83;174194,53;174309,12;4,089208363E10;1171476
WINFUT;20/01/2026;14:00:00;174928,98;175080,03;174501,85;174673,74;4,222292319E10;1207768
WINFUT;20/01/2026;13:00:00;174798,76;175100,87;174715,41;174928,98;4,804075661E10;1373239
WINFUT;20/01/2026;12:00:00;174199,74;174850,85;173730,94;174793,55;7,806864884E10;2238939
WINFUT;20/01/2026;11:00:00;172756,89;174694,58;172605,83;174204,95;1,278995416E11;3682667
WINFUT;20/01/2026;10:00:00;172668,33;173126,71;171902,63;172751,68;1,297433211E11;3759127
WINFUT;20/01/2026;09:00:00;172725,63;173048,58;171782,83;172668,33;1,255982018E11;3644695
WINFUT;19/01/2026;18:00:00;173444,45;173548,63;173392,37;173480,92;5484477428,00;158077
WINFUT;19/01/2026;17:00:00;173204,85;173517,38;173184,01;173449,66;1,621242103E10;467555
WINFUT;19/01/2026;16:00:00;173350,69;173402,78;173163,18;173204,85;1,262808716E10;364336
WINFUT;19/01/2026;15:00:00;173397,57;173454,87;173262,14;173350,69;1,772641977E10;511279
WINFUT;19/01/2026;14:00:00;173517,38;173595,51;173105,88;173397,57;3,017511512E10;870220
WINFUT;19/01/2026;13:00:00;173366,32;173824,70;173355,90;173517,38;4,362868431E10;1256799
WINFUT;19/01/2026;12:00:00;173402,78;173506,96;173079,83;173361,11;4,155575221E10;1198963
WINFUT;19/01/2026;11:00:00;173204,85;173475,71;172855,85;173407,99;6,397384707E10;1846925
WINFUT;19/01/2026;10:00:00;173345,49;173710,11;172835,02;173204,85;8,114169708E10;2341891
WINFUT;19/01/2026;09:00:00;172704,80;173506,96;172517,28;173350,69;6,468822391E10;1869275
WINFUT;16/01/2026;18:00:00;173163,18;173506,96;173147,55;173475,71;8381719243,00;241786
WINFUT;16/01/2026;17:00:00;173309,02;173475,71;173079,83;173163,18;2,249529471E10;649077
WINFUT;16/01/2026;16:00:00;173303,82;173381,95;173210,06;173303,82;2,356858042E10;679994
WINFUT;16/01/2026;15:00:00;173163,18;173381,95;173131,92;173309,02;2,983052696E10;860800
WINFUT;16/01/2026;14:00:00;173178,80;173298,61;173017,33;173157,97;3,367237324E10;972207
WINFUT;16/01/2026;13:00:00;172918,36;173418,41;172850,64;173173,59;4,046992739E10;1168519
WINFUT;16/01/2026;12:00:00;173491,33;173626,76;172730,84;172918,36;6,950662162E10;2007100
WINFUT;16/01/2026;11:00:00;173673,64;173788,24;172991,28;173491,33;7,35098303E10;2119701
WINFUT;16/01/2026;10:00:00;174574,78;174632,07;173647,60;173673,64;6,370150361E10;1828272
WINFUT;16/01/2026;09:00:00;174413,30;175007,11;174408,09;174574,78;7,522101175E10;2152625
WINFUT;15/01/2026;18:00:00;174356,00;174673,74;174303,92;174579,98;9169205045,00;262755
WINFUT;15/01/2026;17:00:00;174449,76;174454,97;174158,07;174356,00;2,849708586E10;817358
WINFUT;15/01/2026;16:00:00;174970,65;174981,07;174434,14;174449,76;3,820819415E10;1093438
WINFUT;15/01/2026;15:00:00;174590,40;175043,57;174574,78;174975,86;4,701014103E10;1343949
WINFUT;15/01/2026;14:00:00;174392,47;174611,24;174376,84;174590,40;3,141021131E10;900035
WINFUT;15/01/2026;13:00:00;174173,69;174475,81;174017,43;174387,26;4,539714961E10;1302566
WINFUT;15/01/2026;12:00:00;173829,91;174366,42;173814,28;174173,69;6,712891772E10;1927622
WINFUT;15/01/2026;11:00:00;174100,77;174163,28;173585,09;173835,12;8,946820868E10;2573101
WINFUT;15/01/2026;10:00:00;174309,12;174814,38;173850,74;174100,77;1,281089335E11;3675609
WINFUT;15/01/2026;09:00:00;173975,76;174543,52;173772,61;174303,92;9,845274726E10;2825644
WINFUT;14/01/2026;18:00:00;174116,40;174303,92;174048,68;174246,62;1,052841094E10;302209
WINFUT;14/01/2026;17:00:00;173616,35;174178,90;173298,61;174111,19;5,566192803E10;1602569
WINFUT;14/01/2026;16:00:00;173267,35;173704,90;173246,52;173616,35;4,671176025E10;1346342
WINFUT;14/01/2026;15:00:00;172558,95;173335,07;172506,86;173262,14;5,428923266E10;1569524
WINFUT;14/01/2026;14:00:00;172387,06;172704,80;172376,64;172553,74;3,522220155E10;1020513
WINFUT;14/01/2026;13:00:00;172277,67;172543,32;172183,91;172387,06;3,769680515E10;1093357
WINFUT;14/01/2026;12:00:00;172282,88;172736,05;172027,65;172277,67;7,067208537E10;2048974
WINFUT;14/01/2026;11:00:00;171907,84;172506,86;170668,13;172288,09;1,497926428E11;4361461
WINFUT;14/01/2026;10:00:00;171840,13;172361,01;171663,03;171913,05;1,235642831E11;3591590
WINFUT;14/01/2026;09:00:00;170902,53;171902,63;170803,56;171845,34;1,037406664E11;3025110
WINFUT;13/01/2026;18:00:00;170678,55;170709,81;170543,12;170688,97;8719111905,00;255488
WINFUT;13/01/2026;17:00:00;170850,44;170933,79;170642,09;170683,76;2,45049459E10;717448
WINFUT;13/01/2026;16:00:00;170793,15;170928,58;170610,84;170850,44;3,828924172E10;1121318
WINFUT;13/01/2026;15:00:00;170876,49;171006,71;170715,01;170787,94;4,148261486E10;1214045
WINFUT;13/01/2026;14:00:00;170756,69;171006,71;170678,55;170881,70;3,851877789E10;1126976
WINFUT;13/01/2026;13:00:00;170688,97;170944,20;170470,20;170751,48;4,227142795E10;1238148
WINFUT;13/01/2026;12:00:00;171110,89;171136,93;170522,29;170688,97;6,236040333E10;1825709
WINFUT;13/01/2026;11:00:00;171168,18;171887,01;171053,59;171110,89;1,00459051E11;2930146
WINFUT;13/01/2026;10:00:00;171303,61;171621,35;170579,58;171173,39;1,256942295E11;3671046
WINFUT;13/01/2026;09:00:00;172397,47;172611,04;171235,90;171303,61;9,137605266E10;2660838
WINFUT;12/01/2026;18:00:00;172048,48;172262,04;172012,02;172262,04;6730304857,00;195507
WINFUT;12/01/2026;17:00:00;172277,67;172298,51;171949,51;172048,48;2,593376294E10;753399
WINFUT;12/01/2026;16:00:00;172236,00;172319,34;172168,28;172272,46;2,385688582E10;692548
WINFUT;12/01/2026;15:00:00;172293,30;172428,73;172168,28;172241,21;3,259003714E10;945763
WINFUT;12/01/2026;14:00:00;172121,41;172345,39;172074,53;172293,30;3,411335063E10;990392
WINFUT;12/01/2026;13:00:00;172397,47;172486,02;172084,94;172126,61;4,389346764E10;1273629
WINFUT;12/01/2026;12:00:00;172131,82;172532,90;171965,14;172397,47;6,1665112E10;1789606
WINFUT;12/01/2026;11:00:00;171590,10;172392,27;171147,35;172137,03;1,062856855E11;3093527
WINFUT;12/01/2026;10:00:00;171819,29;172147,45;171491,13;171595,31;1,030226583E11;2998266
WINFUT;12/01/2026;09:00:00;172413,10;172725,63;171814,08;171819,29;9,941660094E10;2884658
WINFUT;09/01/2026;18:00:00;172340,18;172366,22;172095,36;172121,41;7911593877,00;229662
WINFUT;09/01/2026;17:00:00;172642,29;172715,21;172277,67;172345,39;2,267611816E10;657076
WINFUT;09/01/2026;16:00:00;172970,45;172975,66;172564,16;172647,50;3,162299289E10;915525
WINFUT;09/01/2026;15:00:00;173100,67;173121,51;172798,56;172975,66;2,979209843E10;861127
WINFUT;09/01/2026;14:00:00;173225,68;173387,16;173048,58;173100,67;3,351797883E10;967372
WINFUT;09/01/2026;13:00:00;172855,85;173262,14;172788,14;173225,68;3,663177358E10;1058963
WINFUT;09/01/2026;12:00:00;173027,75;173298,61;172663,13;172855,85;6,364578896E10;1839620
WINFUT;09/01/2026;11:00:00;172788,14;173178,80;172334,97;173032,95;9,564605448E10;2767844
WINFUT;09/01/2026;10:00:00;171845,34;173126,71;171626,56;172788,14;1,189208061E11;3449707
WINFUT;09/01/2026;09:00:00;172048,48;172611,04;171381,75;171850,54;9,829624437E10;2862238
WINFUT;08/01/2026;18:00:00;171814,08;171881,80;171751,58;171814,08;6645296443,00;193383
WINFUT;08/01/2026;17:00:00;171663,03;171892,22;171485,92;171819,29;2,235611145E10;651144
WINFUT;08/01/2026;16:00:00;171501,55;171840,13;171480,72;171668,23;3,058423845E10;890741
WINFUT;08/01/2026;15:00:00;171527,60;171777,62;171298,41;171496,34;3,816900971E10;1112775
WINFUT;08/01/2026;14:00:00;171694,28;171772,41;171418,21;171527,60;3,137830841E10;914407
WINFUT;08/01/2026;13:00:00;171610,94;171735,95;171355,70;171694,28;3,774770018E10;1100074
WINFUT;08/01/2026;12:00:00;171329,66;171850,54;171324,45;171610,94;5,86599437E10;1709454
WINFUT;08/01/2026;11:00:00;171230,69;171975,56;171037,96;171324,45;1,052482378E11;3069039
WINFUT;08/01/2026;10:00:00;171215,06;171767,20;170902,53;171230,69;1,162132891E11;3392494
WINFUT;08/01/2026;09:00:00;170746,27;171402,58;170584,79;171209,86;9,318021022E10;2723898
WINFUT;07/01/2026;18:00:00;171069,22;171157,77;170954,62;170954,62;8503823194,00;248572
WINFUT;07/01/2026;17:00:00;171246,32;171350,49;170954,62;171069,22;2,262940065E10;660964
WINFUT;07/01/2026;16:00:00;171324,45;171345,29;171183,81;171251,53;2,424633297E10;707911
WINFUT;07/01/2026;15:00:00;171189,02;171397,37;171064,01;171329,66;3,343646284E10;976429
WINFUT;07/01/2026;14:00:00;171298,41;171360,91;171084,84;171189,02;3,621346607E10;1057543
WINFUT;07/01/2026;13:00:00;171267,15;171454,67;171147,35;171293,20;3,882599985E10;1133377
WINFUT;07/01/2026;12:00:00;171329,66;171371,33;170860,86;171267,15;6,034915457E10;1763555
WINFUT;07/01/2026;11:00:00;171918,26;171959,93;171121,30;171334,87;8,720032725E10;2542024
WINFUT;07/01/2026;10:00:00;172522,49;172631,87;171803,66;171913,05;1,093042781E11;3172804
WINFUT;07/01/2026;09:00:00;173194,43;173204,85;172480,82;172517,28;9,843826118E10;2848922
WINFUT;06/01/2026;18:00:00;172913,15;173142,34;172855,85;173142,34;8882895557,00;256702
WINFUT;06/01/2026;17:00:00;172772,51;173027,75;172699,59;172907,94;2,293920878E10;663484
WINFUT;06/01/2026;16:00:00;173147,55;173241,31;172642,29;172772,51;4,263035967E10;1232668
WINFUT;06/01/2026;15:00:00;173079,83;173277,77;172876,69;173147,55;4,15815864E10;1201271
WINFUT;06/01/2026;14:00:00;173121,51;173293,40;172949,61;173079,83;3,525924067E10;1018293
WINFUT;06/01/2026;13:00:00;173105,88;173215,26;172793,35;173126,71;4,662744874E10;1347355
WINFUT;06/01/2026;12:00:00;173032,95;173434,04;172861,06;173111,09;6,538622638E10;1888419
WINFUT;06/01/2026;11:00:00;173006,91;173616,35;172527,70;173032,95;1,21896502E11;3520680
WINFUT;06/01/2026;10:00:00;172387,06;173413,20;172308,92;173006,91;1,164336353E11;3364235
WINFUT;06/01/2026;09:00:00;171449,46;172611,04;171397,37;172387,06;1,011597183E11;2938649
WINFUT;05/01/2026;18:00:00;171267,15;171298,41;171116,10;171287,99;8446619365,00;246668
WINFUT;05/01/2026;17:00:00;171189,02;171329,66;171043,17;171267,15;2,694080243E10;786953
WINFUT;05/01/2026;16:00:00;171371,33;171470,30;171168,18;171183,81;3,124671506E10;911843
WINFUT;05/01/2026;15:00:00;171298,41;171423,42;171173,39;171371,33;3,85101252E10;1124048
WINFUT;05/01/2026;14:00:00;170996,29;171324,45;170892,12;171303,61;4,365472049E10;1275815
WINFUT;05/01/2026;13:00:00;170824,40;171037,96;170480,62;170996,29;4,561073741E10;1335449
WINFUT;05/01/2026;12:00:00;169704,50;170866,07;169589,90;170824,40;7,352510598E10;2158737
WINFUT;05/01/2026;11:00:00;170116,00;170444,15;169563,86;169709,71;9,979039722E10;2934196
WINFUT;05/01/2026;10:00:00;169990,98;170194,13;169355,50;170116,00;1,033687654E11;3045311
WINFUT;05/01/2026;09:00:00;169975,36;170527,50;169595,11;169990,98;9,283915386E10;2729266
WINFUT;02/01/2026;18:00:00;169595,11;169772,21;169391,97;169496,14;9906382767,00;292049
WINFUT;02/01/2026;17:00:00;169782,63;169865,97;169496,14;169605,53;2,552921172E10;752206
WINFUT;02/01/2026;16:00:00;169459,68;169902,43;169428,43;169787,84;3,189549495E10;939546
WINFUT;02/01/2026;15:00:00;169470,10;169704,50;169319,04;169464,89;3,622453331E10;1068460
WINFUT;02/01/2026;14:00:00;169688,87;169767,00;169418,01;169475,31;3,229544541E10;952294
WINFUT;02/01/2026;13:00:00;169912,85;169964,94;169506,56;169694,08;3,860648316E10;1137203
WINFUT;02/01/2026;12:00:00;170329,56;170496,24;169683,66;169912,85;5,83929454E10;1716880
WINFUT;02/01/2026;11:00:00;170282,68;170829,61;169990,98;170329,56;8,192736572E10;2404592
WINFUT;02/01/2026;10:00:00;171642,19;171933,89;170162,88;170282,68;9,009004431E10;2632875
WINFUT;02/01/2026;09:00:00;170819,19;171694,28;170808,77;171647,40;6,564376998E10;1915737
