WDOFUT;30/12/2014;5291,07;5291,07;5157,34;5191,25;1581487699,00;30409
WDOFUT;29/12/2014;5221,76;5299,90;5208,09;5285,25;1528665440,00;29087
WDOFUT;26/12/2014;5266,69;5273,53;5214,93;5214,93;838600152,00;16006
WDOFUT;23/12/2014;5206,13;5300,88;5187,58;5276,46;2162495362,00;41099
WDOFUT;22/12/2014;5182,69;5217,86;5172,92;5211,02;1650078795,00;31759
WDOFUT;19/12/2014;5214,93;5229,58;5166,09;5206,13;2791660207,00;53728
WDOFUT;18/12/2014;5288,18;5289,16;5179,76;5212,00;2440623855,00;46795
WDOFUT;17/12/2014;5388,79;5399,53;5225,67;5324,32;3211183366,00;60559
WDOFUT;16/12/2014;5267,67;5412,23;5264,74;5372,18;4124991092,00;76908
WDOFUT;15/12/2014;5205,16;5298,93;5203,20;5286,23;2606869051,00;49575
WDOFUT;12/12/2014;5210,04;5254,00;5190,51;5207,11;2715780036,00;52048
WDOFUT;11/12/2014;5132,88;5211,02;5127,02;5205,16;2427467992,00;46912
WDOFUT;10/12/2014;5103,57;5149,48;5080,13;5149,48;2103682365,00;41144
WDOFUT;09/12/2014;5112,37;5135,81;5080,13;5100,64;1762725147,00;34512
WDOFUT;08/12/2014;5108,46;5146,55;5088,92;5112,37;1601219311,00;31289
WDOFUT;05/12/2014;5094,78;5131,90;5061,57;5087,95;1945349252,00;38121
WDOFUT;04/12/2014;5060,60;5101,62;5045,95;5101,62;1785877989,00;35151
WDOFUT;03/12/2014;5070,36;5091,85;5014,69;5023,48;1500123916,00;29762
WDOFUT;02/12/2014;5038,13;5080,13;5035,20;5056,69;1566177084,00;30938
WDOFUT;01/12/2014;5051,81;5082,09;5010,78;5042,04;2066694762,00;40983
WDOFUT;28/11/2014;4991,25;5085,02;4989,29;5053,76;1509318956,00;29867
WDOFUT;27/11/2014;4923,34;4991,25;4919,40;4990,27;1261180658,00;25499
WDOFUT;26/11/2014;4977,47;4979,44;4916,45;4926,29;1970054475,00;39879
WDOFUT;25/11/2014;5018,81;5028,66;4960,74;4986,33;1788721240,00;35881
WDOFUT;24/11/2014;4951,88;5032,59;4934,17;5021,77;2031100767,00;40602
WDOFUT;21/11/2014;5051,30;5056,22;4949,92;4962,71;2796897427,00;56041
WDOFUT;19/11/2014;5112,32;5131,02;5065,08;5080,82;2179801935,00;42782
WDOFUT;18/11/2014;5144,80;5149,72;5099,52;5102,48;1771100192,00;34556
WDOFUT;17/11/2014;5157,60;5175,31;5098,54;5157,60;1919533707,00;37357
WDOFUT;14/11/2014;5137,91;5195,98;5124,13;5141,85;2517571031,00;48842
WDOFUT;13/11/2014;5084,76;5163,50;5065,08;5121,18;2123353533,00;41559
WDOFUT;12/11/2014;5065,08;5082,79;5015,86;5079,84;1974896228,00;39098
WDOFUT;11/11/2014;5069,01;5087,71;5053,26;5058,19;1239234453,00;24441
WDOFUT;10/11/2014;5044,41;5060,15;5011,92;5049,33;1532445947,00;30437
WDOFUT;07/11/2014;5084,76;5127,08;5048,34;5065,08;2536550250,00;49873
WDOFUT;06/11/2014;4968,62;5101,49;4943,03;5090,67;2498168535,00;49515
WDOFUT;05/11/2014;5000,11;5012,91;4967,63;4970,58;1556874462,00;31228
WDOFUT;04/11/2014;4963,69;5022,75;4940,07;4947,95;1784775531,00;35785
WDOFUT;03/11/2014;4902,67;4976,49;4869,20;4950,90;1687288198,00;34152
WDOFUT;31/10/2014;4763,89;4919,40;4755,03;4909,56;2444042370,00;50256
WDOFUT;30/10/2014;4813,47;4833,32;4748,99;4765,86;2193532956,00;45863
WDOFUT;29/10/2014;4897,80;4909,70;4815,46;4890,86;2328916812,00;47932
WDOFUT;28/10/2014;4986,09;4990,06;4884,90;4888,87;1819594365,00;36880
WDOFUT;27/10/2014;5083,31;5087,28;4993,04;5009,90;2437656975,00;48463
WDOFUT;24/10/2014;4955,34;4979,15;4867,05;4920,62;1719790231,00;34987
WDOFUT;23/10/2014;4976,17;5008,91;4946,41;4970,22;1786638293,00;35866
WDOFUT;22/10/2014;4946,41;4960,30;4907,72;4949,39;1553589551,00;31474
WDOFUT;21/10/2014;4960,30;4980,14;4902,76;4942,44;1622857605,00;32875
WDOFUT;20/10/2014;4871,01;4914,66;4861,09;4906,73;1431894991,00;29252
WDOFUT;17/10/2014;4873,00;4906,73;4827,36;4852,17;2193506240,00;45058
WDOFUT;16/10/2014;4972,20;4993,04;4892,84;4930,54;3232342847,00;65582
WDOFUT;15/10/2014;4797,60;4909,70;4797,60;4892,84;2980260682,00;61373
WDOFUT;14/10/2014;4792,64;4797,60;4764,86;4790,66;1633987932,00;34166
WDOFUT;13/10/2014;4781,73;4785,70;4746,01;4773,79;1502819487,00;31525
WDOFUT;10/10/2014;4819,43;4854,15;4789,67;4845,22;2026430563,00;42110
WDOFUT;09/10/2014;4718,24;4799,59;4710,30;4787,68;2232704699,00;46838
WDOFUT;08/10/2014;4787,68;4855,14;4740,06;4748,00;2972516226,00;61982
WDOFUT;07/10/2014;4846,21;4846,21;4773,79;4795,62;2306396041,00;48000
WDOFUT;06/10/2014;4741,05;4864,07;4732,13;4851,17;2827059320,00;58716
WDOFUT;03/10/2014;5000,97;5013,87;4911,69;4920,62;2739092951,00;55073
WDOFUT;02/10/2014;4953,36;4997,01;4939,47;4994,03;2161362705,00;43534
WDOFUT;01/10/2014;4926,57;4979,15;4901,77;4964,27;2184237593,00;44210
WDOFUT;30/09/2014;4910,70;4929,55;4889,86;4894,82;1513720648,00;30828
WDOFUT;29/09/2014;4919,77;4963,81;4892,75;4902,76;2163514608,00;43990
WDOFUT;26/09/2014;4858,73;4894,75;4826,70;4852,72;2390435070,00;49156
WDOFUT;25/09/2014;4797,68;4876,74;4797,68;4864,73;2663740847,00;55071
WDOFUT;24/09/2014;4811,69;4847,72;4772,66;4777,66;1949982373,00;40464
WDOFUT;23/09/2014;4797,68;4841,71;4789,67;4836,71;2024180888,00;42013
WDOFUT;22/09/2014;4783,67;4816,69;4779,67;4813,69;1645293077,00;34308
WDOFUT;19/09/2014;4748,64;4789,67;4719,62;4754,65;2193538184,00;46130
WDOFUT;18/09/2014;4728,63;4773,66;4728,63;4749,64;1892698020,00;39825
WDOFUT;17/09/2014;4687,60;4751,64;4673,58;4739,63;1995788804,00;42401
WDOFUT;16/09/2014;4704,61;4708,61;4658,57;4693,60;1850831481,00;39495
WDOFUT;15/09/2014;4714,62;4725,62;4683,59;4708,61;1412575859,00;30017
WDOFUT;12/09/2014;4628,55;4719,62;4624,55;4706,61;2777701217,00;59480
WDOFUT;11/09/2014;4618,54;4631,55;4591,52;4625,55;1448069460,00;31438
WDOFUT;10/09/2014;4607,53;4630,55;4599,53;4604,53;1818160755,00;39375
WDOFUT;09/09/2014;4584,52;4613,54;4576,51;4601,53;1958597911,00;42635
WDOFUT;08/09/2014;4517,46;4577,51;4515,46;4568,50;1495988301,00;32897
WDOFUT;05/09/2014;4526,47;4532,48;4499,45;4519,47;1259676326,00;27890
WDOFUT;04/09/2014;4523,47;4553,49;4488,44;4517,46;1267326283,00;28107
WDOFUT;03/09/2014;4513,46;4514,46;4489,44;4509,46;1130190549,00;25103
WDOFUT;02/09/2014;4546,49;4551,49;4514,46;4527,47;1216411965,00;26812
WDOFUT;01/09/2014;4511,46;4535,48;4500,45;4531,48;441819925,70;9783
WDOFUT;29/08/2014;4524,47;4532,48;4506,46;4513,46;1225496032,00;27125
WDOFUT;28/08/2014;4554,75;4567,87;4517,41;4524,47;1378393660,00;30362
WDOFUT;27/08/2014;4559,79;4577,96;4531,53;4541,63;1255081568,00;27511
WDOFUT;26/08/2014;4620,35;4625,40;4567,87;4570,90;1199112966,00;26093
WDOFUT;25/08/2014;4604,20;4633,47;4601,17;4628,42;813647301,60;17615
WDOFUT;22/08/2014;4593,10;4621,36;4592,09;4606,22;1389911510,00;30162
WDOFUT;21/08/2014;4572,91;4596,13;4558,78;4596,13;1145683154,00;25045
WDOFUT;20/08/2014;4561,81;4585,02;4556,77;4578,97;1026918957,00;22475
WDOFUT;19/08/2014;4579,98;4590,07;4549,70;4549,70;1000310047,00;21882
WDOFUT;18/08/2014;4570,90;4589,06;4564,84;4576,95;833015010,30;18192
WDOFUT;15/08/2014;4590,07;4616,31;4577,96;4579,98;1464616231,00;31858
WDOFUT;14/08/2014;4618,33;4628,42;4593,10;4595,12;1086609059,00;23595
WDOFUT;13/08/2014;4614,29;4647,60;4590,07;4627,41;2149038615,00;46553
WDOFUT;12/08/2014;4632,46;4638,52;4612,27;4625,40;1126456095,00;24367
WDOFUT;11/08/2014;4616,31;4633,47;4611,27;4622,37;1205430905,00;26074
WDOFUT;08/08/2014;4654,66;4686,96;4632,46;4632,46;1649844186,00;35384
WDOFUT;07/08/2014;4629,43;4672,83;4618,33;4668,79;1633165999,00;35160
WDOFUT;06/08/2014;4654,66;4667,78;4616,31;4619,34;1383639482,00;29856
WDOFUT;05/08/2014;4603,19;4650,63;4600,16;4638,52;1635324533,00;35309
WDOFUT;04/08/2014;4593,10;4608,24;4573,92;4592,09;996989391,20;21707
WDOFUT;01/08/2014;4625,40;4644,57;4579,98;4592,09;1767245996,00;38358
WDOFUT;31/07/2014;4595,12;4630,44;4586,03;4607,23;1434747846,00;31107
WDOFUT;30/07/2014;4556,61;4606,51;4550,50;4573,92;1493233808,00;32602
WDOFUT;29/07/2014;4538,28;4551,52;4534,20;4540,31;726287933,50;15986
WDOFUT;28/07/2014;4548,46;4557,63;4529,11;4530,13;664919083,00;14628
WDOFUT;25/07/2014;4544,39;4554,57;4539,30;4548,46;696456299,00;15319
WDOFUT;24/07/2014;4523,00;4538,28;4520,96;4537,26;653114022,40;14416
WDOFUT;23/07/2014;4528,09;4539,30;4521,98;4531,15;619820586,90;13675
WDOFUT;22/07/2014;4541,33;4542,35;4509,76;4523,00;835171861,60;18465
WDOFUT;21/07/2014;4548,46;4558,65;4534,20;4542,35;681774423,00;14998
WDOFUT;18/07/2014;4593,27;4593,27;4549,48;4554,57;1007184873,00;22046
WDOFUT;17/07/2014;4560,68;4622,81;4554,57;4620,77;1238779298,00;27000
WDOFUT;16/07/2014;4542,35;4558,65;4527,07;4547,44;682502981,40;15025
WDOFUT;15/07/2014;4529,11;4556,61;4523,00;4538,28;931930473,10;20515
WDOFUT;14/07/2014;4547,44;4549,48;4524,02;4529,11;590539442,60;13017
WDOFUT;11/07/2014;4550,50;4559,66;4542,35;4550,50;524504569,10;11524
WDOFUT;10/07/2014;4547,44;4561,70;4541,33;4551,52;775875514,70;17042
WDOFUT;08/07/2014;4560,68;4565,78;4532,17;4540,31;545603798,90;12008
WDOFUT;07/07/2014;4547,44;4566,79;4536,24;4566,79;581831888,40;12774
WDOFUT;04/07/2014;4540,31;4548,46;4539,30;4546,42;88127106,00;1939
WDOFUT;03/07/2014;4563,74;4609,57;4536,24;4537,26;881621910,80;19279
WDOFUT;02/07/2014;4524,02;4569,85;4524,02;4563,74;855073693,20;18795
WDOFUT;01/07/2014;4554,57;4561,70;4518,93;4524,02;759750291,50;16763
WDOFUT;30/06/2014;4519,94;4553,55;4513,83;4550,50;635656006,20;14025
WDOFUT;27/06/2014;4511,76;4540,54;4502,51;4515,87;729843232,40;16138
WDOFUT;26/06/2014;4542,60;4554,93;4511,76;4522,04;849811857,20;18724
WDOFUT;25/06/2014;4556,99;4556,99;4528,21;4543,63;1004379125,00;22109
WDOFUT;24/06/2014;4565,21;4586,80;4563,16;4583,72;613624682,00;13406
WDOFUT;23/06/2014;4587,83;4589,88;4565,21;4568,30;577897801,60;12634
WDOFUT;20/06/2014;4604,28;4621,75;4589,88;4599,14;830843596,40;18035
WDOFUT;18/06/2014;4657,73;4664,93;4590,91;4592,97;1174906577,00;25396
WDOFUT;17/06/2014;4604,28;4669,04;4604,28;4665,95;588190594,70;12681
WDOFUT;16/06/2014;4599,14;4618,67;4594,00;4610,44;640764150,40;13906
WDOFUT;13/06/2014;4619,70;4626,89;4584,74;4592,97;617264177,80;13392
WDOFUT;11/06/2014;4592,97;4620,72;4592,97;4615,58;758037706,10;16439
WDOFUT;10/06/2014;4613,53;4620,72;4588,86;4590,91;782408348,50;16985
WDOFUT;09/06/2014;4628,95;4639,23;4599,14;4613,53;887993488,00;19236
WDOFUT;06/06/2014;4675,21;4675,21;4633,06;4652,59;1172191483,00;25211
WDOFUT;05/06/2014;4702,96;4718,38;4676,23;4683,43;1204156580,00;25630
WDOFUT;04/06/2014;4721,46;4744,08;4696,79;4716,32;1188298452,00;25155
WDOFUT;03/06/2014;4685,49;4727,63;4675,21;4720,44;1125915249,00;23957
WDOFUT;02/06/2014;4646,42;4718,38;4646,42;4718,38;1246505004,00;26564
WDOFUT;30/05/2014;4613,53;4655,67;4609,42;4645,39;1004118915,00;21638
WDOFUT;29/05/2014;4627,02;4630,12;4591,81;4609,42;944072083,30;20483
WDOFUT;28/05/2014;4650,83;4659,11;4627,02;4627,02;893572369,30;19251
WDOFUT;27/05/2014;4621,84;4654,97;4621,84;4641,51;797606419,40;17194
WDOFUT;26/05/2014;4611,49;4619,77;4602,17;4612,52;220255746,40;4778
WDOFUT;23/05/2014;4599,06;4616,66;4591,81;4613,56;639477400,70;13886
WDOFUT;22/05/2014;4588,71;4606,31;4570,07;4593,89;907102237,30;19756
WDOFUT;21/05/2014;4598,03;4603,20;4581,46;4590,78;720917260,60;15700
WDOFUT;20/05/2014;4599,06;4612,52;4589,74;4600,10;931347548,10;20233
WDOFUT;19/05/2014;4603,20;4610,45;4579,39;4584,57;628574547,80;13687
WDOFUT;16/05/2014;4614,59;4614,59;4591,81;4604,24;832204569,70;18089
WDOFUT;15/05/2014;4589,74;4633,23;4586,64;4613,56;1111784308,00;24096
WDOFUT;14/05/2014;4613,56;4617,70;4578,36;4582,50;758024622,90;16482
WDOFUT;13/05/2014;4609,42;4618,73;4590,78;4607,35;890783248,10;19352
WDOFUT;12/05/2014;4609,42;4625,98;4600,10;4610,45;629884162,40;13644
WDOFUT;09/05/2014;4624,95;4633,23;4604,24;4607,35;885884480,50;19165
WDOFUT;08/05/2014;4612,52;4622,88;4585,60;4618,73;1055080353,00;22909
WDOFUT;07/05/2014;4654,97;4661,18;4619,77;4622,88;852817418,40;18373
WDOFUT;06/05/2014;4679,82;4679,82;4640,48;4650,83;884480969,20;18995
WDOFUT;05/05/2014;4652,90;4694,32;4637,37;4686,03;886436326,50;19005
WDOFUT;02/05/2014;4657,04;4686,03;4624,95;4633,23;1093848906,00;23558
WDOFUT;30/04/2014;4669,47;4686,03;4651,87;4663,25;1151982878,00;24678
WDOFUT;29/04/2014;4634,00;4669,47;4610,00;4669,47;1261534427,00;27184
WDOFUT;28/04/2014;4690,33;4690,33;4640,26;4643,39;1092140484,00;23408
WDOFUT;25/04/2014;4654,86;4694,50;4648,60;4689,29;1003600060,00;21486
WDOFUT;24/04/2014;4636,08;4659,03;4626,69;4628,78;924058008,70;19905
WDOFUT;23/04/2014;4694,50;4701,81;4642,34;4642,34;1257082263,00;26883
WDOFUT;22/04/2014;4679,90;4708,07;4675,73;4684,07;937690191,60;19973
WDOFUT;17/04/2014;4687,20;4721,63;4673,64;4681,99;1025159132,00;21806
WDOFUT;16/04/2014;4664,25;4701,81;4655,90;4698,68;1101357371,00;23520
WDOFUT;15/04/2014;4642,34;4693,46;4634,00;4673,64;1226813592,00;26258
WDOFUT;14/04/2014;4656,95;4659,03;4623,56;4639,21;799359887,40;17245
WDOFUT;11/04/2014;4636,08;4661,12;4611,05;4650,69;1470085499,00;31732
WDOFUT;10/04/2014;4583,92;4638,17;4577,66;4626,69;1307998960,00;28388
WDOFUT;09/04/2014;4617,31;4655,90;4586,01;4586,01;1456130168,00;31456
WDOFUT;08/04/2014;4634,00;4638,17;4602,70;4623,56;1462491388,00;31648
WDOFUT;07/04/2014;4713,28;4719,54;4643,39;4656,95;1239276030,00;26498
WDOFUT;04/04/2014;4777,96;4777,96;4694,50;4694,50;1426871848,00;30257
WDOFUT;03/04/2014;4777,96;4807,17;4774,83;4790,48;1014473251,00;21171
WDOFUT;02/04/2014;4757,10;4784,22;4748,75;4769,62;932666164,50;19545
WDOFUT;01/04/2014;4774,83;4784,22;4739,36;4753,97;879752113,10;18493
WDOFUT;31/03/2014;4763,36;4785,26;4733,10;4780,05;1071976639,00;22507
WDOFUT;28/03/2014;4746,62;4773,95;4732,95;4752,92;1375111010,00;28912
WDOFUT;27/03/2014;4842,27;4858,03;4750,82;4750,82;1547911973,00;32282
WDOFUT;26/03/2014;4849,62;4883,26;4826,50;4848,57;1256589340,00;25867
WDOFUT;25/03/2014;4912,69;4912,69;4841,21;4866,44;1472221459,00;30249
WDOFUT;24/03/2014;4890,61;4916,89;4879,05;4894,82;903383869,00;18446
WDOFUT;21/03/2014;4914,79;4916,89;4884,31;4902,18;998439723,90;20382
WDOFUT;20/03/2014;4956,83;4969,44;4894,82;4906,38;1360748590,00;27621
WDOFUT;19/03/2014;4927,40;4964,19;4904,28;4956,83;1293259583,00;26229
WDOFUT;18/03/2014;4956,83;4977,85;4923,20;4923,20;1244233207,00;25124
WDOFUT;17/03/2014;4952,63;4973,65;4944,22;4958,93;829658324,40;16727
WDOFUT;14/03/2014;4982,06;5016,74;4954,73;4955,78;1391080774,00;27897
WDOFUT;13/03/2014;4965,24;5002,03;4941,07;4991,52;1232038403,00;24776
WDOFUT;12/03/2014;5007,28;5017,79;4975,75;4976,80;1020274557,00;20413
WDOFUT;11/03/2014;4985,21;5008,33;4945,27;4998,87;1299899383,00;26140
WDOFUT;10/03/2014;4952,63;4983,11;4922,15;4973,65;1149012219,00;23182
WDOFUT;07/03/2014;4913,74;4971,55;4912,69;4952,63;1091254872,00;22046
WDOFUT;06/03/2014;4895,87;4918,99;4872,75;4912,69;1036765072,00;21180
WDOFUT;05/03/2014;4959,98;4959,98;4903,23;4906,38;453528158,90;9212
WDOFUT;28/02/2014;4906,38;4970,50;4896,92;4966,29;1228791773,00;24873
WDOFUT;27/02/2014;4993,11;4994,17;4906,33;4913,74;1175690095,00;23774
WDOFUT;26/02/2014;4958,19;4994,17;4943,37;4980,41;1194992566,00;24028
WDOFUT;25/02/2014;4959,25;4968,77;4937,02;4959,25;1087256201,00;21953
WDOFUT;24/02/2014;4980,41;4989,94;4938,08;4963,48;998157496,50;20124
WDOFUT;21/02/2014;5030,15;5046,03;4975,12;4986,76;1004737164,00;20070
WDOFUT;20/02/2014;5082,01;5083,07;5016,39;5032,27;1188440329,00;23550
WDOFUT;19/02/2014;5111,64;5120,11;5062,96;5080,95;1186525252,00;23332
WDOFUT;18/02/2014;5083,07;5100,00;5069,31;5086,24;939192578,30;18466
WDOFUT;17/02/2014;5075,66;5084,13;5056,61;5077,78;324671786,40;6403
WDOFUT;14/02/2014;5096,83;5097,88;5059,78;5075,66;967350106,10;19052
WDOFUT;13/02/2014;5181,49;5181,49;5087,30;5088,36;1015381973,00;19766
WDOFUT;12/02/2014;5105,29;5160,32;5100,00;5158,21;919775693,80;17929
WDOFUT;11/02/2014;5108,47;5144,45;5098,94;5107,41;886648930,20;17314
WDOFUT;10/02/2014;5082,01;5131,75;5072,48;5128,58;798933364,40;15656
WDOFUT;07/02/2014;5074,60;5097,88;5046,03;5066,13;1060957903,00;20916
WDOFUT;06/02/2014;5110,58;5140,22;5060,84;5074,60;1207370327,00;23684
WDOFUT;05/02/2014;5132,81;5155,03;5098,94;5120,11;1160046640,00;22626
WDOFUT;04/02/2014;5182,55;5196,31;5125,40;5126,46;1027970836,00;19949
WDOFUT;03/02/2014;5153,97;5204,77;5117,99;5202,66;907350794,70;17571
WDOFUT;31/01/2014;5138,10;5198,42;5123,28;5147,62;1125202893,00;21786
WDOFUT;30/01/2014;5209,50;5226,56;5140,19;5143,39;1281225104,00;24805
WDOFUT;29/01/2014;5180,71;5230,82;5175,38;5200,97;1396877532,00;26832
WDOFUT;28/01/2014;5148,72;5187,11;5132,73;5171,11;1047227217,00;20266
WDOFUT;27/01/2014;5130,60;5187,11;5106,07;5175,38;1254140862,00;24339
WDOFUT;24/01/2014;5170,05;5197,77;5115,67;5123,13;1522977591,00;29548
WDOFUT;23/01/2014;5085,82;5142,33;5065,56;5126,33;1247096036,00;24444
WDOFUT;22/01/2014;5053,83;5081,55;5033,57;5070,89;916923159,80;18126
WDOFUT;21/01/2014;5017,58;5066,62;5017,58;5048,50;891199251,30;17647
WDOFUT;20/01/2014;5003,72;5015,45;4982,39;5013,31;371505133,20;7432
WDOFUT;17/01/2014;5049,56;5063,43;5010,12;5014,38;781376074,50;15497
WDOFUT;16/01/2014;5027,17;5089,01;5020,78;5057,03;979251232,90;19337
WDOFUT;15/01/2014;5045,30;5055,96;5015,45;5052,76;742750367,40;14752
WDOFUT;14/01/2014;5062,36;5074,09;5032,51;5037,84;908538152,50;17983
WDOFUT;13/01/2014;5065,56;5065,56;5013,31;5053,83;913924959,30;18134
WDOFUT;10/01/2014;5124,20;5141,26;5055,96;5055,96;1010700566,00;19852
WDOFUT;09/01/2014;5136,99;5156,19;5125,27;5126,33;754415822,20;14676
WDOFUT;08/01/2014;5098,61;5147,66;5080,49;5147,66;944299969,30;18473
WDOFUT;07/01/2014;5099,68;5102,88;5057,03;5090,08;985038689,00;19387
WDOFUT;06/01/2014;5109,27;5124,20;5087,95;5109,27;669585113,30;13114
WDOFUT;03/01/2014;5118,87;5130,60;5087,95;5117,80;730302134,10;14304
WDOFUT;02/01/2014;5109,27;5176,44;5101,81;5128,46;920207562,80;17885
WDOFUT;30/12/2013;5019,71;5085,82;4989,86;5077,29;676862553,60;13403
WDOFUT;27/12/2013;5068,01;5076,61;5028,21;5031,44;542054632,40;10718
WDOFUT;26/12/2013;5087,37;5093,82;5051,87;5068,01;422375563,90;8335
WDOFUT;23/12/2013;5120,71;5130,39;5078,76;5081,99;480576766,60;9416
WDOFUT;20/12/2013;5091,67;5149,75;5091,67;5137,92;1038482208,00;20246
WDOFUT;19/12/2013;5065,86;5091,67;5050,80;5079,84;847414779,10;16710
WDOFUT;18/12/2013;5007,78;5095,97;4994,87;5031,44;1230051716,00;24430
WDOFUT;17/12/2013;5035,74;5035,74;4994,87;5004,55;700410326,50;13982
WDOFUT;16/12/2013;5036,82;5041,12;4986,27;5021,76;717363878,90;14297
WDOFUT;13/12/2013;5048,65;5055,10;5027,14;5030,36;546299627,10;10837
WDOFUT;12/12/2013;5055,10;5078,76;5023,91;5045,42;999941166,60;19792
WDOFUT;11/12/2013;4999,17;5064,78;4989,49;5060,48;914702172,00;18159
WDOFUT;10/12/2013;5008,85;5009,93;4981,96;4984,12;669257832,50;13407
WDOFUT;09/12/2013;5036,82;5040,04;5005,63;5005,63;559290506,90;11141
WDOFUT;06/12/2013;5100,27;5136,84;5026,06;5041,12;1219888058,00;24045
WDOFUT;05/12/2013;5175,56;5184,17;5091,67;5094,90;1089524924,00;21259
WDOFUT;04/12/2013;5141,15;5176,64;5114,26;5170,19;1086336392,00;21108
WDOFUT;03/12/2013;5119,63;5151,90;5088,44;5130,39;892566032,60;17443
WDOFUT;02/12/2013;5080,91;5108,88;5054,03;5099,20;879543628,30;17121
WDOFUT;29/11/2013;5041,12;5071,23;5006,70;5063,71;509219026,20;10092
WDOFUT;28/11/2013;5053,16;5079,15;5015,25;5022,84;571068541,90;11338
WDOFUT;27/11/2013;4988,18;5053,16;4970,85;5052,08;791738817,00;15812
WDOFUT;26/11/2013;4974,10;5003,34;4965,44;4975,18;904427788,40;18138
WDOFUT;25/11/2013;4948,11;4981,68;4943,78;4970,85;625207815,70;12594
WDOFUT;22/11/2013;5018,50;5028,25;4942,69;4948,11;854650377,90;17190
WDOFUT;21/11/2013;4979,52;5029,33;4968,69;5003,34;897802368,00;17929
WDOFUT;19/11/2013;4932,95;4951,36;4890,71;4932,95;918664157,60;18662
WDOFUT;18/11/2013;5007,67;5007,67;4916,70;4921,04;777095325,20;15699
WDOFUT;14/11/2013;5076,98;5084,56;5029,33;5029,33;758460498,90;15001
WDOFUT;13/11/2013;5071,57;5084,56;5045,58;5073,73;629699072,70;12443
WDOFUT;12/11/2013;5091,06;5108,39;5054,24;5076,98;835470371,60;16453
WDOFUT;11/11/2013;5029,33;5099,73;5014,17;5076,98;568411052,80;11232
WDOFUT;08/11/2013;5020,67;5102,98;4994,68;5036,91;1119878376,00;22163
WDOFUT;07/11/2013;4986,01;5032,58;4944,86;5018,50;921114625,40;18453
WDOFUT;06/11/2013;4973,02;5004,42;4942,69;4981,68;875433197,10;17609
WDOFUT;05/11/2013;4906,96;4999,01;4899,38;4982,76;959843434,10;19504
WDOFUT;04/11/2013;4905,87;4911,29;4876,63;4897,21;394292245,90;8063
WDOFUT;01/11/2013;4885,30;4930,78;4877,72;4921,04;675266994,40;13760
WDOFUT;31/10/2013;4771,58;4887,46;4771,58;4883,13;834123119,00;17250
WDOFUT;30/10/2013;4766,05;4796,60;4762,78;4782,41;612542072,80;12819
WDOFUT;29/10/2013;4770,42;4772,60;4749,69;4771,51;386767732,20;8122
WDOFUT;28/10/2013;4775,87;4781,32;4758,42;4762,78;380454039,30;7976
WDOFUT;25/10/2013;4792,23;4792,23;4762,78;4778,05;397829640,70;8327
WDOFUT;24/10/2013;4793,32;4828,23;4793,32;4816,23;781274696,50;16238
WDOFUT;23/10/2013;4778,05;4791,14;4762,78;4788,96;446145239,90;9343
WDOFUT;22/10/2013;4774,78;4792,23;4734,42;4748,60;589270999,90;12379
WDOFUT;21/10/2013;4747,51;4773,69;4739,87;4764,96;575819182,20;12101
WDOFUT;18/10/2013;4708,23;4768,23;4698,42;4762,78;478656300,20;10096
WDOFUT;17/10/2013;4743,14;4755,14;4708,23;4713,69;478050633,10;10099
WDOFUT;16/10/2013;4758,42;4778,05;4720,23;4775,87;706058669,00;14880
WDOFUT;15/10/2013;4778,05;4795,51;4767,14;4772,60;463568796,30;9695
WDOFUT;14/10/2013;4764,96;4809,69;4744,23;4784,60;542692036,90;11360
WDOFUT;11/10/2013;4764,96;4794,41;4762,78;4767,14;419125894,90;8771
WDOFUT;10/10/2013;4826,05;4827,14;4756,23;4776,96;678744470,30;14172
WDOFUT;09/10/2013;4840,23;4857,69;4826,05;4841,32;461382641,50;9534
WDOFUT;08/10/2013;4826,05;4857,69;4817,32;4851,14;412153638,20;8526
WDOFUT;07/10/2013;4858,78;4876,23;4831,50;4846,78;454066430,60;9364
WDOFUT;04/10/2013;4824,96;4860,96;4824,96;4860,96;481437682,30;9937
WDOFUT;03/10/2013;4821,69;4863,14;4821,69;4847,87;734944039,40;15168
WDOFUT;02/10/2013;4876,23;4887,14;4815,14;4815,14;697800047,50;14392
WDOFUT;01/10/2013;4863,14;4901,32;4828,23;4872,96;717404489,80;14728
WDOFUT;30/09/2013;4974,41;4982,05;4858,78;4874,05;785475672,50;16040
WDOFUT;27/09/2013;4963,58;4981,17;4941,60;4952,59;710968547,10;14327
WDOFUT;26/09/2013;4908,63;4947,10;4873,46;4940,50;635824088,30;12945
WDOFUT;25/09/2013;4847,08;4917,42;4847,08;4907,53;722106801,00;14763
WDOFUT;24/09/2013;4851,47;4874,56;4817,40;4840,48;670507641,00;13833
WDOFUT;23/09/2013;4871,26;4876,75;4833,89;4840,48;556162208,50;11460
WDOFUT;20/09/2013;4866,86;4894,34;4829,49;4866,86;782055419,70;16081
WDOFUT;19/09/2013;4809,71;4884,45;4805,31;4851,47;830168585,90;17107
WDOFUT;18/09/2013;4975,67;4976,77;4815,20;4818,50;990423995,60;20226
WDOFUT;17/09/2013;5035,03;5039,42;4969,08;4974,57;572838000,80;11485
WDOFUT;16/09/2013;4975,67;5042,72;4959,19;5042,72;663634419,50;13269
WDOFUT;13/09/2013;5030,63;5044,92;5006,45;5028,43;463781751,70;9224
WDOFUT;12/09/2013;5033,93;5051,51;5008,65;5016,34;586833458,30;11671
WDOFUT;11/09/2013;5037,22;5092,18;5002,05;5030,63;676062006,90;13395
WDOFUT;10/09/2013;5014,14;5065,80;4995,46;5042,72;583445120,50;11599
WDOFUT;09/09/2013;5082,29;5096,58;5016,34;5028,43;544344363,60;10785
WDOFUT;06/09/2013;5130,65;5130,65;5040,52;5081,19;887370989,10;17464
WDOFUT;05/09/2013;5233,96;5249,35;5115,26;5135,04;1022307927,00;19812
WDOFUT;04/09/2013;5191,10;5228,47;5180,11;5211,98;574574122,80;11037
WDOFUT;03/09/2013;5290,02;5315,30;5203,19;5210,88;743085687,80;14115
WDOFUT;02/09/2013;5253,75;5264,74;5209,78;5263,64;314475449,90;6006
WDOFUT;30/08/2013;5195,50;5302,11;5192,20;5281,23;846523657,80;16106
WDOFUT;29/08/2013;5173,21;5271,66;5169,89;5220,77;610349150,60;11679
WDOFUT;28/08/2013;5286,03;5295,99;5144,45;5195,33;991594518,90;19069
WDOFUT;27/08/2013;5349,08;5357,93;5230,73;5258,38;613388659,20;11583
WDOFUT;26/08/2013;5226,31;5309,26;5205,29;5269,44;647262561,70;12290
WDOFUT;23/08/2013;5326,96;5331,38;5197,55;5200,87;935250335,10;17727
WDOFUT;22/08/2013;5427,61;5445,31;5365,67;5399,96;819593802,20;15144
WDOFUT;21/08/2013;5340,23;5446,42;5324,75;5446,42;738882934,90;13704
WDOFUT;20/08/2013;5331,38;5345,76;5291,57;5309,26;592970441,00;11151
WDOFUT;19/08/2013;5336,91;5386,69;5292,67;5362,36;868547824,30;16259
WDOFUT;16/08/2013;5203,08;5323,64;5203,08;5310,37;718508429,70;13645
WDOFUT;15/08/2013;5146,67;5220,77;5141,14;5189,80;667991216,80;12860
WDOFUT;14/08/2013;5132,29;5169,89;5117,91;5161,05;321603568,40;6255
WDOFUT;13/08/2013;5089,15;5144,45;5088,04;5136,71;391155914,40;7640
WDOFUT;12/08/2013;5057,07;5088,04;5029,42;5085,83;446606140,00;8828
WDOFUT;09/08/2013;5065,92;5074,77;5037,16;5040,48;442371217,80;8755
WDOFUT;08/08/2013;5127,86;5131,18;5059,28;5079,19;761124309,50;14955
WDOFUT;07/08/2013;5131,18;5156,62;5102,42;5156,62;506442436,00;9883
WDOFUT;06/08/2013;5133,39;5133,39;5091,36;5112,38;506442436,00;9814
WDOFUT;05/08/2013;5094,68;5134,50;5089,15;5134,50;255692336,80;4994
WDOFUT;02/08/2013;5140,03;5149,98;5069,24;5090,26;531019974,60;10407
WDOFUT;01/08/2013;5075,88;5134,50;5052,65;5132,29;511502130,00;10023
WDOFUT;31/07/2013;5094,68;5125,65;5065,92;5068,13;733131101,00;14386
WDOFUT;30/07/2013;5061,32;5089,16;5050,18;5086,94;338859141,60;6684
WDOFUT;29/07/2013;5024,56;5061,32;5024,56;5061,32;323783106,10;6417
WDOFUT;26/07/2013;5003,40;5035,70;4997,83;5034,59;409519673,00;8158
WDOFUT;25/07/2013;5018,99;5051,29;4985,58;5005,63;662504175,20;13201
WDOFUT;24/07/2013;4941,02;5036,81;4938,80;5023,45;475773348,50;9522
WDOFUT;23/07/2013;4992,26;5001,17;4935,45;4941,02;414536471,30;8353
WDOFUT;22/07/2013;5015,65;5020,11;4975,55;4987,80;314671618,50;6300
WDOFUT;19/07/2013;4952,16;5022,33;4949,93;5021,22;284682280,40;5703
WDOFUT;18/07/2013;4988,92;5008,97;4954,39;4974,44;298632384,20;5998
WDOFUT;17/07/2013;5045,72;5060,20;4967,76;4984,46;533077233,60;10656
WDOFUT;16/07/2013;4944,36;5049,07;4938,80;5041,27;479382278,20;9582
WDOFUT;15/07/2013;5079,14;5088,05;4958,84;4958,84;422877555,70;8428
WDOFUT;12/07/2013;5068,00;5081,37;5059,09;5076,91;244089680,10;4813
WDOFUT;11/07/2013;5045,72;5083,60;5036,81;5045,72;341090532,70;6733
WDOFUT;10/07/2013;5054,64;5103,64;5054,64;5065,77;361121258,40;7106
WDOFUT;08/07/2013;5040,16;5070,23;5032,36;5068,00;246441065,90;4876
WDOFUT;05/07/2013;5037,93;5083,60;5023,45;5052,41;410985305,70;8113
WDOFUT;04/07/2013;5079,14;5092,51;5033,47;5034,59;285072817,30;5628
WDOFUT;03/07/2013;5068,00;5092,51;5057,98;5092,51;268318404,40;5290
WDOFUT;02/07/2013;5012,31;5054,64;5010,08;5052,41;318374757,30;6326
WDOFUT;01/07/2013;4993,37;5015,65;4969,98;5004,51;328505392,20;6575
WDOFUT;28/06/2013;4938,80;5012,31;4933,23;5012,31;484047357,10;9735
WDOFUT;27/06/2013;4888,39;4931,00;4879,42;4931,00;353266196,00;7206
WDOFUT;26/06/2013;4962,39;4968,00;4902,97;4907,45;418643221,80;8496
WDOFUT;25/06/2013;4969,12;4996,03;4953,42;4972,48;423611219,70;8516
WDOFUT;24/06/2013;5081,24;5091,33;4971,36;4999,39;548958629,70;10906
WDOFUT;21/06/2013;5053,21;5108,15;5018,45;5039,75;829889463,40;16365
WDOFUT;20/06/2013;5034,15;5114,87;4987,06;5065,54;1049889198,00;20729
WDOFUT;19/06/2013;4902,97;5022,94;4869,33;5000,51;715790650,30;14537
WDOFUT;18/06/2013;4899,61;4913,06;4855,88;4908,57;599265758,90;12276
WDOFUT;17/06/2013;4824,49;4895,12;4822,24;4881,67;392100243,50;8074
WDOFUT;14/06/2013;4770,67;4846,91;4769,55;4842,42;374239354,60;7784
WDOFUT;13/06/2013;4816,64;4837,94;4765,06;4769,55;468506247,20;9729
WDOFUT;12/06/2013;4793,09;4857,00;4781,88;4857,00;387657467,50;8036
WDOFUT;11/06/2013;4857,00;4873,82;4791,97;4806,55;534024128,20;11041
WDOFUT;10/06/2013;4814,39;4861,48;4804,30;4835,70;437222020,60;9045
WDOFUT;07/06/2013;4843,55;4850,27;4785,24;4809,91;513348701,90;10659
WDOFUT;06/06/2013;4791,97;4804,30;4766,18;4798,70;490375181,40;10241
WDOFUT;05/06/2013;4724,70;4845,79;4702,28;4794,21;890572600,00;18602
WDOFUT;04/06/2013;4779,64;4848,03;4759,46;4790,85;598996998,20;12474
WDOFUT;03/06/2013;4809,91;4828,97;4788,61;4791,97;448986802,60;9332
WDOFUT;31/05/2013;4783,00;4850,27;4767,30;4827,85;860936793,50;17900
WDOFUT;29/05/2013;4687,19;4776,35;4679,29;4765,06;694557162,20;14673
WDOFUT;28/05/2013;4644,30;4691,70;4638,66;4689,44;457496606,90;9802
WDOFUT;27/05/2013;4623,98;4656,71;4623,98;4651,07;68835569,64;1483
WDOFUT;24/05/2013;4628,50;4646,56;4620,60;4636,40;282929957,60;6106
WDOFUT;23/05/2013;4644,30;4648,81;4618,34;4620,60;366263833,30;7903
WDOFUT;22/05/2013;4622,86;4640,91;4595,77;4636,40;425111360,50;9204
WDOFUT;21/05/2013;4616,08;4630,76;4598,03;4612,70;307777004,00;6671
WDOFUT;20/05/2013;4596,90;4620,60;4590,13;4616,08;222427739,40;4830
WDOFUT;17/05/2013;4598,03;4620,60;4587,87;4607,05;295518886,70;6414
WDOFUT;16/05/2013;4591,25;4612,70;4579,97;4585,61;401850237,80;8751
WDOFUT;15/05/2013;4584,48;4603,67;4565,30;4577,71;301161298,40;6568
WDOFUT;14/05/2013;4548,37;4582,22;4537,08;4582,22;271589718,60;5964
WDOFUT;13/05/2013;4570,94;4578,84;4546,11;4548,37;329117124,80;7215
WDOFUT;10/05/2013;4577,71;4599,15;4566,42;4579,97;275755988,00;6017
WDOFUT;09/05/2013;4544,98;4569,81;4525,79;4567,55;261241102,40;5743
WDOFUT;08/05/2013;4546,11;4549,49;4532,57;4546,11;165332348,90;3642
WDOFUT;07/05/2013;4559,65;4568,68;4539,34;4552,88;178831335,00;3927
WDOFUT;06/05/2013;4565,30;4574,32;4556,27;4557,40;134785037,40;2952
WDOFUT;03/05/2013;4556,27;4568,68;4549,49;4556,27;202217881,90;4437
WDOFUT;02/05/2013;4548,37;4572,07;4537,08;4556,27;259491290,70;5694
WDOFUT;30/04/2013;4547,24;4557,40;4528,05;4539,34;223487824,70;4921
WDOFUT;29/04/2013;4522,26;4555,14;4517,73;4555,14;240242592,40;5291
WDOFUT;26/04/2013;4540,40;4546,07;4527,93;4531,33;203822746,70;4494
WDOFUT;25/04/2013;4555,14;4568,74;4542,67;4551,74;223499286,70;4905
WDOFUT;24/04/2013;4593,68;4599,35;4557,41;4558,54;207606424,60;4529
WDOFUT;23/04/2013;4589,15;4608,42;4569,88;4597,08;287873496,10;6275
WDOFUT;22/04/2013;4555,14;4590,28;4555,14;4589,15;199795599,00;4363
WDOFUT;19/04/2013;4582,35;4582,35;4549,47;4566,47;237624952,70;5207
WDOFUT;18/04/2013;4557,41;4595,95;4557,41;4586,88;273653417,10;5975
WDOFUT;17/04/2013;4523,39;4561,94;4509,79;4540,40;318969363,10;7026
WDOFUT;16/04/2013;4525,66;4548,34;4506,39;4517,73;277103520,20;6119
WDOFUT;15/04/2013;4493,92;4564,21;4483,72;4552,87;338843061,90;7513
WDOFUT;12/04/2013;4496,19;4504,12;4468,98;4480,31;232487929,50;5182
WDOFUT;11/04/2013;4485,98;4496,19;4479,18;4491,65;175620208,50;3913
WDOFUT;10/04/2013;4505,26;4518,86;4489,38;4489,38;191715886,50;4258
WDOFUT;09/04/2013;4527,93;4529,06;4506,39;4510,92;217888542,80;4824
WDOFUT;08/04/2013;4509,79;4538,13;4502,99;4535,87;182155776,90;4026
WDOFUT;05/04/2013;4590,28;4590,28;4516,59;4519,99;335992121,60;7385
WDOFUT;04/04/2013;4605,02;4609,55;4577,81;4590,28;215597449,10;4693
WDOFUT;03/04/2013;4597,08;4617,49;4593,68;4605,02;188650101,90;4094
WDOFUT;02/04/2013;4590,28;4609,55;4590,28;4601,62;170897319,70;3715
WDOFUT;01/04/2013;4603,89;4608,42;4592,55;4598,22;148797351,00;3235
WDOFUT;28/03/2013;4573,28;4608,42;4565,34;4608,42;243469292,00;5305
WDOFUT;27/03/2013;4609,67;4616,50;4565,27;4582,35;321629538,80;7007
WDOFUT;26/03/2013;4581,21;4597,15;4562,99;4597,15;287605089,00;6281
WDOFUT;25/03/2013;4572,10;4598,28;4572,10;4585,76;228722202,50;4987
WDOFUT;22/03/2013;4577,79;4602,84;4569,82;4577,79;297517369,80;6485
WDOFUT;21/03/2013;4541,36;4589,18;4537,95;4577,79;350006090,40;7674
WDOFUT;20/03/2013;4518,59;4541,36;4512,90;4539,08;234183402,80;5169
WDOFUT;19/03/2013;4524,28;4536,81;4514,04;4527,70;229675808,70;5075
WDOFUT;18/03/2013;4536,81;4542,50;4523,15;4540,22;198345858,20;4376
WDOFUT;15/03/2013;4494,68;4527,70;4485,58;4524,28;241599859,00;5358
WDOFUT;14/03/2013;4496,96;4511,76;4485,58;4496,96;239400674,30;5322
WDOFUT;13/03/2013;4488,99;4518,59;4473,05;4501,51;318866822,40;7096
WDOFUT;12/03/2013;4474,19;4487,85;4462,81;4481,02;192970270,90;4311
WDOFUT;11/03/2013;4440,04;4481,02;4435,48;4470,78;178251126,00;3991
WDOFUT;08/03/2013;4467,36;4484,44;4438,90;4442,31;299552705,70;6723
WDOFUT;07/03/2013;4292,04;4501,51;4280,65;4471,91;239472056,50;5345
WDOFUT;06/03/2013;4484,44;4504,93;4484,44;4499,24;148790408,40;3309
WDOFUT;05/03/2013;4501,51;4507,21;4488,99;4491,27;199473491,00;4436
WDOFUT;04/03/2013;4535,67;4540,22;4504,93;4506,07;207235074,70;4580
WDOFUT;01/03/2013;4533,39;4545,92;4525,42;4531,11;197017046,10;4345
WDOFUT;28/02/2013;4506,07;4527,70;4500,38;4519,73;246405835,00;5456
WDOFUT;27/02/2013;4524,33;4538,05;4510,61;4512,90;209244052,70;4624
WDOFUT;26/02/2013;4536,91;4562,06;4516,33;4534,62;303276984,20;6683
WDOFUT;25/02/2013;4507,18;4541,48;4493,46;4539,20;212769854,00;4717
WDOFUT;22/02/2013;4498,04;4518,62;4494,61;4512,90;223894797,20;4967
WDOFUT;21/02/2013;4502,61;4530,05;4496,89;4515,19;267237989,10;5919
WDOFUT;20/02/2013;4478,60;4502,61;4471,74;4494,61;233684393,10;5207
WDOFUT;19/02/2013;4499,18;4499,18;4474,02;4475,17;169069334,60;3771
WDOFUT;18/02/2013;4504,90;4511,76;4488,89;4492,32;64688520,30;1437
WDOFUT;15/02/2013;4483,17;4519,76;4464,88;4504,90;249917785,20;5567
WDOFUT;14/02/2013;4509,47;4512,90;4483,17;4483,17;166103478,20;3694
WDOFUT;13/02/2013;4509,47;4511,76;4501,47;4504,90;80312265,06;1782
WDOFUT;08/02/2013;4475,17;4536,91;4475,17;4520,90;348018054,50;7720
WDOFUT;07/02/2013;4559,78;4559,78;4494,61;4508,33;321196282,10;7101
WDOFUT;06/02/2013;4557,49;4566,64;4551,77;4566,64;153585584,70;3369
WDOFUT;05/02/2013;4572,35;4573,50;4547,20;4550,63;216369643,10;4747
WDOFUT;04/02/2013;4565,49;4581,50;4554,06;4575,79;180405584,80;3949
WDOFUT;01/02/2013;4566,64;4571,21;4541,48;4564,35;231472969,50;5080
WDOFUT;31/01/2013;4557,49;4573,50;4551,77;4571,21;197805367,60;4334
WDOFUT;30/01/2013;4556,31;4593,04;4551,71;4566,64;343604809,70;7519
WDOFUT;29/01/2013;4589,60;4589,60;4554,01;4555,16;298947658,60;6543
WDOFUT;28/01/2013;4664,22;4676,84;4581,56;4582,71;346465685,60;7498
WDOFUT;24/01/2013;4676,84;4681,44;4660,77;4671,10;180291225,90;3861
WDOFUT;23/01/2013;4694,06;4699,80;4677,99;4679,14;160894781,00;3433
WDOFUT;22/01/2013;4691,77;4714,73;4690,62;4694,06;206302741,10;4385
WDOFUT;21/01/2013;4692,92;4699,80;4692,92;4695,21;25455149,92;542
WDOFUT;18/01/2013;4697,51;4706,69;4691,77;4694,06;153923184,60;3274
WDOFUT;17/01/2013;4689,47;4705,54;4688,32;4705,54;150797413,90;3211
WDOFUT;16/01/2013;4690,62;4706,69;4684,88;4697,51;170618505,70;3631
WDOFUT;15/01/2013;4683,73;4695,21;4681,44;4684,88;127455992,90;2718
WDOFUT;14/01/2013;4681,44;4688,32;4676,84;4680,29;129850229,10;2774
WDOFUT;11/01/2013;4676,84;4697,51;4672,25;4676,84;138505190,60;2955
WDOFUT;10/01/2013;4689,47;4697,51;4671,10;4671,10;195256275,60;4168
WDOFUT;09/01/2013;4704,39;4714,73;4691,77;4706,69;187856726,30;3996
WDOFUT;08/01/2013;4675,70;4706,69;4659,62;4706,69;236292707,30;5041
WDOFUT;07/01/2013;4692,92;4696,36;4667,66;4681,44;196174160,70;4193
WDOFUT;04/01/2013;4723,91;4727,35;4686,03;4691,77;146038157,40;3105
WDOFUT;03/01/2013;4722,76;4728,50;4691,77;4722,76;168842246,50;3586
WDOFUT;02/01/2013;4686,03;4721,61;4686,03;4719,32;134831205,20;2862
