timestamp_pc;ativo;data;hora;ultimo;abertura;maximo;minimo;volume;delta;saldo;agressao_compra;agressao_saldo;agressao_venda;vwap
2026-06-07 22:01:03;WINM26;05/06/2026;18:31:23;169520.0;171095.0;171675.0;169075.0;612710154702.0;-214.901;-214.901,00;6.396.178;-214.901;6.611.079;170.350
2026-06-07 22:01:04;WINM26;05/06/2026;18:31:23;169520.0;171095.0;171675.0;169075.0;612710154702.0;-214.901;-214.901,00;6.396.178;-214.901;6.611.079;170.350
2026-06-07 22:01:05;WINM26;05/06/2026;18:31:23;169520.0;171095.0;171675.0;169075.0;612710154702.0;-214.901;-214.901,00;6.396.178;-214.901;6.611.079;170.350
2026-06-07 22:01:06;WINM26;05/06/2026;18:31:23;169520.0;171095.0;171675.0;169075.0;612710154702.0;-214.901;-214.901,00;6.396.178;-214.901;6.611.079;170.350
2026-06-07 22:01:07;WINM26;05/06/2026;18:31:23;169520.0;171095.0;171675.0;169075.0;612710154702.0;-214.901;-214.901,00;6.396.178;-214.901;6.611.079;170.350
2026-06-07 22:01:08;WINM26;05/06/2026;18:31:23;169520.0;171095.0;171675.0;169075.0;612710154702.0;-214.901;-214.901,00;6.396.178;-214.901;6.611.079;170.350
2026-06-07 22:01:09;WINM26;05/06/2026;18:31:23;169520.0;171095.0;171675.0;169075.0;612710154702.0;-214.901;-214.901,00;6.396.178;-214.901;6.611.079;170.350
2026-06-07 22:01:10;WINM26;05/06/2026;18:31:23;169520.0;171095.0;171675.0;169075.0;612710154702.0;-214.901;-214.901,00;6.396.178;-214.901;6.611.079;170.350
2026-06-07 22:01:11;WINM26;05/06/2026;18:31:23;169520.0;171095.0;171675.0;169075.0;612710154702.0;-214.901;-214.901,00;6.396.178;-214.901;6.611.079;170.350
2026-06-07 22:01:12;WINM26;05/06/2026;18:31:23;169520.0;171095.0;171675.0;169075.0;612710154702.0;-214.901;-214.901,00;6.396.178;-214.901;6.611.079;170.350
2026-06-07 22:01:13;WINM26;05/06/2026;18:31:23;169520.0;171095.0;171675.0;169075.0;612710154702.0;-214.901;-214.901,00;6.396.178;-214.901;6.611.079;170.350
2026-06-07 22:01:14;WINM26;05/06/2026;18:31:23;169520.0;171095.0;171675.0;169075.0;612710154702.0;-214.901;-214.901,00;6.396.178;-214.901;6.611.079;170.350
2026-06-07 22:01:15;WINM26;05/06/2026;18:31:23;169520.0;171095.0;171675.0;169075.0;612710154702.0;-214.901;-214.901,00;6.396.178;-214.901;6.611.079;170.350
2026-06-07 22:01:16;WINM26;05/06/2026;18:31:23;169520.0;171095.0;171675.0;169075.0;612710154702.0;-214.901;-214.901,00;6.396.178;-214.901;6.611.079;170.350
2026-06-07 22:01:17;WINM26;05/06/2026;18:31:23;169520.0;171095.0;171675.0;169075.0;612710154702.0;-214.901;-214.901,00;6.396.178;-214.901;6.611.079;170.350
2026-06-07 22:01:18;WINM26;05/06/2026;18:31:23;169520.0;171095.0;171675.0;169075.0;612710154702.0;-214.901;-214.901,00;6.396.178;-214.901;6.611.079;170.350
2026-06-07 22:01:19;WINM26;05/06/2026;18:31:23;169520.0;171095.0;171675.0;169075.0;612710154702.0;-214.901;-214.901,00;6.396.178;-214.901;6.611.079;170.350
2026-06-07 22:01:21;WINM26;05/06/2026;18:31:23;169520.0;171095.0;171675.0;169075.0;612710154702.0;-214.901;-214.901,00;6.396.178;-214.901;6.611.079;170.350
2026-06-07 22:01:22;WINM26;05/06/2026;18:31:23;169520.0;171095.0;171675.0;169075.0;612710154702.0;-214.901;-214.901,00;6.396.178;-214.901;6.611.079;170.350
2026-06-07 22:01:23;WINM26;05/06/2026;18:31:23;169520.0;171095.0;171675.0;169075.0;612710154702.0;-214.901;-214.901,00;6.396.178;-214.901;6.611.079;170.350
2026-06-07 22:01:24;WINM26;05/06/2026;18:31:23;169520.0;171095.0;171675.0;169075.0;612710154702.0;-214.901;-214.901,00;6.396.178;-214.901;6.611.079;170.350
2026-06-07 22:01:25;WINM26;05/06/2026;18:31:23;169520.0;171095.0;171675.0;169075.0;612710154702.0;-214.901;-214.901,00;6.396.178;-214.901;6.611.079;170.350
2026-06-07 22:01:26;WINM26;05/06/2026;18:31:23;169520.0;171095.0;171675.0;169075.0;612710154702.0;-214.901;-214.901,00;6.396.178;-214.901;6.611.079;170.350
2026-06-07 22:01:27;WINM26;05/06/2026;18:31:23;169520.0;171095.0;171675.0;169075.0;612710154702.0;-214.901;-214.901,00;6.396.178;-214.901;6.611.079;170.350
2026-06-07 22:01:28;WINM26;05/06/2026;18:31:23;169520.0;171095.0;171675.0;169075.0;612710154702.0;-214.901;-214.901,00;6.396.178;-214.901;6.611.079;170.350
2026-06-07 22:01:29;WINM26;05/06/2026;18:31:23;169520.0;171095.0;171675.0;169075.0;612710154702.0;-214.901;-214.901,00;6.396.178;-214.901;6.611.079;170.350
2026-06-07 22:01:30;WINM26;05/06/2026;18:31:23;169520.0;171095.0;171675.0;169075.0;612710154702.0;-214.901;-214.901,00;6.396.178;-214.901;6.611.079;170.350
2026-06-07 22:01:31;WINM26;05/06/2026;18:31:23;169520.0;171095.0;171675.0;169075.0;612710154702.0;-214.901;-214.901,00;6.396.178;-214.901;6.611.079;170.350
2026-06-07 22:01:32;WINM26;05/06/2026;18:31:23;169520.0;171095.0;171675.0;169075.0;612710154702.0;-214.901;-214.901,00;6.396.178;-214.901;6.611.079;170.350
2026-06-07 22:01:33;WINM26;05/06/2026;18:31:23;169520.0;171095.0;171675.0;169075.0;612710154702.0;-214.901;-214.901,00;6.396.178;-214.901;6.611.079;170.350
2026-06-07 22:01:34;WINM26;05/06/2026;18:31:23;169520.0;171095.0;171675.0;169075.0;612710154702.0;-214.901;-214.901,00;6.396.178;-214.901;6.611.079;170.350
2026-06-07 22:01:35;WINM26;05/06/2026;18:31:23;169520.0;171095.0;171675.0;169075.0;612710154702.0;-214.901;-214.901,00;6.396.178;-214.901;6.611.079;170.350
2026-06-07 22:01:36;WINM26;05/06/2026;18:31:23;169520.0;171095.0;171675.0;169075.0;612710154702.0;-214.901;-214.901,00;6.396.178;-214.901;6.611.079;170.350
2026-06-07 22:01:37;WINM26;05/06/2026;18:31:23;169520.0;171095.0;171675.0;169075.0;612710154702.0;-214.901;-214.901,00;6.396.178;-214.901;6.611.079;170.350
2026-06-07 22:01:38;WINM26;05/06/2026;18:31:23;169520.0;171095.0;171675.0;169075.0;612710154702.0;-214.901;-214.901,00;6.396.178;-214.901;6.611.079;170.350
2026-06-07 22:01:39;WINM26;05/06/2026;18:31:23;169520.0;171095.0;171675.0;169075.0;612710154702.0;-214.901;-214.901,00;6.396.178;-214.901;6.611.079;170.350
2026-06-07 22:01:40;WINM26;05/06/2026;18:31:23;169520.0;171095.0;171675.0;169075.0;612710154702.0;-214.901;-214.901,00;6.396.178;-214.901;6.611.079;170.350
2026-06-07 22:01:41;WINM26;05/06/2026;18:31:23;169520.0;171095.0;171675.0;169075.0;612710154702.0;-214.901;-214.901,00;6.396.178;-214.901;6.611.079;170.350
2026-06-07 22:01:42;WINM26;05/06/2026;18:31:23;169520.0;171095.0;171675.0;169075.0;612710154702.0;-214.901;-214.901,00;6.396.178;-214.901;6.611.079;170.350
2026-06-07 22:01:43;WINM26;05/06/2026;18:31:23;169520.0;171095.0;171675.0;169075.0;612710154702.0;-214.901;-214.901,00;6.396.178;-214.901;6.611.079;170.350
2026-06-07 22:01:44;WINM26;05/06/2026;18:31:23;169520.0;171095.0;171675.0;169075.0;612710154702.0;-214.901;-214.901,00;6.396.178;-214.901;6.611.079;170.350
2026-06-07 22:01:45;WINM26;05/06/2026;18:31:23;169520.0;171095.0;171675.0;169075.0;612710154702.0;-214.901;-214.901,00;6.396.178;-214.901;6.611.079;170.350
2026-06-07 22:01:46;WINM26;05/06/2026;18:31:23;169520.0;171095.0;171675.0;169075.0;612710154702.0;-214.901;-214.901,00;6.396.178;-214.901;6.611.079;170.350
2026-06-07 22:01:47;WINM26;05/06/2026;18:31:23;169520.0;171095.0;171675.0;169075.0;612710154702.0;-214.901;-214.901,00;6.396.178;-214.901;6.611.079;170.350
2026-06-07 22:01:48;WINM26;05/06/2026;18:31:23;169520.0;171095.0;171675.0;169075.0;612710154702.0;-214.901;-214.901,00;6.396.178;-214.901;6.611.079;170.350
2026-06-07 22:01:49;WINM26;05/06/2026;18:31:23;169520.0;171095.0;171675.0;169075.0;612710154702.0;-214.901;-214.901,00;6.396.178;-214.901;6.611.079;170.350
2026-06-07 22:01:50;WINM26;05/06/2026;18:31:23;169520.0;171095.0;171675.0;169075.0;612710154702.0;-214.901;-214.901,00;6.396.178;-214.901;6.611.079;170.350
2026-06-07 22:01:51;WINM26;05/06/2026;18:31:23;169520.0;171095.0;171675.0;169075.0;612710154702.0;-214.901;-214.901,00;6.396.178;-214.901;6.611.079;170.350
2026-06-07 22:01:52;WINM26;05/06/2026;18:31:23;169520.0;171095.0;171675.0;169075.0;612710154702.0;-214.901;-214.901,00;6.396.178;-214.901;6.611.079;170.350
2026-06-07 22:01:53;WINM26;05/06/2026;18:31:23;169520.0;171095.0;171675.0;169075.0;612710154702.0;-214.901;-214.901,00;6.396.178;-214.901;6.611.079;170.350
2026-06-07 22:01:54;WINM26;05/06/2026;18:31:23;169520.0;171095.0;171675.0;169075.0;612710154702.0;-214.901;-214.901,00;6.396.178;-214.901;6.611.079;170.350
2026-06-07 22:01:55;WINM26;05/06/2026;18:31:23;169520.0;171095.0;171675.0;169075.0;612710154702.0;-214.901;-214.901,00;6.396.178;-214.901;6.611.079;170.350
2026-06-07 22:01:57;WINM26;05/06/2026;18:31:23;169520.0;171095.0;171675.0;169075.0;612710154702.0;-214.901;-214.901,00;6.396.178;-214.901;6.611.079;170.350
2026-06-07 22:01:58;WINM26;05/06/2026;18:31:23;169520.0;171095.0;171675.0;169075.0;612710154702.0;-214.901;-214.901,00;6.396.178;-214.901;6.611.079;170.350
2026-06-07 22:01:59;WINM26;05/06/2026;18:31:23;169520.0;171095.0;171675.0;169075.0;612710154702.0;-214.901;-214.901,00;6.396.178;-214.901;6.611.079;170.350
2026-06-07 22:02:00;WINM26;05/06/2026;18:31:23;169520.0;171095.0;171675.0;169075.0;612710154702.0;-214.901;-214.901,00;6.396.178;-214.901;6.611.079;170.350
2026-06-07 22:02:01;WINM26;05/06/2026;18:31:23;169520.0;171095.0;171675.0;169075.0;612710154702.0;-214.901;-214.901,00;6.396.178;-214.901;6.611.079;170.350
2026-06-07 22:02:02;WINM26;05/06/2026;18:31:23;169520.0;171095.0;171675.0;169075.0;612710154702.0;-214.901;-214.901,00;6.396.178;-214.901;6.611.079;170.350
2026-06-07 22:02:03;WINM26;05/06/2026;18:31:23;169520.0;171095.0;171675.0;169075.0;612710154702.0;-214.901;-214.901,00;6.396.178;-214.901;6.611.079;170.350
2026-06-07 22:02:04;WINM26;05/06/2026;18:31:23;169520.0;171095.0;171675.0;169075.0;612710154702.0;-214.901;-214.901,00;6.396.178;-214.901;6.611.079;170.350
2026-06-07 22:02:05;WINM26;05/06/2026;18:31:23;169520.0;171095.0;171675.0;169075.0;612710154702.0;-214.901;-214.901,00;6.396.178;-214.901;6.611.079;170.350
2026-06-07 22:02:06;WINM26;05/06/2026;18:31:23;169520.0;171095.0;171675.0;169075.0;612710154702.0;-214.901;-214.901,00;6.396.178;-214.901;6.611.079;170.350
2026-06-07 22:02:07;WINM26;05/06/2026;18:31:23;169520.0;171095.0;171675.0;169075.0;612710154702.0;-214.901;-214.901,00;6.396.178;-214.901;6.611.079;170.350
2026-06-07 22:02:08;WINM26;05/06/2026;18:31:23;169520.0;171095.0;171675.0;169075.0;612710154702.0;-214.901;-214.901,00;6.396.178;-214.901;6.611.079;170.350
2026-06-07 22:02:09;WINM26;05/06/2026;18:31:23;169520.0;171095.0;171675.0;169075.0;612710154702.0;-214.901;-214.901,00;6.396.178;-214.901;6.611.079;170.350
2026-06-07 22:02:10;WINM26;05/06/2026;18:31:23;169520.0;171095.0;171675.0;169075.0;612710154702.0;-214.901;-214.901,00;6.396.178;-214.901;6.611.079;170.350
2026-06-07 22:02:11;WINM26;05/06/2026;18:31:23;169520.0;171095.0;171675.0;169075.0;612710154702.0;-214.901;-214.901,00;6.396.178;-214.901;6.611.079;170.350
2026-06-07 22:02:12;WINM26;05/06/2026;18:31:23;169520.0;171095.0;171675.0;169075.0;612710154702.0;-214.901;-214.901,00;6.396.178;-214.901;6.611.079;170.350
2026-06-07 22:02:13;WINM26;05/06/2026;18:31:23;169520.0;171095.0;171675.0;169075.0;612710154702.0;-214.901;-214.901,00;6.396.178;-214.901;6.611.079;170.350
2026-06-07 22:02:14;WINM26;05/06/2026;18:31:23;169520.0;171095.0;171675.0;169075.0;612710154702.0;-214.901;-214.901,00;6.396.178;-214.901;6.611.079;170.350
2026-06-07 22:02:15;WINM26;05/06/2026;18:31:23;169520.0;171095.0;171675.0;169075.0;612710154702.0;-214.901;-214.901,00;6.396.178;-214.901;6.611.079;170.350
2026-06-07 22:02:16;WINM26;05/06/2026;18:31:23;169520.0;171095.0;171675.0;169075.0;612710154702.0;-214.901;-214.901,00;6.396.178;-214.901;6.611.079;170.350
2026-06-07 22:02:17;WINM26;05/06/2026;18:31:23;169520.0;171095.0;171675.0;169075.0;612710154702.0;-214.901;-214.901,00;6.396.178;-214.901;6.611.079;170.350
2026-06-07 22:02:18;WINM26;05/06/2026;18:31:23;169520.0;171095.0;171675.0;169075.0;612710154702.0;-214.901;-214.901,00;6.396.178;-214.901;6.611.079;170.350
2026-06-07 22:02:19;WINM26;05/06/2026;18:31:23;169520.0;171095.0;171675.0;169075.0;612710154702.0;-214.901;-214.901,00;6.396.178;-214.901;6.611.079;170.350
2026-06-07 22:02:20;WINM26;05/06/2026;18:31:23;169520.0;171095.0;171675.0;169075.0;612710154702.0;-214.901;-214.901,00;6.396.178;-214.901;6.611.079;170.350
2026-06-07 22:02:21;WINM26;05/06/2026;18:31:23;169520.0;171095.0;171675.0;169075.0;612710154702.0;-214.901;-214.901,00;6.396.178;-214.901;6.611.079;170.350
2026-06-07 22:02:22;WINM26;05/06/2026;18:31:23;169520.0;171095.0;171675.0;169075.0;612710154702.0;-214.901;-214.901,00;6.396.178;-214.901;6.611.079;170.350
2026-06-07 22:02:23;WINM26;05/06/2026;18:31:23;169520.0;171095.0;171675.0;169075.0;612710154702.0;-214.901;-214.901,00;6.396.178;-214.901;6.611.079;170.350
2026-06-07 22:02:24;WINM26;05/06/2026;18:31:23;169520.0;171095.0;171675.0;169075.0;612710154702.0;-214.901;-214.901,00;6.396.178;-214.901;6.611.079;170.350
2026-06-07 22:02:25;WINM26;05/06/2026;18:31:23;169520.0;171095.0;171675.0;169075.0;612710154702.0;-214.901;-214.901,00;6.396.178;-214.901;6.611.079;170.350
2026-06-07 22:02:26;WINM26;05/06/2026;18:31:23;169520.0;171095.0;171675.0;169075.0;612710154702.0;-214.901;-214.901,00;6.396.178;-214.901;6.611.079;170.350
2026-06-07 22:02:27;WINM26;05/06/2026;18:31:23;169520.0;171095.0;171675.0;169075.0;612710154702.0;-214.901;-214.901,00;6.396.178;-214.901;6.611.079;170.350
2026-06-07 22:02:28;WINM26;05/06/2026;18:31:23;169520.0;171095.0;171675.0;169075.0;612710154702.0;-214.901;-214.901,00;6.396.178;-214.901;6.611.079;170.350
2026-06-07 22:02:29;WINM26;05/06/2026;18:31:23;169520.0;171095.0;171675.0;169075.0;612710154702.0;-214.901;-214.901,00;6.396.178;-214.901;6.611.079;170.350
2026-06-07 22:02:30;WINM26;05/06/2026;18:31:23;169520.0;171095.0;171675.0;169075.0;612710154702.0;-214.901;-214.901,00;6.396.178;-214.901;6.611.079;170.350
2026-06-07 22:02:31;WINM26;05/06/2026;18:31:23;169520.0;171095.0;171675.0;169075.0;612710154702.0;-214.901;-214.901,00;6.396.178;-214.901;6.611.079;170.350
2026-06-07 22:02:33;WINM26;05/06/2026;18:31:23;169520.0;171095.0;171675.0;169075.0;612710154702.0;-214.901;-214.901,00;6.396.178;-214.901;6.611.079;170.350
2026-06-07 22:02:34;WINM26;05/06/2026;18:31:23;169520.0;171095.0;171675.0;169075.0;612710154702.0;-214.901;-214.901,00;6.396.178;-214.901;6.611.079;170.350
2026-06-07 22:02:35;WINM26;05/06/2026;18:31:23;169520.0;171095.0;171675.0;169075.0;612710154702.0;-214.901;-214.901,00;6.396.178;-214.901;6.611.079;170.350
2026-06-07 22:02:36;WINM26;05/06/2026;18:31:23;169520.0;171095.0;171675.0;169075.0;612710154702.0;-214.901;-214.901,00;6.396.178;-214.901;6.611.079;170.350
2026-06-07 22:02:37;WINM26;05/06/2026;18:31:23;169520.0;171095.0;171675.0;169075.0;612710154702.0;-214.901;-214.901,00;6.396.178;-214.901;6.611.079;170.350
2026-06-07 22:02:38;WINM26;05/06/2026;18:31:23;169520.0;171095.0;171675.0;169075.0;612710154702.0;-214.901;-214.901,00;6.396.178;-214.901;6.611.079;170.350
2026-06-07 22:02:39;WINM26;05/06/2026;18:31:23;169520.0;171095.0;171675.0;169075.0;612710154702.0;-214.901;-214.901,00;6.396.178;-214.901;6.611.079;170.350
2026-06-07 22:02:40;WINM26;05/06/2026;18:31:23;169520.0;171095.0;171675.0;169075.0;612710154702.0;-214.901;-214.901,00;6.396.178;-214.901;6.611.079;170.350
2026-06-07 22:02:41;WINM26;05/06/2026;18:31:23;169520.0;171095.0;171675.0;169075.0;612710154702.0;-214.901;-214.901,00;6.396.178;-214.901;6.611.079;170.350
2026-06-07 22:02:42;WINM26;05/06/2026;18:31:23;169520.0;171095.0;171675.0;169075.0;612710154702.0;-214.901;-214.901,00;6.396.178;-214.901;6.611.079;170.350
2026-06-07 22:02:43;WINM26;05/06/2026;18:31:23;169520.0;171095.0;171675.0;169075.0;612710154702.0;-214.901;-214.901,00;6.396.178;-214.901;6.611.079;170.350
2026-06-07 22:02:44;WINM26;05/06/2026;18:31:23;169520.0;171095.0;171675.0;169075.0;612710154702.0;-214.901;-214.901,00;6.396.178;-214.901;6.611.079;170.350
2026-06-07 22:02:45;WINM26;05/06/2026;18:31:23;169520.0;171095.0;171675.0;169075.0;612710154702.0;-214.901;-214.901,00;6.396.178;-214.901;6.611.079;170.350
2026-06-07 22:02:46;WINM26;05/06/2026;18:31:23;169520.0;171095.0;171675.0;169075.0;612710154702.0;-214.901;-214.901,00;6.396.178;-214.901;6.611.079;170.350
2026-06-07 22:02:47;WINM26;05/06/2026;18:31:23;169520.0;171095.0;171675.0;169075.0;612710154702.0;-214.901;-214.901,00;6.396.178;-214.901;6.611.079;170.350
2026-06-07 22:02:48;WINM26;05/06/2026;18:31:23;169520.0;171095.0;171675.0;169075.0;612710154702.0;-214.901;-214.901,00;6.396.178;-214.901;6.611.079;170.350
2026-06-07 22:02:49;WINM26;05/06/2026;18:31:23;169520.0;171095.0;171675.0;169075.0;612710154702.0;-214.901;-214.901,00;6.396.178;-214.901;6.611.079;170.350
2026-06-07 22:02:50;WINM26;05/06/2026;18:31:23;169520.0;171095.0;171675.0;169075.0;612710154702.0;-214.901;-214.901,00;6.396.178;-214.901;6.611.079;170.350
2026-06-07 22:02:51;WINM26;05/06/2026;18:31:23;169520.0;171095.0;171675.0;169075.0;612710154702.0;-214.901;-214.901,00;6.396.178;-214.901;6.611.079;170.350
2026-06-07 22:02:52;WINM26;05/06/2026;18:31:23;169520.0;171095.0;171675.0;169075.0;612710154702.0;-214.901;-214.901,00;6.396.178;-214.901;6.611.079;170.350
2026-06-07 22:02:53;WINM26;05/06/2026;18:31:23;169520.0;171095.0;171675.0;169075.0;612710154702.0;-214.901;-214.901,00;6.396.178;-214.901;6.611.079;170.350
2026-06-07 22:02:54;WINM26;05/06/2026;18:31:23;169520.0;171095.0;171675.0;169075.0;612710154702.0;-214.901;-214.901,00;6.396.178;-214.901;6.611.079;170.350
2026-06-07 22:02:55;WINM26;05/06/2026;18:31:23;169520.0;171095.0;171675.0;169075.0;612710154702.0;-214.901;-214.901,00;6.396.178;-214.901;6.611.079;170.350
2026-06-07 22:02:56;WINM26;05/06/2026;18:31:23;169520.0;171095.0;171675.0;169075.0;612710154702.0;-214.901;-214.901,00;6.396.178;-214.901;6.611.079;170.350
2026-06-07 22:02:57;WINM26;05/06/2026;18:31:23;169520.0;171095.0;171675.0;169075.0;612710154702.0;-214.901;-214.901,00;6.396.178;-214.901;6.611.079;170.350
2026-06-07 22:02:58;WINM26;05/06/2026;18:31:23;169520.0;171095.0;171675.0;169075.0;612710154702.0;-214.901;-214.901,00;6.396.178;-214.901;6.611.079;170.350
2026-06-07 22:02:59;WINM26;05/06/2026;18:31:23;169520.0;171095.0;171675.0;169075.0;612710154702.0;-214.901;-214.901,00;6.396.178;-214.901;6.611.079;170.350
2026-06-07 22:03:00;WINM26;05/06/2026;18:31:23;169520.0;171095.0;171675.0;169075.0;612710154702.0;-214.901;-214.901,00;6.396.178;-214.901;6.611.079;170.350
2026-06-07 22:03:01;WINM26;05/06/2026;18:31:23;169520.0;171095.0;171675.0;169075.0;612710154702.0;-214.901;-214.901,00;6.396.178;-214.901;6.611.079;170.350
2026-06-07 22:03:02;WINM26;05/06/2026;18:31:23;169520.0;171095.0;171675.0;169075.0;612710154702.0;-214.901;-214.901,00;6.396.178;-214.901;6.611.079;170.350
2026-06-07 22:03:03;WINM26;05/06/2026;18:31:23;169520.0;171095.0;171675.0;169075.0;612710154702.0;-214.901;-214.901,00;6.396.178;-214.901;6.611.079;170.350
2026-06-07 22:03:04;WINM26;05/06/2026;18:31:23;169520.0;171095.0;171675.0;169075.0;612710154702.0;-214.901;-214.901,00;6.396.178;-214.901;6.611.079;170.350
2026-06-07 22:03:05;WINM26;05/06/2026;18:31:23;169520.0;171095.0;171675.0;169075.0;612710154702.0;-214.901;-214.901,00;6.396.178;-214.901;6.611.079;170.350
2026-06-07 22:03:06;WINM26;05/06/2026;18:31:23;169520.0;171095.0;171675.0;169075.0;612710154702.0;-214.901;-214.901,00;6.396.178;-214.901;6.611.079;170.350
2026-06-07 22:03:07;WINM26;05/06/2026;18:31:23;169520.0;171095.0;171675.0;169075.0;612710154702.0;-214.901;-214.901,00;6.396.178;-214.901;6.611.079;170.350
2026-06-07 22:03:08;WINM26;05/06/2026;18:31:23;169520.0;171095.0;171675.0;169075.0;612710154702.0;-214.901;-214.901,00;6.396.178;-214.901;6.611.079;170.350
2026-06-07 22:03:09;WINM26;05/06/2026;18:31:23;169520.0;171095.0;171675.0;169075.0;612710154702.0;-214.901;-214.901,00;6.396.178;-214.901;6.611.079;170.350
2026-06-07 22:03:11;WINM26;05/06/2026;18:31:23;169520.0;171095.0;171675.0;169075.0;612710154702.0;-214.901;-214.901,00;6.396.178;-214.901;6.611.079;170.350
2026-06-07 22:03:12;WINM26;05/06/2026;18:31:23;169520.0;171095.0;171675.0;169075.0;612710154702.0;-214.901;-214.901,00;6.396.178;-214.901;6.611.079;170.350
2026-06-07 22:03:13;WINM26;05/06/2026;18:31:23;169520.0;171095.0;171675.0;169075.0;612710154702.0;-214.901;-214.901,00;6.396.178;-214.901;6.611.079;170.350
2026-06-07 22:03:14;WINM26;05/06/2026;18:31:23;169520.0;171095.0;171675.0;169075.0;612710154702.0;-214.901;-214.901,00;6.396.178;-214.901;6.611.079;170.350
2026-06-07 22:03:15;WINM26;05/06/2026;18:31:23;169520.0;171095.0;171675.0;169075.0;612710154702.0;-214.901;-214.901,00;6.396.178;-214.901;6.611.079;170.350
2026-06-07 22:03:16;WINM26;05/06/2026;18:31:23;169520.0;171095.0;171675.0;169075.0;612710154702.0;-214.901;-214.901,00;6.396.178;-214.901;6.611.079;170.350
2026-06-07 22:03:17;WINM26;05/06/2026;18:31:23;169520.0;171095.0;171675.0;169075.0;612710154702.0;-214.901;-214.901,00;6.396.178;-214.901;6.611.079;170.350
2026-06-07 22:03:18;WINM26;05/06/2026;18:31:23;169520.0;171095.0;171675.0;169075.0;612710154702.0;-214.901;-214.901,00;6.396.178;-214.901;6.611.079;170.350
2026-06-07 22:03:19;WINM26;05/06/2026;18:31:23;169520.0;171095.0;171675.0;169075.0;612710154702.0;-214.901;-214.901,00;6.396.178;-214.901;6.611.079;170.350
2026-06-07 22:03:20;WINM26;05/06/2026;18:31:23;169520.0;171095.0;171675.0;169075.0;612710154702.0;-214.901;-214.901,00;6.396.178;-214.901;6.611.079;170.350
2026-06-07 22:03:21;WINM26;05/06/2026;18:31:23;169520.0;171095.0;171675.0;169075.0;612710154702.0;-214.901;-214.901,00;6.396.178;-214.901;6.611.079;170.350
2026-06-07 22:03:22;WINM26;05/06/2026;18:31:23;169520.0;171095.0;171675.0;169075.0;612710154702.0;-214.901;-214.901,00;6.396.178;-214.901;6.611.079;170.350
2026-06-07 22:03:23;WINM26;05/06/2026;18:31:23;169520.0;171095.0;171675.0;169075.0;612710154702.0;-214.901;-214.901,00;6.396.178;-214.901;6.611.079;170.350
2026-06-07 22:03:24;WINM26;05/06/2026;18:31:23;169520.0;171095.0;171675.0;169075.0;612710154702.0;-214.901;-214.901,00;6.396.178;-214.901;6.611.079;170.350
2026-06-07 22:03:25;WINM26;05/06/2026;18:31:23;169520.0;171095.0;171675.0;169075.0;612710154702.0;-214.901;-214.901,00;6.396.178;-214.901;6.611.079;170.350
2026-06-07 22:03:26;WINM26;05/06/2026;18:31:23;169520.0;171095.0;171675.0;169075.0;612710154702.0;-214.901;-214.901,00;6.396.178;-214.901;6.611.079;170.350
2026-06-07 22:03:27;WINM26;05/06/2026;18:31:23;169520.0;171095.0;171675.0;169075.0;612710154702.0;-214.901;-214.901,00;6.396.178;-214.901;6.611.079;170.350
2026-06-07 22:03:28;WINM26;05/06/2026;18:31:23;169520.0;171095.0;171675.0;169075.0;612710154702.0;-214.901;-214.901,00;6.396.178;-214.901;6.611.079;170.350
2026-06-07 22:03:29;WINM26;05/06/2026;18:31:23;169520.0;171095.0;171675.0;169075.0;612710154702.0;-214.901;-214.901,00;6.396.178;-214.901;6.611.079;170.350
2026-06-07 22:03:30;WINM26;05/06/2026;18:31:23;169520.0;171095.0;171675.0;169075.0;612710154702.0;-214.901;-214.901,00;6.396.178;-214.901;6.611.079;170.350
2026-06-07 22:03:31;WINM26;05/06/2026;18:31:23;169520.0;171095.0;171675.0;169075.0;612710154702.0;-214.901;-214.901,00;6.396.178;-214.901;6.611.079;170.350
2026-06-07 22:03:32;WINM26;05/06/2026;18:31:23;169520.0;171095.0;171675.0;169075.0;612710154702.0;-214.901;-214.901,00;6.396.178;-214.901;6.611.079;170.350
2026-06-07 22:03:33;WINM26;05/06/2026;18:31:23;169520.0;171095.0;171675.0;169075.0;612710154702.0;-214.901;-214.901,00;6.396.178;-214.901;6.611.079;170.350
2026-06-07 22:03:34;WINM26;05/06/2026;18:31:23;169520.0;171095.0;171675.0;169075.0;612710154702.0;-214.901;-214.901,00;6.396.178;-214.901;6.611.079;170.350
2026-06-07 22:03:35;WINM26;05/06/2026;18:31:23;169520.0;171095.0;171675.0;169075.0;612710154702.0;-214.901;-214.901,00;6.396.178;-214.901;6.611.079;170.350
2026-06-07 22:03:36;WINM26;05/06/2026;18:31:23;169520.0;171095.0;171675.0;169075.0;612710154702.0;-214.901;-214.901,00;6.396.178;-214.901;6.611.079;170.350
2026-06-07 22:03:37;WINM26;05/06/2026;18:31:23;169520.0;171095.0;171675.0;169075.0;612710154702.0;-214.901;-214.901,00;6.396.178;-214.901;6.611.079;170.350
2026-06-07 22:03:38;WINM26;05/06/2026;18:31:23;169520.0;171095.0;171675.0;169075.0;612710154702.0;-214.901;-214.901,00;6.396.178;-214.901;6.611.079;170.350
2026-06-07 22:03:39;WINM26;05/06/2026;18:31:23;169520.0;171095.0;171675.0;169075.0;612710154702.0;-214.901;-214.901,00;6.396.178;-214.901;6.611.079;170.350
2026-06-07 22:03:40;WINM26;05/06/2026;18:31:23;169520.0;171095.0;171675.0;169075.0;612710154702.0;-214.901;-214.901,00;6.396.178;-214.901;6.611.079;170.350
2026-06-07 22:03:41;WINM26;05/06/2026;18:31:23;169520.0;171095.0;171675.0;169075.0;612710154702.0;-214.901;-214.901,00;6.396.178;-214.901;6.611.079;170.350
2026-06-07 22:03:42;WINM26;05/06/2026;18:31:23;169520.0;171095.0;171675.0;169075.0;612710154702.0;-214.901;-214.901,00;6.396.178;-214.901;6.611.079;170.350
2026-06-07 22:03:43;WINM26;05/06/2026;18:31:23;169520.0;171095.0;171675.0;169075.0;612710154702.0;-214.901;-214.901,00;6.396.178;-214.901;6.611.079;170.350
2026-06-07 22:03:44;WINM26;05/06/2026;18:31:23;169520.0;171095.0;171675.0;169075.0;612710154702.0;-214.901;-214.901,00;6.396.178;-214.901;6.611.079;170.350
2026-06-07 22:03:45;WINM26;05/06/2026;18:31:23;169520.0;171095.0;171675.0;169075.0;612710154702.0;-214.901;-214.901,00;6.396.178;-214.901;6.611.079;170.350
2026-06-07 22:03:46;WINM26;05/06/2026;18:31:23;169520.0;171095.0;171675.0;169075.0;612710154702.0;-214.901;-214.901,00;6.396.178;-214.901;6.611.079;170.350
2026-06-07 22:03:48;WINM26;05/06/2026;18:31:23;169520.0;171095.0;171675.0;169075.0;612710154702.0;-214.901;-214.901,00;6.396.178;-214.901;6.611.079;170.350
2026-06-07 22:03:49;WINM26;05/06/2026;18:31:23;169520.0;171095.0;171675.0;169075.0;612710154702.0;-214.901;-214.901,00;6.396.178;-214.901;6.611.079;170.350
2026-06-07 22:03:50;WINM26;05/06/2026;18:31:23;169520.0;171095.0;171675.0;169075.0;612710154702.0;-214.901;-214.901,00;6.396.178;-214.901;6.611.079;170.350
2026-06-07 22:03:51;WINM26;05/06/2026;18:31:23;169520.0;171095.0;171675.0;169075.0;612710154702.0;-214.901;-214.901,00;6.396.178;-214.901;6.611.079;170.350
2026-06-07 22:03:52;WINM26;05/06/2026;18:31:23;169520.0;171095.0;171675.0;169075.0;612710154702.0;-214.901;-214.901,00;6.396.178;-214.901;6.611.079;170.350
2026-06-07 22:03:53;WINM26;05/06/2026;18:31:23;169520.0;171095.0;171675.0;169075.0;612710154702.0;-214.901;-214.901,00;6.396.178;-214.901;6.611.079;170.350
2026-06-07 22:03:54;WINM26;05/06/2026;18:31:23;169520.0;171095.0;171675.0;169075.0;612710154702.0;-214.901;-214.901,00;6.396.178;-214.901;6.611.079;170.350
2026-06-07 22:03:55;WINM26;05/06/2026;18:31:23;169520.0;171095.0;171675.0;169075.0;612710154702.0;-214.901;-214.901,00;6.396.178;-214.901;6.611.079;170.350
2026-06-07 22:03:56;WINM26;05/06/2026;18:31:23;169520.0;171095.0;171675.0;169075.0;612710154702.0;-214.901;-214.901,00;6.396.178;-214.901;6.611.079;170.350
2026-06-07 22:03:57;WINM26;05/06/2026;18:31:23;169520.0;171095.0;171675.0;169075.0;612710154702.0;-214.901;-214.901,00;6.396.178;-214.901;6.611.079;170.350
2026-06-07 22:03:58;WINM26;05/06/2026;18:31:23;169520.0;171095.0;171675.0;169075.0;612710154702.0;-214.901;-214.901,00;6.396.178;-214.901;6.611.079;170.350
2026-06-07 22:03:59;WINM26;05/06/2026;18:31:23;169520.0;171095.0;171675.0;169075.0;612710154702.0;-214.901;-214.901,00;6.396.178;-214.901;6.611.079;170.350
2026-06-07 22:04:00;WINM26;05/06/2026;18:31:23;169520.0;171095.0;171675.0;169075.0;612710154702.0;-214.901;-214.901,00;6.396.178;-214.901;6.611.079;170.350
2026-06-07 22:04:01;WINM26;05/06/2026;18:31:23;169520.0;171095.0;171675.0;169075.0;612710154702.0;-214.901;-214.901,00;6.396.178;-214.901;6.611.079;170.350
2026-06-07 22:04:02;WINM26;05/06/2026;18:31:23;169520.0;171095.0;171675.0;169075.0;612710154702.0;-214.901;-214.901,00;6.396.178;-214.901;6.611.079;170.350
2026-06-07 22:04:03;WINM26;05/06/2026;18:31:23;169520.0;171095.0;171675.0;169075.0;612710154702.0;-214.901;-214.901,00;6.396.178;-214.901;6.611.079;170.350
2026-06-07 22:04:04;WINM26;05/06/2026;18:31:23;169520.0;171095.0;171675.0;169075.0;612710154702.0;-214.901;-214.901,00;6.396.178;-214.901;6.611.079;170.350
2026-06-07 22:04:05;WINM26;05/06/2026;18:31:23;169520.0;171095.0;171675.0;169075.0;612710154702.0;-214.901;-214.901,00;6.396.178;-214.901;6.611.079;170.350
2026-06-07 22:04:06;WINM26;05/06/2026;18:31:23;169520.0;171095.0;171675.0;169075.0;612710154702.0;-214.901;-214.901,00;6.396.178;-214.901;6.611.079;170.350
2026-06-07 22:04:07;WINM26;05/06/2026;18:31:23;169520.0;171095.0;171675.0;169075.0;612710154702.0;-214.901;-214.901,00;6.396.178;-214.901;6.611.079;170.350
2026-06-07 22:04:08;WINM26;05/06/2026;18:31:23;169520.0;171095.0;171675.0;169075.0;612710154702.0;-214.901;-214.901,00;6.396.178;-214.901;6.611.079;170.350
2026-06-07 22:04:09;WINM26;05/06/2026;18:31:23;169520.0;171095.0;171675.0;169075.0;612710154702.0;-214.901;-214.901,00;6.396.178;-214.901;6.611.079;170.350
2026-06-07 22:04:10;WINM26;05/06/2026;18:31:23;169520.0;171095.0;171675.0;169075.0;612710154702.0;-214.901;-214.901,00;6.396.178;-214.901;6.611.079;170.350
2026-06-07 22:04:11;WINM26;05/06/2026;18:31:23;169520.0;171095.0;171675.0;169075.0;612710154702.0;-214.901;-214.901,00;6.396.178;-214.901;6.611.079;170.350
2026-06-07 22:04:12;WINM26;05/06/2026;18:31:23;169520.0;171095.0;171675.0;169075.0;612710154702.0;-214.901;-214.901,00;6.396.178;-214.901;6.611.079;170.350
2026-06-07 22:04:13;WINM26;05/06/2026;18:31:23;169520.0;171095.0;171675.0;169075.0;612710154702.0;-214.901;-214.901,00;6.396.178;-214.901;6.611.079;170.350
2026-06-07 22:04:14;WINM26;05/06/2026;18:31:23;169520.0;171095.0;171675.0;169075.0;612710154702.0;-214.901;-214.901,00;6.396.178;-214.901;6.611.079;170.350
2026-06-07 22:04:15;WINM26;05/06/2026;18:31:23;169520.0;171095.0;171675.0;169075.0;612710154702.0;-214.901;-214.901,00;6.396.178;-214.901;6.611.079;170.350
2026-06-07 22:04:16;WINM26;05/06/2026;18:31:23;169520.0;171095.0;171675.0;169075.0;612710154702.0;-214.901;-214.901,00;6.396.178;-214.901;6.611.079;170.350
2026-06-07 22:04:17;WINM26;05/06/2026;18:31:23;169520.0;171095.0;171675.0;169075.0;612710154702.0;-214.901;-214.901,00;6.396.178;-214.901;6.611.079;170.350
2026-06-07 22:04:18;WINM26;05/06/2026;18:31:23;169520.0;171095.0;171675.0;169075.0;612710154702.0;-214.901;-214.901,00;6.396.178;-214.901;6.611.079;170.350
2026-06-07 22:04:19;WINM26;05/06/2026;18:31:23;169520.0;171095.0;171675.0;169075.0;612710154702.0;-214.901;-214.901,00;6.396.178;-214.901;6.611.079;170.350
2026-06-07 22:04:21;WINM26;05/06/2026;18:31:23;169520.0;171095.0;171675.0;169075.0;612710154702.0;-214.901;-214.901,00;6.396.178;-214.901;6.611.079;170.350
2026-06-07 22:04:22;WINM26;05/06/2026;18:31:23;169520.0;171095.0;171675.0;169075.0;612710154702.0;-214.901;-214.901,00;6.396.178;-214.901;6.611.079;170.350
2026-06-07 22:04:23;WINM26;05/06/2026;18:31:23;169520.0;171095.0;171675.0;169075.0;612710154702.0;-214.901;-214.901,00;6.396.178;-214.901;6.611.079;170.350
2026-06-07 22:04:24;WINM26;05/06/2026;18:31:23;169520.0;171095.0;171675.0;169075.0;612710154702.0;-214.901;-214.901,00;6.396.178;-214.901;6.611.079;170.350
2026-06-07 22:04:25;WINM26;05/06/2026;18:31:23;169520.0;171095.0;171675.0;169075.0;612710154702.0;-214.901;-214.901,00;6.396.178;-214.901;6.611.079;170.350
2026-06-07 22:04:26;WINM26;05/06/2026;18:31:23;169520.0;171095.0;171675.0;169075.0;612710154702.0;-214.901;-214.901,00;6.396.178;-214.901;6.611.079;170.350
2026-06-07 22:04:27;WINM26;05/06/2026;18:31:23;169520.0;171095.0;171675.0;169075.0;612710154702.0;-214.901;-214.901,00;6.396.178;-214.901;6.611.079;170.350
2026-06-07 22:04:28;WINM26;05/06/2026;18:31:23;169520.0;171095.0;171675.0;169075.0;612710154702.0;-214.901;-214.901,00;6.396.178;-214.901;6.611.079;170.350
2026-06-07 22:04:29;WINM26;05/06/2026;18:31:23;169520.0;171095.0;171675.0;169075.0;612710154702.0;-214.901;-214.901,00;6.396.178;-214.901;6.611.079;170.350
2026-06-07 22:04:30;WINM26;05/06/2026;18:31:23;169520.0;171095.0;171675.0;169075.0;612710154702.0;-214.901;-214.901,00;6.396.178;-214.901;6.611.079;170.350
2026-06-07 22:04:31;WINM26;05/06/2026;18:31:23;169520.0;171095.0;171675.0;169075.0;612710154702.0;-214.901;-214.901,00;6.396.178;-214.901;6.611.079;170.350
2026-06-07 22:04:32;WINM26;05/06/2026;18:31:23;169520.0;171095.0;171675.0;169075.0;612710154702.0;-214.901;-214.901,00;6.396.178;-214.901;6.611.079;170.350
2026-06-07 22:04:33;WINM26;05/06/2026;18:31:23;169520.0;171095.0;171675.0;169075.0;612710154702.0;-214.901;-214.901,00;6.396.178;-214.901;6.611.079;170.350
2026-06-07 22:04:34;WINM26;05/06/2026;18:31:23;169520.0;171095.0;171675.0;169075.0;612710154702.0;-214.901;-214.901,00;6.396.178;-214.901;6.611.079;170.350
2026-06-07 22:04:35;WINM26;05/06/2026;18:31:23;169520.0;171095.0;171675.0;169075.0;612710154702.0;-214.901;-214.901,00;6.396.178;-214.901;6.611.079;170.350
2026-06-07 22:04:36;WINM26;05/06/2026;18:31:23;169520.0;171095.0;171675.0;169075.0;612710154702.0;-214.901;-214.901,00;6.396.178;-214.901;6.611.079;170.350
2026-06-07 22:04:37;WINM26;05/06/2026;18:31:23;169520.0;171095.0;171675.0;169075.0;612710154702.0;-214.901;-214.901,00;6.396.178;-214.901;6.611.079;170.350
2026-06-07 22:04:38;WINM26;05/06/2026;18:31:23;169520.0;171095.0;171675.0;169075.0;612710154702.0;-214.901;-214.901,00;6.396.178;-214.901;6.611.079;170.350
2026-06-07 22:04:39;WINM26;05/06/2026;18:31:23;169520.0;171095.0;171675.0;169075.0;612710154702.0;-214.901;-214.901,00;6.396.178;-214.901;6.611.079;170.350
2026-06-07 22:04:40;WINM26;05/06/2026;18:31:23;169520.0;171095.0;171675.0;169075.0;612710154702.0;-214.901;-214.901,00;6.396.178;-214.901;6.611.079;170.350
2026-06-07 22:04:41;WINM26;05/06/2026;18:31:23;169520.0;171095.0;171675.0;169075.0;612710154702.0;-214.901;-214.901,00;6.396.178;-214.901;6.611.079;170.350
2026-06-07 22:04:42;WINM26;05/06/2026;18:31:23;169520.0;171095.0;171675.0;169075.0;612710154702.0;-214.901;-214.901,00;6.396.178;-214.901;6.611.079;170.350
2026-06-07 22:04:43;WINM26;05/06/2026;18:31:23;169520.0;171095.0;171675.0;169075.0;612710154702.0;-214.901;-214.901,00;6.396.178;-214.901;6.611.079;170.350
2026-06-07 22:04:44;WINM26;05/06/2026;18:31:23;169520.0;171095.0;171675.0;169075.0;612710154702.0;-214.901;-214.901,00;6.396.178;-214.901;6.611.079;170.350
2026-06-07 22:04:45;WINM26;05/06/2026;18:31:23;169520.0;171095.0;171675.0;169075.0;612710154702.0;-214.901;-214.901,00;6.396.178;-214.901;6.611.079;170.350
2026-06-07 22:04:46;WINM26;05/06/2026;18:31:23;169520.0;171095.0;171675.0;169075.0;612710154702.0;-214.901;-214.901,00;6.396.178;-214.901;6.611.079;170.350
2026-06-07 22:04:47;WINM26;05/06/2026;18:31:23;169520.0;171095.0;171675.0;169075.0;612710154702.0;-214.901;-214.901,00;6.396.178;-214.901;6.611.079;170.350
2026-06-07 22:04:48;WINM26;05/06/2026;18:31:23;169520.0;171095.0;171675.0;169075.0;612710154702.0;-214.901;-214.901,00;6.396.178;-214.901;6.611.079;170.350
2026-06-07 22:04:49;WINM26;05/06/2026;18:31:23;169520.0;171095.0;171675.0;169075.0;612710154702.0;-214.901;-214.901,00;6.396.178;-214.901;6.611.079;170.350
2026-06-07 22:04:50;WINM26;05/06/2026;18:31:23;169520.0;171095.0;171675.0;169075.0;612710154702.0;-214.901;-214.901,00;6.396.178;-214.901;6.611.079;170.350
2026-06-07 22:04:52;WINM26;05/06/2026;18:31:23;169520.0;171095.0;171675.0;169075.0;612710154702.0;-214.901;-214.901,00;6.396.178;-214.901;6.611.079;170.350
2026-06-07 22:04:53;WINM26;05/06/2026;18:31:23;169520.0;171095.0;171675.0;169075.0;612710154702.0;-214.901;-214.901,00;6.396.178;-214.901;6.611.079;170.350
2026-06-07 22:04:54;WINM26;05/06/2026;18:31:23;169520.0;171095.0;171675.0;169075.0;612710154702.0;-214.901;-214.901,00;6.396.178;-214.901;6.611.079;170.350
2026-06-07 22:04:55;WINM26;05/06/2026;18:31:23;169520.0;171095.0;171675.0;169075.0;612710154702.0;-214.901;-214.901,00;6.396.178;-214.901;6.611.079;170.350
2026-06-07 22:04:56;WINM26;05/06/2026;18:31:23;169520.0;171095.0;171675.0;169075.0;612710154702.0;-214.901;-214.901,00;6.396.178;-214.901;6.611.079;170.350
2026-06-07 22:04:57;WINM26;05/06/2026;18:31:23;169520.0;171095.0;171675.0;169075.0;612710154702.0;-214.901;-214.901,00;6.396.178;-214.901;6.611.079;170.350
2026-06-07 22:04:58;WINM26;05/06/2026;18:31:23;169520.0;171095.0;171675.0;169075.0;612710154702.0;-214.901;-214.901,00;6.396.178;-214.901;6.611.079;170.350
2026-06-07 22:04:59;WINM26;05/06/2026;18:31:23;169520.0;171095.0;171675.0;169075.0;612710154702.0;-214.901;-214.901,00;6.396.178;-214.901;6.611.079;170.350
2026-06-07 22:05:00;WINM26;05/06/2026;18:31:23;169520.0;171095.0;171675.0;169075.0;612710154702.0;-214.901;-214.901,00;6.396.178;-214.901;6.611.079;170.350
2026-06-07 22:05:01;WINM26;05/06/2026;18:31:23;169520.0;171095.0;171675.0;169075.0;612710154702.0;-214.901;-214.901,00;6.396.178;-214.901;6.611.079;170.350
2026-06-07 22:05:02;WINM26;05/06/2026;18:31:23;169520.0;171095.0;171675.0;169075.0;612710154702.0;-214.901;-214.901,00;6.396.178;-214.901;6.611.079;170.350
2026-06-07 22:05:03;WINM26;05/06/2026;18:31:23;169520.0;171095.0;171675.0;169075.0;612710154702.0;-214.901;-214.901,00;6.396.178;-214.901;6.611.079;170.350
2026-06-07 22:05:04;WINM26;05/06/2026;18:31:23;169520.0;171095.0;171675.0;169075.0;612710154702.0;-214.901;-214.901,00;6.396.178;-214.901;6.611.079;170.350
2026-06-07 22:05:05;WINM26;05/06/2026;18:31:23;169520.0;171095.0;171675.0;169075.0;612710154702.0;-214.901;-214.901,00;6.396.178;-214.901;6.611.079;170.350
2026-06-07 22:05:06;WINM26;05/06/2026;18:31:23;169520.0;171095.0;171675.0;169075.0;612710154702.0;-214.901;-214.901,00;6.396.178;-214.901;6.611.079;170.350
2026-06-07 22:05:07;WINM26;05/06/2026;18:31:23;169520.0;171095.0;171675.0;169075.0;612710154702.0;-214.901;-214.901,00;6.396.178;-214.901;6.611.079;170.350
2026-06-07 22:05:08;WINM26;05/06/2026;18:31:23;169520.0;171095.0;171675.0;169075.0;612710154702.0;-214.901;-214.901,00;6.396.178;-214.901;6.611.079;170.350
2026-06-07 22:05:09;WINM26;05/06/2026;18:31:23;169520.0;171095.0;171675.0;169075.0;612710154702.0;-214.901;-214.901,00;6.396.178;-214.901;6.611.079;170.350
2026-06-07 22:05:10;WINM26;05/06/2026;18:31:23;169520.0;171095.0;171675.0;169075.0;612710154702.0;-214.901;-214.901,00;6.396.178;-214.901;6.611.079;170.350
2026-06-07 22:05:11;WINM26;05/06/2026;18:31:23;169520.0;171095.0;171675.0;169075.0;612710154702.0;-214.901;-214.901,00;6.396.178;-214.901;6.611.079;170.350
2026-06-07 22:05:12;WINM26;05/06/2026;18:31:23;169520.0;171095.0;171675.0;169075.0;612710154702.0;-214.901;-214.901,00;6.396.178;-214.901;6.611.079;170.350
2026-06-07 22:05:13;WINM26;05/06/2026;18:31:23;169520.0;171095.0;171675.0;169075.0;612710154702.0;-214.901;-214.901,00;6.396.178;-214.901;6.611.079;170.350
2026-06-07 22:05:14;WINM26;05/06/2026;18:31:23;169520.0;171095.0;171675.0;169075.0;612710154702.0;-214.901;-214.901,00;6.396.178;-214.901;6.611.079;170.350
2026-06-07 22:05:15;WINM26;05/06/2026;18:31:23;169520.0;171095.0;171675.0;169075.0;612710154702.0;-214.901;-214.901,00;6.396.178;-214.901;6.611.079;170.350
2026-06-07 22:05:16;WINM26;05/06/2026;18:31:23;169520.0;171095.0;171675.0;169075.0;612710154702.0;-214.901;-214.901,00;6.396.178;-214.901;6.611.079;170.350
2026-06-07 22:05:17;WINM26;05/06/2026;18:31:23;169520.0;171095.0;171675.0;169075.0;612710154702.0;-214.901;-214.901,00;6.396.178;-214.901;6.611.079;170.350
2026-06-07 22:05:18;WINM26;05/06/2026;18:31:23;169520.0;171095.0;171675.0;169075.0;612710154702.0;-214.901;-214.901,00;6.396.178;-214.901;6.611.079;170.350
2026-06-07 22:05:19;WINM26;05/06/2026;18:31:23;169520.0;171095.0;171675.0;169075.0;612710154702.0;-214.901;-214.901,00;6.396.178;-214.901;6.611.079;170.350
2026-06-07 22:05:20;WINM26;05/06/2026;18:31:23;169520.0;171095.0;171675.0;169075.0;612710154702.0;-214.901;-214.901,00;6.396.178;-214.901;6.611.079;170.350
2026-06-07 22:05:21;WINM26;05/06/2026;18:31:23;169520.0;171095.0;171675.0;169075.0;612710154702.0;-214.901;-214.901,00;6.396.178;-214.901;6.611.079;170.350
2026-06-07 22:05:22;WINM26;05/06/2026;18:31:23;169520.0;171095.0;171675.0;169075.0;612710154702.0;-214.901;-214.901,00;6.396.178;-214.901;6.611.079;170.350
2026-06-07 22:05:24;WINM26;05/06/2026;18:31:23;169520.0;171095.0;171675.0;169075.0;612710154702.0;-214.901;-214.901,00;6.396.178;-214.901;6.611.079;170.350
2026-06-07 22:05:25;WINM26;05/06/2026;18:31:23;169520.0;171095.0;171675.0;169075.0;612710154702.0;-214.901;-214.901,00;6.396.178;-214.901;6.611.079;170.350
2026-06-07 22:05:26;WINM26;05/06/2026;18:31:23;169520.0;171095.0;171675.0;169075.0;612710154702.0;-214.901;-214.901,00;6.396.178;-214.901;6.611.079;170.350
2026-06-07 22:05:27;WINM26;05/06/2026;18:31:23;169520.0;171095.0;171675.0;169075.0;612710154702.0;-214.901;-214.901,00;6.396.178;-214.901;6.611.079;170.350
2026-06-07 22:05:28;WINM26;05/06/2026;18:31:23;169520.0;171095.0;171675.0;169075.0;612710154702.0;-214.901;-214.901,00;6.396.178;-214.901;6.611.079;170.350
2026-06-07 22:05:29;WINM26;05/06/2026;18:31:23;169520.0;171095.0;171675.0;169075.0;612710154702.0;-214.901;-214.901,00;6.396.178;-214.901;6.611.079;170.350
2026-06-07 22:05:30;WINM26;05/06/2026;18:31:23;169520.0;171095.0;171675.0;169075.0;612710154702.0;-214.901;-214.901,00;6.396.178;-214.901;6.611.079;170.350
2026-06-07 22:05:31;WINM26;05/06/2026;18:31:23;169520.0;171095.0;171675.0;169075.0;612710154702.0;-214.901;-214.901,00;6.396.178;-214.901;6.611.079;170.350
2026-06-07 22:05:32;WINM26;05/06/2026;18:31:23;169520.0;171095.0;171675.0;169075.0;612710154702.0;-214.901;-214.901,00;6.396.178;-214.901;6.611.079;170.350
2026-06-07 22:05:33;WINM26;05/06/2026;18:31:23;169520.0;171095.0;171675.0;169075.0;612710154702.0;-214.901;-214.901,00;6.396.178;-214.901;6.611.079;170.350
2026-06-07 22:05:34;WINM26;05/06/2026;18:31:23;169520.0;171095.0;171675.0;169075.0;612710154702.0;-214.901;-214.901,00;6.396.178;-214.901;6.611.079;170.350
2026-06-07 22:05:35;WINM26;05/06/2026;18:31:23;169520.0;171095.0;171675.0;169075.0;612710154702.0;-214.901;-214.901,00;6.396.178;-214.901;6.611.079;170.350
2026-06-07 22:05:36;WINM26;05/06/2026;18:31:23;169520.0;171095.0;171675.0;169075.0;612710154702.0;-214.901;-214.901,00;6.396.178;-214.901;6.611.079;170.350
2026-06-07 22:05:37;WINM26;05/06/2026;18:31:23;169520.0;171095.0;171675.0;169075.0;612710154702.0;-214.901;-214.901,00;6.396.178;-214.901;6.611.079;170.350
2026-06-07 22:05:38;WINM26;05/06/2026;18:31:23;169520.0;171095.0;171675.0;169075.0;612710154702.0;-214.901;-214.901,00;6.396.178;-214.901;6.611.079;170.350
2026-06-07 22:05:39;WINM26;05/06/2026;18:31:23;169520.0;171095.0;171675.0;169075.0;612710154702.0;-214.901;-214.901,00;6.396.178;-214.901;6.611.079;170.350
2026-06-07 22:05:40;WINM26;05/06/2026;18:31:23;169520.0;171095.0;171675.0;169075.0;612710154702.0;-214.901;-214.901,00;6.396.178;-214.901;6.611.079;170.350
2026-06-07 22:05:41;WINM26;05/06/2026;18:31:23;169520.0;171095.0;171675.0;169075.0;612710154702.0;-214.901;-214.901,00;6.396.178;-214.901;6.611.079;170.350
2026-06-07 22:05:42;WINM26;05/06/2026;18:31:23;169520.0;171095.0;171675.0;169075.0;612710154702.0;-214.901;-214.901,00;6.396.178;-214.901;6.611.079;170.350
2026-06-07 22:05:43;WINM26;05/06/2026;18:31:23;169520.0;171095.0;171675.0;169075.0;612710154702.0;-214.901;-214.901,00;6.396.178;-214.901;6.611.079;170.350
2026-06-07 22:05:44;WINM26;05/06/2026;18:31:23;169520.0;171095.0;171675.0;169075.0;612710154702.0;-214.901;-214.901,00;6.396.178;-214.901;6.611.079;170.350
2026-06-07 22:05:45;WINM26;05/06/2026;18:31:23;169520.0;171095.0;171675.0;169075.0;612710154702.0;-214.901;-214.901,00;6.396.178;-214.901;6.611.079;170.350
2026-06-07 22:05:46;WINM26;05/06/2026;18:31:23;169520.0;171095.0;171675.0;169075.0;612710154702.0;-214.901;-214.901,00;6.396.178;-214.901;6.611.079;170.350
2026-06-07 22:05:47;WINM26;05/06/2026;18:31:23;169520.0;171095.0;171675.0;169075.0;612710154702.0;-214.901;-214.901,00;6.396.178;-214.901;6.611.079;170.350
2026-06-07 22:05:48;WINM26;05/06/2026;18:31:23;169520.0;171095.0;171675.0;169075.0;612710154702.0;-214.901;-214.901,00;6.396.178;-214.901;6.611.079;170.350
2026-06-07 22:05:49;WINM26;05/06/2026;18:31:23;169520.0;171095.0;171675.0;169075.0;612710154702.0;-214.901;-214.901,00;6.396.178;-214.901;6.611.079;170.350
2026-06-07 22:05:50;WINM26;05/06/2026;18:31:23;169520.0;171095.0;171675.0;169075.0;612710154702.0;-214.901;-214.901,00;6.396.178;-214.901;6.611.079;170.350
2026-06-07 22:05:51;WINM26;05/06/2026;18:31:23;169520.0;171095.0;171675.0;169075.0;612710154702.0;-214.901;-214.901,00;6.396.178;-214.901;6.611.079;170.350
2026-06-07 22:05:52;WINM26;05/06/2026;18:31:23;169520.0;171095.0;171675.0;169075.0;612710154702.0;-214.901;-214.901,00;6.396.178;-214.901;6.611.079;170.350
2026-06-07 22:05:53;WINM26;05/06/2026;18:31:23;169520.0;171095.0;171675.0;169075.0;612710154702.0;-214.901;-214.901,00;6.396.178;-214.901;6.611.079;170.350
2026-06-07 22:05:54;WINM26;05/06/2026;18:31:23;169520.0;171095.0;171675.0;169075.0;612710154702.0;-214.901;-214.901,00;6.396.178;-214.901;6.611.079;170.350
2026-06-07 22:05:55;WINM26;05/06/2026;18:31:23;169520.0;171095.0;171675.0;169075.0;612710154702.0;-214.901;-214.901,00;6.396.178;-214.901;6.611.079;170.350
2026-06-07 22:05:56;WINM26;05/06/2026;18:31:23;169520.0;171095.0;171675.0;169075.0;612710154702.0;-214.901;-214.901,00;6.396.178;-214.901;6.611.079;170.350
2026-06-07 22:05:57;WINM26;05/06/2026;18:31:23;169520.0;171095.0;171675.0;169075.0;612710154702.0;-214.901;-214.901,00;6.396.178;-214.901;6.611.079;170.350
2026-06-07 22:05:58;WINM26;05/06/2026;18:31:23;169520.0;171095.0;171675.0;169075.0;612710154702.0;-214.901;-214.901,00;6.396.178;-214.901;6.611.079;170.350
2026-06-07 22:05:59;WINM26;05/06/2026;18:31:23;169520.0;171095.0;171675.0;169075.0;612710154702.0;-214.901;-214.901,00;6.396.178;-214.901;6.611.079;170.350
2026-06-07 22:06:00;WINM26;05/06/2026;18:31:23;169520.0;171095.0;171675.0;169075.0;612710154702.0;-214.901;-214.901,00;6.396.178;-214.901;6.611.079;170.350
2026-06-07 22:06:02;WINM26;05/06/2026;18:31:23;169520.0;171095.0;171675.0;169075.0;612710154702.0;-214.901;-214.901,00;6.396.178;-214.901;6.611.079;170.350
2026-06-07 22:06:03;WINM26;05/06/2026;18:31:23;169520.0;171095.0;171675.0;169075.0;612710154702.0;-214.901;-214.901,00;6.396.178;-214.901;6.611.079;170.350
2026-06-07 22:06:04;WINM26;05/06/2026;18:31:23;169520.0;171095.0;171675.0;169075.0;612710154702.0;-214.901;-214.901,00;6.396.178;-214.901;6.611.079;170.350
2026-06-07 22:06:05;WINM26;05/06/2026;18:31:23;169520.0;171095.0;171675.0;169075.0;612710154702.0;-214.901;-214.901,00;6.396.178;-214.901;6.611.079;170.350
2026-06-07 22:06:06;WINM26;05/06/2026;18:31:23;169520.0;171095.0;171675.0;169075.0;612710154702.0;-214.901;-214.901,00;6.396.178;-214.901;6.611.079;170.350
2026-06-07 22:06:07;WINM26;05/06/2026;18:31:23;169520.0;171095.0;171675.0;169075.0;612710154702.0;-214.901;-214.901,00;6.396.178;-214.901;6.611.079;170.350
2026-06-07 22:06:08;WINM26;05/06/2026;18:31:23;169520.0;171095.0;171675.0;169075.0;612710154702.0;-214.901;-214.901,00;6.396.178;-214.901;6.611.079;170.350
2026-06-07 22:06:09;WINM26;05/06/2026;18:31:23;169520.0;171095.0;171675.0;169075.0;612710154702.0;-214.901;-214.901,00;6.396.178;-214.901;6.611.079;170.350
2026-06-07 22:06:10;WINM26;05/06/2026;18:31:23;169520.0;171095.0;171675.0;169075.0;612710154702.0;-214.901;-214.901,00;6.396.178;-214.901;6.611.079;170.350
2026-06-07 22:06:11;WINM26;05/06/2026;18:31:23;169520.0;171095.0;171675.0;169075.0;612710154702.0;-214.901;-214.901,00;6.396.178;-214.901;6.611.079;170.350
2026-06-07 22:06:12;WINM26;05/06/2026;18:31:23;169520.0;171095.0;171675.0;169075.0;612710154702.0;-214.901;-214.901,00;6.396.178;-214.901;6.611.079;170.350
2026-06-07 22:06:13;WINM26;05/06/2026;18:31:23;169520.0;171095.0;171675.0;169075.0;612710154702.0;-214.901;-214.901,00;6.396.178;-214.901;6.611.079;170.350
2026-06-07 22:06:14;WINM26;05/06/2026;18:31:23;169520.0;171095.0;171675.0;169075.0;612710154702.0;-214.901;-214.901,00;6.396.178;-214.901;6.611.079;170.350
2026-06-07 22:06:15;WINM26;05/06/2026;18:31:23;169520.0;171095.0;171675.0;169075.0;612710154702.0;-214.901;-214.901,00;6.396.178;-214.901;6.611.079;170.350
2026-06-07 22:06:16;WINM26;05/06/2026;18:31:23;169520.0;171095.0;171675.0;169075.0;612710154702.0;-214.901;-214.901,00;6.396.178;-214.901;6.611.079;170.350
2026-06-07 22:06:17;WINM26;05/06/2026;18:31:23;169520.0;171095.0;171675.0;169075.0;612710154702.0;-214.901;-214.901,00;6.396.178;-214.901;6.611.079;170.350
2026-06-07 22:06:18;WINM26;05/06/2026;18:31:23;169520.0;171095.0;171675.0;169075.0;612710154702.0;-214.901;-214.901,00;6.396.178;-214.901;6.611.079;170.350
2026-06-07 22:06:19;WINM26;05/06/2026;18:31:23;169520.0;171095.0;171675.0;169075.0;612710154702.0;-214.901;-214.901,00;6.396.178;-214.901;6.611.079;170.350
2026-06-07 22:06:20;WINM26;05/06/2026;18:31:23;169520.0;171095.0;171675.0;169075.0;612710154702.0;-214.901;-214.901,00;6.396.178;-214.901;6.611.079;170.350
2026-06-07 22:06:21;WINM26;05/06/2026;18:31:23;169520.0;171095.0;171675.0;169075.0;612710154702.0;-214.901;-214.901,00;6.396.178;-214.901;6.611.079;170.350
2026-06-07 22:06:22;WINM26;05/06/2026;18:31:23;169520.0;171095.0;171675.0;169075.0;612710154702.0;-214.901;-214.901,00;6.396.178;-214.901;6.611.079;170.350
2026-06-07 22:06:23;WINM26;05/06/2026;18:31:23;169520.0;171095.0;171675.0;169075.0;612710154702.0;-214.901;-214.901,00;6.396.178;-214.901;6.611.079;170.350
2026-06-07 22:06:24;WINM26;05/06/2026;18:31:23;169520.0;171095.0;171675.0;169075.0;612710154702.0;-214.901;-214.901,00;6.396.178;-214.901;6.611.079;170.350
2026-06-07 22:06:25;WINM26;05/06/2026;18:31:23;169520.0;171095.0;171675.0;169075.0;612710154702.0;-214.901;-214.901,00;6.396.178;-214.901;6.611.079;170.350
2026-06-07 22:06:26;WINM26;05/06/2026;18:31:23;169520.0;171095.0;171675.0;169075.0;612710154702.0;-214.901;-214.901,00;6.396.178;-214.901;6.611.079;170.350
2026-06-07 22:06:27;WINM26;05/06/2026;18:31:23;169520.0;171095.0;171675.0;169075.0;612710154702.0;-214.901;-214.901,00;6.396.178;-214.901;6.611.079;170.350
2026-06-07 22:06:28;WINM26;05/06/2026;18:31:23;169520.0;171095.0;171675.0;169075.0;612710154702.0;-214.901;-214.901,00;6.396.178;-214.901;6.611.079;170.350
2026-06-07 22:06:29;WINM26;05/06/2026;18:31:23;169520.0;171095.0;171675.0;169075.0;612710154702.0;-214.901;-214.901,00;6.396.178;-214.901;6.611.079;170.350
2026-06-07 22:06:30;WINM26;05/06/2026;18:31:23;169520.0;171095.0;171675.0;169075.0;612710154702.0;-214.901;-214.901,00;6.396.178;-214.901;6.611.079;170.350
2026-06-07 22:06:31;WINM26;05/06/2026;18:31:23;169520.0;171095.0;171675.0;169075.0;612710154702.0;-214.901;-214.901,00;6.396.178;-214.901;6.611.079;170.350
2026-06-07 22:06:32;WINM26;05/06/2026;18:31:23;169520.0;171095.0;171675.0;169075.0;612710154702.0;-214.901;-214.901,00;6.396.178;-214.901;6.611.079;170.350
2026-06-07 22:06:33;WINM26;05/06/2026;18:31:23;169520.0;171095.0;171675.0;169075.0;612710154702.0;-214.901;-214.901,00;6.396.178;-214.901;6.611.079;170.350
2026-06-07 22:06:34;WINM26;05/06/2026;18:31:23;169520.0;171095.0;171675.0;169075.0;612710154702.0;-214.901;-214.901,00;6.396.178;-214.901;6.611.079;170.350
2026-06-07 22:06:35;WINM26;05/06/2026;18:31:23;169520.0;171095.0;171675.0;169075.0;612710154702.0;-214.901;-214.901,00;6.396.178;-214.901;6.611.079;170.350
2026-06-07 22:06:36;WINM26;05/06/2026;18:31:23;169520.0;171095.0;171675.0;169075.0;612710154702.0;-214.901;-214.901,00;6.396.178;-214.901;6.611.079;170.350
2026-06-07 22:06:37;WINM26;05/06/2026;18:31:23;169520.0;171095.0;171675.0;169075.0;612710154702.0;-214.901;-214.901,00;6.396.178;-214.901;6.611.079;170.350
2026-06-07 22:06:38;WINM26;05/06/2026;18:31:23;169520.0;171095.0;171675.0;169075.0;612710154702.0;-214.901;-214.901,00;6.396.178;-214.901;6.611.079;170.350
2026-06-07 22:06:40;WINM26;05/06/2026;18:31:23;169520.0;171095.0;171675.0;169075.0;612710154702.0;-214.901;-214.901,00;6.396.178;-214.901;6.611.079;170.350
2026-06-07 22:06:41;WINM26;05/06/2026;18:31:23;169520.0;171095.0;171675.0;169075.0;612710154702.0;-214.901;-214.901,00;6.396.178;-214.901;6.611.079;170.350
2026-06-07 22:06:42;WINM26;05/06/2026;18:31:23;169520.0;171095.0;171675.0;169075.0;612710154702.0;-214.901;-214.901,00;6.396.178;-214.901;6.611.079;170.350
2026-06-07 22:06:43;WINM26;05/06/2026;18:31:23;169520.0;171095.0;171675.0;169075.0;612710154702.0;-214.901;-214.901,00;6.396.178;-214.901;6.611.079;170.350
2026-06-07 22:06:44;WINM26;05/06/2026;18:31:23;169520.0;171095.0;171675.0;169075.0;612710154702.0;-214.901;-214.901,00;6.396.178;-214.901;6.611.079;170.350
2026-06-07 22:06:45;WINM26;05/06/2026;18:31:23;169520.0;171095.0;171675.0;169075.0;612710154702.0;-214.901;-214.901,00;6.396.178;-214.901;6.611.079;170.350
2026-06-07 22:06:46;WINM26;05/06/2026;18:31:23;169520.0;171095.0;171675.0;169075.0;612710154702.0;-214.901;-214.901,00;6.396.178;-214.901;6.611.079;170.350
2026-06-07 22:06:47;WINM26;05/06/2026;18:31:23;169520.0;171095.0;171675.0;169075.0;612710154702.0;-214.901;-214.901,00;6.396.178;-214.901;6.611.079;170.350
2026-06-07 22:06:48;WINM26;05/06/2026;18:31:23;169520.0;171095.0;171675.0;169075.0;612710154702.0;-214.901;-214.901,00;6.396.178;-214.901;6.611.079;170.350
2026-06-07 22:06:49;WINM26;05/06/2026;18:31:23;169520.0;171095.0;171675.0;169075.0;612710154702.0;-214.901;-214.901,00;6.396.178;-214.901;6.611.079;170.350
2026-06-07 22:06:50;WINM26;05/06/2026;18:31:23;169520.0;171095.0;171675.0;169075.0;612710154702.0;-214.901;-214.901,00;6.396.178;-214.901;6.611.079;170.350
2026-06-07 22:06:51;WINM26;05/06/2026;18:31:23;169520.0;171095.0;171675.0;169075.0;612710154702.0;-214.901;-214.901,00;6.396.178;-214.901;6.611.079;170.350
2026-06-07 22:06:52;WINM26;05/06/2026;18:31:23;169520.0;171095.0;171675.0;169075.0;612710154702.0;-214.901;-214.901,00;6.396.178;-214.901;6.611.079;170.350
2026-06-07 22:06:53;WINM26;05/06/2026;18:31:23;169520.0;171095.0;171675.0;169075.0;612710154702.0;-214.901;-214.901,00;6.396.178;-214.901;6.611.079;170.350
2026-06-07 22:06:54;WINM26;05/06/2026;18:31:23;169520.0;171095.0;171675.0;169075.0;612710154702.0;-214.901;-214.901,00;6.396.178;-214.901;6.611.079;170.350
2026-06-07 22:06:55;WINM26;05/06/2026;18:31:23;169520.0;171095.0;171675.0;169075.0;612710154702.0;-214.901;-214.901,00;6.396.178;-214.901;6.611.079;170.350
2026-06-07 22:06:56;WINM26;05/06/2026;18:31:23;169520.0;171095.0;171675.0;169075.0;612710154702.0;-214.901;-214.901,00;6.396.178;-214.901;6.611.079;170.350
2026-06-07 22:06:57;WINM26;05/06/2026;18:31:23;169520.0;171095.0;171675.0;169075.0;612710154702.0;-214.901;-214.901,00;6.396.178;-214.901;6.611.079;170.350
2026-06-07 22:06:58;WINM26;05/06/2026;18:31:23;169520.0;171095.0;171675.0;169075.0;612710154702.0;-214.901;-214.901,00;6.396.178;-214.901;6.611.079;170.350
2026-06-07 22:06:59;WINM26;05/06/2026;18:31:23;169520.0;171095.0;171675.0;169075.0;612710154702.0;-214.901;-214.901,00;6.396.178;-214.901;6.611.079;170.350
2026-06-07 22:07:00;WINM26;05/06/2026;18:31:23;169520.0;171095.0;171675.0;169075.0;612710154702.0;-214.901;-214.901,00;6.396.178;-214.901;6.611.079;170.350
2026-06-07 22:07:01;WINM26;05/06/2026;18:31:23;169520.0;171095.0;171675.0;169075.0;612710154702.0;-214.901;-214.901,00;6.396.178;-214.901;6.611.079;170.350
2026-06-07 22:07:02;WINM26;05/06/2026;18:31:23;169520.0;171095.0;171675.0;169075.0;612710154702.0;-214.901;-214.901,00;6.396.178;-214.901;6.611.079;170.350
2026-06-07 22:07:03;WINM26;05/06/2026;18:31:23;169520.0;171095.0;171675.0;169075.0;612710154702.0;-214.901;-214.901,00;6.396.178;-214.901;6.611.079;170.350
2026-06-07 22:07:04;WINM26;05/06/2026;18:31:23;169520.0;171095.0;171675.0;169075.0;612710154702.0;-214.901;-214.901,00;6.396.178;-214.901;6.611.079;170.350
2026-06-07 22:07:05;WINM26;05/06/2026;18:31:23;169520.0;171095.0;171675.0;169075.0;612710154702.0;-214.901;-214.901,00;6.396.178;-214.901;6.611.079;170.350
2026-06-07 22:07:06;WINM26;05/06/2026;18:31:23;169520.0;171095.0;171675.0;169075.0;612710154702.0;-214.901;-214.901,00;6.396.178;-214.901;6.611.079;170.350
2026-06-07 22:07:07;WINM26;05/06/2026;18:31:23;169520.0;171095.0;171675.0;169075.0;612710154702.0;-214.901;-214.901,00;6.396.178;-214.901;6.611.079;170.350
2026-06-07 22:07:08;WINM26;05/06/2026;18:31:23;169520.0;171095.0;171675.0;169075.0;612710154702.0;-214.901;-214.901,00;6.396.178;-214.901;6.611.079;170.350
2026-06-07 22:07:09;WINM26;05/06/2026;18:31:23;169520.0;171095.0;171675.0;169075.0;612710154702.0;-214.901;-214.901,00;6.396.178;-214.901;6.611.079;170.350
2026-06-07 22:07:10;WINM26;05/06/2026;18:31:23;169520.0;171095.0;171675.0;169075.0;612710154702.0;-214.901;-214.901,00;6.396.178;-214.901;6.611.079;170.350
2026-06-07 22:07:11;WINM26;05/06/2026;18:31:23;169520.0;171095.0;171675.0;169075.0;612710154702.0;-214.901;-214.901,00;6.396.178;-214.901;6.611.079;170.350
2026-06-07 22:07:12;WINM26;05/06/2026;18:31:23;169520.0;171095.0;171675.0;169075.0;612710154702.0;-214.901;-214.901,00;6.396.178;-214.901;6.611.079;170.350
2026-06-07 22:07:13;WINM26;05/06/2026;18:31:23;169520.0;171095.0;171675.0;169075.0;612710154702.0;-214.901;-214.901,00;6.396.178;-214.901;6.611.079;170.350
2026-06-07 22:07:14;WINM26;05/06/2026;18:31:23;169520.0;171095.0;171675.0;169075.0;612710154702.0;-214.901;-214.901,00;6.396.178;-214.901;6.611.079;170.350
2026-06-07 22:07:15;WINM26;05/06/2026;18:31:23;169520.0;171095.0;171675.0;169075.0;612710154702.0;-214.901;-214.901,00;6.396.178;-214.901;6.611.079;170.350
2026-06-07 22:07:31;WINM26;05/06/2026;18:31:23;169520.0;171095.0;171675.0;169075.0;612710154702.0;-214.901;-214.901,00;6.396.178;-214.901;6.611.079;170.350
2026-06-07 22:07:32;WINM26;05/06/2026;18:31:23;169520.0;171095.0;171675.0;169075.0;612710154702.0;-214.901;-214.901,00;6.396.178;-214.901;6.611.079;170.350
2026-06-07 22:07:33;WINM26;05/06/2026;18:31:23;169520.0;171095.0;171675.0;169075.0;612710154702.0;-214.901;-214.901,00;6.396.178;-214.901;6.611.079;170.350
2026-06-07 22:07:34;WINM26;05/06/2026;18:31:23;169520.0;171095.0;171675.0;169075.0;612710154702.0;-214.901;-214.901,00;6.396.178;-214.901;6.611.079;170.350
2026-06-07 22:07:35;WINM26;05/06/2026;18:31:23;169520.0;171095.0;171675.0;169075.0;612710154702.0;-214.901;-214.901,00;6.396.178;-214.901;6.611.079;170.350
2026-06-07 22:07:36;WINM26;05/06/2026;18:31:23;169520.0;171095.0;171675.0;169075.0;612710154702.0;-214.901;-214.901,00;6.396.178;-214.901;6.611.079;170.350
2026-06-07 22:07:37;WINM26;05/06/2026;18:31:23;169520.0;171095.0;171675.0;169075.0;612710154702.0;-214.901;-214.901,00;6.396.178;-214.901;6.611.079;170.350
2026-06-07 22:07:38;WINM26;05/06/2026;18:31:23;169520.0;171095.0;171675.0;169075.0;612710154702.0;-214.901;-214.901,00;6.396.178;-214.901;6.611.079;170.350
2026-06-07 22:07:43;WINM26;05/06/2026;18:31:23;169520.0;171095.0;171675.0;169075.0;612710154702.0;-214.901;-214.901,00;6.396.178;-214.901;6.611.079;170.350
2026-06-07 22:07:44;WINM26;05/06/2026;18:31:23;169520.0;171095.0;171675.0;169075.0;612710154702.0;-214.901;-214.901,00;6.396.178;-214.901;6.611.079;170.350
2026-06-07 22:07:45;WINM26;05/06/2026;18:31:23;169520.0;171095.0;171675.0;169075.0;612710154702.0;-214.901;-214.901,00;6.396.178;-214.901;6.611.079;170.350
2026-06-07 22:07:46;WINM26;05/06/2026;18:31:23;169520.0;171095.0;171675.0;169075.0;612710154702.0;-214.901;-214.901,00;6.396.178;-214.901;6.611.079;170.350
2026-06-07 22:07:47;WINM26;05/06/2026;18:31:23;169520.0;171095.0;171675.0;169075.0;612710154702.0;-214.901;-214.901,00;6.396.178;-214.901;6.611.079;170.350
2026-06-07 22:07:48;WINM26;05/06/2026;18:31:23;169520.0;171095.0;171675.0;169075.0;612710154702.0;-214.901;-214.901,00;6.396.178;-214.901;6.611.079;170.350
2026-06-07 22:07:49;WINM26;05/06/2026;18:31:23;169520.0;171095.0;171675.0;169075.0;612710154702.0;-214.901;-214.901,00;6.396.178;-214.901;6.611.079;170.350
2026-06-07 22:08:00;WINM26;05/06/2026;18:31:23;169520.0;171095.0;171675.0;169075.0;612710154702.0;-214.901;-214.901,00;6.396.178;-214.901;6.611.079;170.350
2026-06-07 22:08:01;WINM26;05/06/2026;18:31:23;169520.0;171095.0;171675.0;169075.0;612710154702.0;-214.901;-214.901,00;6.396.178;-214.901;6.611.079;170.350
2026-06-07 22:08:02;WINM26;05/06/2026;18:31:23;169520.0;171095.0;171675.0;169075.0;612710154702.0;-214.901;-214.901,00;6.396.178;-214.901;6.611.079;170.350
2026-06-07 22:08:03;WINM26;05/06/2026;18:31:23;169520.0;171095.0;171675.0;169075.0;612710154702.0;-214.901;-214.901,00;6.396.178;-214.901;6.611.079;170.350
2026-06-07 22:08:04;WINM26;05/06/2026;18:31:23;169520.0;171095.0;171675.0;169075.0;612710154702.0;-214.901;-214.901,00;6.396.178;-214.901;6.611.079;170.350
2026-06-07 22:08:05;WINM26;05/06/2026;18:31:23;169520.0;171095.0;171675.0;169075.0;612710154702.0;-214.901;-214.901,00;6.396.178;-214.901;6.611.079;170.350
2026-06-07 22:08:06;WINM26;05/06/2026;18:31:23;169520.0;171095.0;171675.0;169075.0;612710154702.0;-214.901;-214.901,00;6.396.178;-214.901;6.611.079;170.350
2026-06-07 22:08:07;WINM26;05/06/2026;18:31:23;169520.0;171095.0;171675.0;169075.0;612710154702.0;-214.901;-214.901,00;6.396.178;-214.901;6.611.079;170.350
2026-06-07 22:08:08;WINM26;05/06/2026;18:31:23;169520.0;171095.0;171675.0;169075.0;612710154702.0;-214.901;-214.901,00;6.396.178;-214.901;6.611.079;170.350
2026-06-07 22:08:09;WINM26;05/06/2026;18:31:23;169520.0;171095.0;171675.0;169075.0;612710154702.0;-214.901;-214.901,00;6.396.178;-214.901;6.611.079;170.350
2026-06-07 22:08:10;WINM26;05/06/2026;18:31:23;169520.0;171095.0;171675.0;169075.0;612710154702.0;-214.901;-214.901,00;6.396.178;-214.901;6.611.079;170.350
2026-06-07 22:08:11;WINM26;05/06/2026;18:31:23;169520.0;171095.0;171675.0;169075.0;612710154702.0;-214.901;-214.901,00;6.396.178;-214.901;6.611.079;170.350
2026-06-07 22:08:12;WINM26;05/06/2026;18:31:23;169520.0;171095.0;171675.0;169075.0;612710154702.0;-214.901;-214.901,00;6.396.178;-214.901;6.611.079;170.350
2026-06-07 22:08:13;WINM26;05/06/2026;18:31:23;169520.0;171095.0;171675.0;169075.0;612710154702.0;-214.901;-214.901,00;6.396.178;-214.901;6.611.079;170.350
2026-06-07 22:08:14;WINM26;05/06/2026;18:31:23;169520.0;171095.0;171675.0;169075.0;612710154702.0;-214.901;-214.901,00;6.396.178;-214.901;6.611.079;170.350
2026-06-07 22:08:15;WINM26;05/06/2026;18:31:23;169520.0;171095.0;171675.0;169075.0;612710154702.0;-214.901;-214.901,00;6.396.178;-214.901;6.611.079;170.350
2026-06-07 22:08:16;WINM26;05/06/2026;18:31:23;169520.0;171095.0;171675.0;169075.0;612710154702.0;-214.901;-214.901,00;6.396.178;-214.901;6.611.079;170.350
2026-06-07 22:08:17;WINM26;05/06/2026;18:31:23;169520.0;171095.0;171675.0;169075.0;612710154702.0;-214.901;-214.901,00;6.396.178;-214.901;6.611.079;170.350
2026-06-07 22:08:18;WINM26;05/06/2026;18:31:23;169520.0;171095.0;171675.0;169075.0;612710154702.0;-214.901;-214.901,00;6.396.178;-214.901;6.611.079;170.350
2026-06-07 22:08:19;WINM26;05/06/2026;18:31:23;169520.0;171095.0;171675.0;169075.0;612710154702.0;-214.901;-214.901,00;6.396.178;-214.901;6.611.079;170.350
2026-06-07 22:08:20;WINM26;05/06/2026;18:31:23;169520.0;171095.0;171675.0;169075.0;612710154702.0;-214.901;-214.901,00;6.396.178;-214.901;6.611.079;170.350
2026-06-07 22:08:21;WINM26;05/06/2026;18:31:23;169520.0;171095.0;171675.0;169075.0;612710154702.0;-214.901;-214.901,00;6.396.178;-214.901;6.611.079;170.350
2026-06-07 22:08:22;WINM26;05/06/2026;18:31:23;169520.0;171095.0;171675.0;169075.0;612710154702.0;-214.901;-214.901,00;6.396.178;-214.901;6.611.079;170.350
2026-06-07 22:08:24;WINM26;05/06/2026;18:31:23;169520.0;171095.0;171675.0;169075.0;612710154702.0;-214.901;-214.901,00;6.396.178;-214.901;6.611.079;170.350
2026-06-07 22:08:25;WINM26;05/06/2026;18:31:23;169520.0;171095.0;171675.0;169075.0;612710154702.0;-214.901;-214.901,00;6.396.178;-214.901;6.611.079;170.350
2026-06-07 22:08:26;WINM26;05/06/2026;18:31:23;169520.0;171095.0;171675.0;169075.0;612710154702.0;-214.901;-214.901,00;6.396.178;-214.901;6.611.079;170.350
2026-06-07 22:08:27;WINM26;05/06/2026;18:31:23;169520.0;171095.0;171675.0;169075.0;612710154702.0;-214.901;-214.901,00;6.396.178;-214.901;6.611.079;170.350
2026-06-07 22:08:28;WINM26;05/06/2026;18:31:23;169520.0;171095.0;171675.0;169075.0;612710154702.0;-214.901;-214.901,00;6.396.178;-214.901;6.611.079;170.350
2026-06-07 22:08:29;WINM26;05/06/2026;18:31:23;169520.0;171095.0;171675.0;169075.0;612710154702.0;-214.901;-214.901,00;6.396.178;-214.901;6.611.079;170.350
2026-06-07 22:08:30;WINM26;05/06/2026;18:31:23;169520.0;171095.0;171675.0;169075.0;612710154702.0;-214.901;-214.901,00;6.396.178;-214.901;6.611.079;170.350
2026-06-07 22:08:31;WINM26;05/06/2026;18:31:23;169520.0;171095.0;171675.0;169075.0;612710154702.0;-214.901;-214.901,00;6.396.178;-214.901;6.611.079;170.350
2026-06-07 22:08:32;WINM26;05/06/2026;18:31:23;169520.0;171095.0;171675.0;169075.0;612710154702.0;-214.901;-214.901,00;6.396.178;-214.901;6.611.079;170.350
2026-06-07 22:08:35;WINM26;05/06/2026;18:31:23;169520.0;171095.0;171675.0;169075.0;612710154702.0;-214.901;-214.901,00;6.396.178;-214.901;6.611.079;170.350
2026-06-07 22:08:36;WINM26;05/06/2026;18:31:23;169520.0;171095.0;171675.0;169075.0;612710154702.0;-214.901;-214.901,00;6.396.178;-214.901;6.611.079;170.350
2026-06-07 22:08:37;WINM26;05/06/2026;18:31:23;169520.0;171095.0;171675.0;169075.0;612710154702.0;-214.901;-214.901,00;6.396.178;-214.901;6.611.079;170.350
